experiment_id,game_round,a_init,b_init,a_sent,b_received,b_returned,a_final,b_final
A_OS_US_U_U_ZH_M_MM3_T03,1,10,10,5,15,,5,25
A_OS_US_U_U_ZH_F_MM3_T03,1,10,10,5,15,,5,25
A_OS_US_U_U_US_M_MM3_T03,1,10,10,5,15,,5,25
A_OS_US_U_U_US_F_MM3_T03,1,10,10,5,15,,5,25
A_OS_US_U_U_FR_M_MM3_T03,1,10,10,5,15,,5,25
A_OS_US_U_U_FR_F_MM3_T03,1,10,10,5,15,,5,25
A_OS_US_ZH_M_ZH_M_MM3_T03,1,10,10,5,15,,5,25
A_OS_US_ZH_M_ZH_F_MM3_T03,1,10,10,5,15,,5,25
A_OS_US_ZH_M_US_M_MM3_T03,1,10,10,5,15,,5,25
A_OS_US_ZH_M_US_F_MM3_T03,1,10,10,5,15,,5,25
A_OS_US_ZH_M_FR_M_MM3_T03,1,10,10,5,15,,5,25
A_OS_US_ZH_M_FR_F_MM3_T03,1,10,10,5,15,,5,25
A_OS_US_ZH_F_ZH_M_MM3_T03,1,10,10,5,15,,5,25
A_OS_US_ZH_F_ZH_F_MM3_T03,1,10,10,5,15,,5,25
A_OS_US_ZH_F_US_M_MM3_T03,1,10,10,5,15,,5,25
A_OS_US_ZH_F_US_F_MM3_T03,1,10,10,5,15,,5,25
A_OS_US_ZH_F_FR_M_MM3_T03,1,10,10,5,15,,5,25
A_OS_US_ZH_F_FR_F_MM3_T03,1,10,10,5,15,,5,25
A_OS_US_US_M_ZH_M_MM3_T03,1,10,10,5,15,,5,25
A_OS_US_US_M_ZH_F_MM3_T03,1,10,10,5,15,,5,25
A_OS_US_US_M_US_M_MM3_T03,1,10,10,5,15,,5,25
A_OS_US_US_M_US_F_MM3_T03,1,10,10,5,15,,5,25
A_OS_US_US_M_FR_M_MM3_T03,1,10,10,5,15,,5,25
A_OS_US_US_M_FR_F_MM3_T03,1,10,10,5,15,,5,25
A_OS_US_US_F_ZH_M_MM3_T03,1,10,10,5,15,,5,25
A_OS_US_US_F_ZH_F_MM3_T03,1,10,10,5,15,,5,25
A_OS_US_US_F_US_M_MM3_T03,1,10,10,5,15,,5,25
A_OS_US_US_F_US_F_MM3_T03,1,10,10,5,15,,5,25
A_OS_US_US_F_FR_M_MM3_T03,1,10,10,5,15,,5,25
A_OS_US_US_F_FR_F_MM3_T03,1,10,10,5,15,,5,25
A_OS_US_FR_M_ZH_M_MM3_T03,1,10,10,5,15,,5,25
A_OS_US_FR_M_ZH_F_MM3_T03,1,10,10,5,15,,5,25
A_OS_US_FR_M_US_M_MM3_T03,1,10,10,5,15,,5,25
A_OS_US_FR_M_US_F_MM3_T03,1,10,10,5,15,,5,25
A_OS_US_FR_M_FR_M_MM3_T03,1,10,10,5,15,,5,25
A_OS_US_FR_M_FR_F_MM3_T03,1,10,10,5,15,,5,25
A_OS_US_FR_F_ZH_M_MM3_T03,1,10,10,5,15,,5,25
A_OS_US_FR_F_ZH_F_MM3_T03,1,10,10,5,15,,5,25
A_OS_US_FR_F_US_M_MM3_T03,1,10,10,5,15,,5,25
A_OS_US_FR_F_US_F_MM3_T03,1,10,10,5,15,,5,25
A_OS_US_FR_F_FR_M_MM3_T03,1,10,10,5,15,,5,25
A_OS_US_FR_F_FR_F_MM3_T03,1,10,10,5,15,,5,25
B_OS_US_ZH_M_U_U_MM3_T03,1,10,10,0,0,0,10,10
B_OS_US_ZH_F_U_U_MM3_T03,1,10,10,0,0,0,10,10
B_OS_US_US_M_U_U_MM3_T03,1,10,10,0,0,0,10,10
B_OS_US_US_F_U_U_MM3_T03,1,10,10,0,0,0,10,10
B_OS_US_FR_M_U_U_MM3_T03,1,10,10,0,0,0,10,10
B_OS_US_FR_F_U_U_MM3_T03,1,10,10,0,0,0,10,10
B_OS_US_ZH_M_ZH_M_MM3_T03,1,10,10,0,0,0,10,10
B_OS_US_ZH_F_ZH_M_MM3_T03,1,10,10,0,0,0,10,10
B_OS_US_US_M_ZH_M_MM3_T03,1,10,10,0,0,0,10,10
B_OS_US_US_F_ZH_M_MM3_T03,1,10,10,0,0,0,10,10
B_OS_US_FR_M_ZH_M_MM3_T03,1,10,10,0,0,0,10,10
B_OS_US_FR_F_ZH_M_MM3_T03,1,10,10,0,0,0,10,10
B_OS_US_ZH_M_ZH_F_MM3_T03,1,10,10,0,0,0,10,10
B_OS_US_ZH_F_ZH_F_MM3_T03,1,10,10,0,0,0,10,10
B_OS_US_US_M_ZH_F_MM3_T03,1,10,10,0,0,0,10,10
B_OS_US_US_F_ZH_F_MM3_T03,1,10,10,0,0,0,10,10
B_OS_US_FR_M_ZH_F_MM3_T03,1,10,10,0,0,0,10,10
B_OS_US_FR_F_ZH_F_MM3_T03,1,10,10,0,0,0,10,10
B_OS_US_ZH_M_US_M_MM3_T03,1,10,10,0,0,0,10,10
B_OS_US_ZH_F_US_M_MM3_T03,1,10,10,0,0,0,10,10
B_OS_US_US_M_US_M_MM3_T03,1,10,10,0,0,0,10,10
B_OS_US_US_F_US_M_MM3_T03,1,10,10,0,0,0,10,10
B_OS_US_FR_M_US_M_MM3_T03,1,10,10,0,0,0,10,10
B_OS_US_FR_F_US_M_MM3_T03,1,10,10,0,0,0,10,10
B_OS_US_ZH_M_US_F_MM3_T03,1,10,10,0,0,0,10,10
B_OS_US_ZH_F_US_F_MM3_T03,1,10,10,0,0,0,10,10
B_OS_US_US_M_US_F_MM3_T03,1,10,10,0,0,0,10,10
B_OS_US_US_F_US_F_MM3_T03,1,10,10,0,0,0,10,10
B_OS_US_FR_M_US_F_MM3_T03,1,10,10,0,0,0,10,10
B_OS_US_FR_F_US_F_MM3_T03,1,10,10,0,0,0,10,10
B_OS_US_ZH_M_FR_M_MM3_T03,1,10,10,0,0,0,10,10
B_OS_US_ZH_F_FR_M_MM3_T03,1,10,10,0,0,0,10,10
B_OS_US_US_M_FR_M_MM3_T03,1,10,10,0,0,0,10,10
B_OS_US_US_F_FR_M_MM3_T03,1,10,10,0,0,0,10,10
B_OS_US_FR_M_FR_M_MM3_T03,1,10,10,0,0,0,10,10
B_OS_US_FR_F_FR_M_MM3_T03,1,10,10,0,0,0,10,10
B_OS_US_ZH_M_FR_F_MM3_T03,1,10,10,0,0,0,10,10
B_OS_US_ZH_F_FR_F_MM3_T03,1,10,10,0,0,0,10,10
B_OS_US_US_M_FR_F_MM3_T03,1,10,10,0,0,0,10,10
B_OS_US_US_F_FR_F_MM3_T03,1,10,10,0,0,0,10,10
B_OS_US_FR_M_FR_F_MM3_T03,1,10,10,0,0,0,10,10
B_OS_US_FR_F_FR_F_MM3_T03,1,10,10,0,0,0,10,10
B_OS_US_ZH_M_U_U_MM3_T03,1,10,10,2,6,1,9,15
B_OS_US_ZH_F_U_U_MM3_T03,1,10,10,2,6,1,9,15
B_OS_US_US_M_U_U_MM3_T03,1,10,10,2,6,1,9,15
B_OS_US_US_F_U_U_MM3_T03,1,10,10,2,6,1,9,15
B_OS_US_FR_M_U_U_MM3_T03,1,10,10,2,6,1,9,15
B_OS_US_FR_F_U_U_MM3_T03,1,10,10,2,6,2,10,14
B_OS_US_ZH_M_ZH_M_MM3_T03,1,10,10,2,6,1,9,15
B_OS_US_ZH_F_ZH_M_MM3_T03,1,10,10,2,6,1,9,15
B_OS_US_US_M_ZH_M_MM3_T03,1,10,10,2,6,1,9,15
B_OS_US_US_F_ZH_M_MM3_T03,1,10,10,2,6,1,9,15
B_OS_US_FR_M_ZH_M_MM3_T03,1,10,10,2,6,1,9,15
B_OS_US_FR_F_ZH_M_MM3_T03,1,10,10,2,6,1,9,15
B_OS_US_ZH_M_ZH_F_MM3_T03,1,10,10,2,6,1,9,15
B_OS_US_ZH_F_ZH_F_MM3_T03,1,10,10,2,6,1,9,15
B_OS_US_US_M_ZH_F_MM3_T03,1,10,10,2,6,1,9,15
B_OS_US_US_F_ZH_F_MM3_T03,1,10,10,2,6,1,9,15
B_OS_US_FR_M_ZH_F_MM3_T03,1,10,10,2,6,1,9,15
B_OS_US_FR_F_ZH_F_MM3_T03,1,10,10,2,6,1,9,15
B_OS_US_ZH_M_US_M_MM3_T03,1,10,10,2,6,1,9,15
B_OS_US_ZH_F_US_M_MM3_T03,1,10,10,2,6,2,10,14
B_OS_US_US_M_US_M_MM3_T03,1,10,10,2,6,1,9,15
B_OS_US_US_F_US_M_MM3_T03,1,10,10,2,6,2,10,14
B_OS_US_FR_M_US_M_MM3_T03,1,10,10,2,6,1,9,15
B_OS_US_FR_F_US_M_MM3_T03,1,10,10,2,6,1,9,15
B_OS_US_ZH_M_US_F_MM3_T03,1,10,10,2,6,1,9,15
B_OS_US_ZH_F_US_F_MM3_T03,1,10,10,2,6,1,9,15
B_OS_US_US_M_US_F_MM3_T03,1,10,10,2,6,1,9,15
B_OS_US_US_F_US_F_MM3_T03,1,10,10,2,6,1,9,15
B_OS_US_FR_M_US_F_MM3_T03,1,10,10,2,6,1,9,15
B_OS_US_FR_F_US_F_MM3_T03,1,10,10,2,6,1,9,15
B_OS_US_ZH_M_FR_M_MM3_T03,1,10,10,2,6,1,9,15
B_OS_US_ZH_F_FR_M_MM3_T03,1,10,10,2,6,1,9,15
B_OS_US_US_M_FR_M_MM3_T03,1,10,10,2,6,1,9,15
B_OS_US_US_F_FR_M_MM3_T03,1,10,10,2,6,1,9,15
B_OS_US_FR_M_FR_M_MM3_T03,1,10,10,2,6,1,9,15
B_OS_US_FR_F_FR_M_MM3_T03,1,10,10,2,6,1,9,15
B_OS_US_ZH_M_FR_F_MM3_T03,1,10,10,2,6,1,9,15
B_OS_US_ZH_F_FR_F_MM3_T03,1,10,10,2,6,1,9,15
B_OS_US_US_M_FR_F_MM3_T03,1,10,10,2,6,2,10,14
B_OS_US_US_F_FR_F_MM3_T03,1,10,10,2,6,1,9,15
B_OS_US_FR_M_FR_F_MM3_T03,1,10,10,2,6,2,10,14
B_OS_US_FR_F_FR_F_MM3_T03,1,10,10,2,6,1,9,15
B_OS_US_ZH_M_U_U_MM3_T03,1,10,10,5,15,5,10,20
B_OS_US_ZH_F_U_U_MM3_T03,1,10,10,5,15,5,10,20
B_OS_US_US_M_U_U_MM3_T03,1,10,10,5,15,5,10,20
B_OS_US_US_F_U_U_MM3_T03,1,10,10,5,15,5,10,20
B_OS_US_FR_M_U_U_MM3_T03,1,10,10,5,15,5,10,20
B_OS_US_FR_F_U_U_MM3_T03,1,10,10,5,15,5,10,20
B_OS_US_ZH_M_ZH_M_MM3_T03,1,10,10,5,15,5,10,20
B_OS_US_ZH_F_ZH_M_MM3_T03,1,10,10,5,15,5,10,20
B_OS_US_US_M_ZH_M_MM3_T03,1,10,10,5,15,5,10,20
B_OS_US_US_F_ZH_M_MM3_T03,1,10,10,5,15,5,10,20
B_OS_US_FR_M_ZH_M_MM3_T03,1,10,10,5,15,5,10,20
B_OS_US_FR_F_ZH_M_MM3_T03,1,10,10,5,15,5,10,20
B_OS_US_ZH_M_ZH_F_MM3_T03,1,10,10,5,15,5,10,20
B_OS_US_ZH_F_ZH_F_MM3_T03,1,10,10,5,15,5,10,20
B_OS_US_US_M_ZH_F_MM3_T03,1,10,10,5,15,5,10,20
B_OS_US_US_F_ZH_F_MM3_T03,1,10,10,5,15,5,10,20
B_OS_US_FR_M_ZH_F_MM3_T03,1,10,10,5,15,5,10,20
B_OS_US_FR_F_ZH_F_MM3_T03,1,10,10,5,15,5,10,20
B_OS_US_ZH_M_US_M_MM3_T03,1,10,10,5,15,5,10,20
B_OS_US_ZH_F_US_M_MM3_T03,1,10,10,5,15,5,10,20
B_OS_US_US_M_US_M_MM3_T03,1,10,10,5,15,5,10,20
B_OS_US_US_F_US_M_MM3_T03,1,10,10,5,15,5,10,20
B_OS_US_FR_M_US_M_MM3_T03,1,10,10,5,15,5,10,20
B_OS_US_FR_F_US_M_MM3_T03,1,10,10,5,15,5,10,20
B_OS_US_ZH_M_US_F_MM3_T03,1,10,10,5,15,5,10,20
B_OS_US_ZH_F_US_F_MM3_T03,1,10,10,5,15,5,10,20
B_OS_US_US_M_US_F_MM3_T03,1,10,10,5,15,5,10,20
B_OS_US_US_F_US_F_MM3_T03,1,10,10,5,15,5,10,20
B_OS_US_FR_M_US_F_MM3_T03,1,10,10,5,15,5,10,20
B_OS_US_FR_F_US_F_MM3_T03,1,10,10,5,15,5,10,20
B_OS_US_ZH_M_FR_M_MM3_T03,1,10,10,5,15,5,10,20
B_OS_US_ZH_F_FR_M_MM3_T03,1,10,10,5,15,5,10,20
B_OS_US_US_M_FR_M_MM3_T03,1,10,10,5,15,5,10,20
B_OS_US_US_F_FR_M_MM3_T03,1,10,10,5,15,5,10,20
B_OS_US_FR_M_FR_M_MM3_T03,1,10,10,5,15,5,10,20
B_OS_US_FR_F_FR_M_MM3_T03,1,10,10,5,15,5,10,20
B_OS_US_ZH_M_FR_F_MM3_T03,1,10,10,5,15,5,10,20
B_OS_US_ZH_F_FR_F_MM3_T03,1,10,10,5,15,5,10,20
B_OS_US_US_M_FR_F_MM3_T03,1,10,10,5,15,5,10,20
B_OS_US_US_F_FR_F_MM3_T03,1,10,10,5,15,5,10,20
B_OS_US_FR_M_FR_F_MM3_T03,1,10,10,5,15,5,10,20
B_OS_US_FR_F_FR_F_MM3_T03,1,10,10,5,15,5,10,20
B_OS_US_ZH_M_U_U_MM3_T03,1,10,10,8,24,4,6,30
B_OS_US_ZH_F_U_U_MM3_T03,1,10,10,8,24,4,6,30
B_OS_US_US_M_U_U_MM3_T03,1,10,10,8,24,4,6,30
B_OS_US_US_F_U_U_MM3_T03,1,10,10,8,24,4,6,30
B_OS_US_FR_M_U_U_MM3_T03,1,10,10,8,24,4,6,30
B_OS_US_FR_F_U_U_MM3_T03,1,10,10,8,24,4,6,30
B_OS_US_ZH_M_ZH_M_MM3_T03,1,10,10,8,24,4,6,30
B_OS_US_ZH_F_ZH_M_MM3_T03,1,10,10,8,24,4,6,30
B_OS_US_US_M_ZH_M_MM3_T03,1,10,10,8,24,4,6,30
B_OS_US_US_F_ZH_M_MM3_T03,1,10,10,8,24,4,6,30
B_OS_US_FR_M_ZH_M_MM3_T03,1,10,10,8,24,4,6,30
B_OS_US_FR_F_ZH_M_MM3_T03,1,10,10,8,24,4,6,30
B_OS_US_ZH_M_ZH_F_MM3_T03,1,10,10,8,24,4,6,30
B_OS_US_ZH_F_ZH_F_MM3_T03,1,10,10,8,24,4,6,30
B_OS_US_US_M_ZH_F_MM3_T03,1,10,10,8,24,4,6,30
B_OS_US_US_F_ZH_F_MM3_T03,1,10,10,8,24,4,6,30
B_OS_US_FR_M_ZH_F_MM3_T03,1,10,10,8,24,4,6,30
B_OS_US_FR_F_ZH_F_MM3_T03,1,10,10,8,24,4,6,30
B_OS_US_ZH_M_US_M_MM3_T03,1,10,10,8,24,4,6,30
B_OS_US_ZH_F_US_M_MM3_T03,1,10,10,8,24,4,6,30
B_OS_US_US_M_US_M_MM3_T03,1,10,10,8,24,4,6,30
B_OS_US_US_F_US_M_MM3_T03,1,10,10,8,24,4,6,30
B_OS_US_FR_M_US_M_MM3_T03,1,10,10,8,24,4,6,30
B_OS_US_FR_F_US_M_MM3_T03,1,10,10,8,24,4,6,30
B_OS_US_ZH_M_US_F_MM3_T03,1,10,10,8,24,4,6,30
B_OS_US_ZH_F_US_F_MM3_T03,1,10,10,8,24,4,6,30
B_OS_US_US_M_US_F_MM3_T03,1,10,10,8,24,4,6,30
B_OS_US_US_F_US_F_MM3_T03,1,10,10,8,24,4,6,30
B_OS_US_FR_M_US_F_MM3_T03,1,10,10,8,24,4,6,30
B_OS_US_FR_F_US_F_MM3_T03,1,10,10,8,24,4,6,30
B_OS_US_ZH_M_FR_M_MM3_T03,1,10,10,8,24,4,6,30
B_OS_US_ZH_F_FR_M_MM3_T03,1,10,10,8,24,4,6,30
B_OS_US_US_M_FR_M_MM3_T03,1,10,10,8,24,4,6,30
B_OS_US_US_F_FR_M_MM3_T03,1,10,10,8,24,4,6,30
B_OS_US_FR_M_FR_M_MM3_T03,1,10,10,8,24,4,6,30
B_OS_US_FR_F_FR_M_MM3_T03,1,10,10,8,24,4,6,30
B_OS_US_ZH_M_FR_F_MM3_T03,1,10,10,8,24,4,6,30
B_OS_US_ZH_F_FR_F_MM3_T03,1,10,10,8,24,4,6,30
B_OS_US_US_M_FR_F_MM3_T03,1,10,10,8,24,4,6,30
B_OS_US_US_F_FR_F_MM3_T03,1,10,10,8,24,4,6,30
B_OS_US_FR_M_FR_F_MM3_T03,1,10,10,8,24,4,6,30
B_OS_US_FR_F_FR_F_MM3_T03,1,10,10,8,24,4,6,30
B_OS_US_ZH_M_U_U_MM3_T03,1,10,10,10,30,10,10,30
B_OS_US_ZH_F_U_U_MM3_T03,1,10,10,10,30,15,15,25
B_OS_US_US_M_U_U_MM3_T03,1,10,10,10,30,10,10,30
B_OS_US_US_F_U_U_MM3_T03,1,10,10,10,30,15,15,25
B_OS_US_FR_M_U_U_MM3_T03,1,10,10,10,30,10,10,30
B_OS_US_FR_F_U_U_MM3_T03,1,10,10,10,30,10,10,30
B_OS_US_ZH_M_ZH_M_MM3_T03,1,10,10,10,30,10,10,30
B_OS_US_ZH_F_ZH_M_MM3_T03,1,10,10,10,30,10,10,30
B_OS_US_US_M_ZH_M_MM3_T03,1,10,10,10,30,10,10,30
B_OS_US_US_F_ZH_M_MM3_T03,1,10,10,10,30,10,10,30
B_OS_US_FR_M_ZH_M_MM3_T03,1,10,10,10,30,10,10,30
B_OS_US_FR_F_ZH_M_MM3_T03,1,10,10,10,30,10,10,30
B_OS_US_ZH_M_ZH_F_MM3_T03,1,10,10,10,30,10,10,30
B_OS_US_ZH_F_ZH_F_MM3_T03,1,10,10,10,30,10,10,30
B_OS_US_US_M_ZH_F_MM3_T03,1,10,10,10,30,10,10,30
B_OS_US_US_F_ZH_F_MM3_T03,1,10,10,10,30,10,10,30
B_OS_US_FR_M_ZH_F_MM3_T03,1,10,10,10,30,10,10,30
B_OS_US_FR_F_ZH_F_MM3_T03,1,10,10,10,30,10,10,30
B_OS_US_ZH_M_US_M_MM3_T03,1,10,10,10,30,10,10,30
B_OS_US_ZH_F_US_M_MM3_T03,1,10,10,10,30,10,10,30
B_OS_US_US_M_US_M_MM3_T03,1,10,10,10,30,10,10,30
B_OS_US_US_F_US_M_MM3_T03,1,10,10,10,30,10,10,30
B_OS_US_FR_M_US_M_MM3_T03,1,10,10,10,30,10,10,30
B_OS_US_FR_F_US_M_MM3_T03,1,10,10,10,30,10,10,30
B_OS_US_ZH_M_US_F_MM3_T03,1,10,10,10,30,10,10,30
B_OS_US_ZH_F_US_F_MM3_T03,1,10,10,10,30,10,10,30
B_OS_US_US_M_US_F_MM3_T03,1,10,10,10,30,10,10,30
B_OS_US_US_F_US_F_MM3_T03,1,10,10,10,30,10,10,30
B_OS_US_FR_M_US_F_MM3_T03,1,10,10,10,30,10,10,30
B_OS_US_FR_F_US_F_MM3_T03,1,10,10,10,30,15,15,25
B_OS_US_ZH_M_FR_M_MM3_T03,1,10,10,10,30,10,10,30
B_OS_US_ZH_F_FR_M_MM3_T03,1,10,10,10,30,10,10,30
B_OS_US_US_M_FR_M_MM3_T03,1,10,10,10,30,10,10,30
B_OS_US_US_F_FR_M_MM3_T03,1,10,10,10,30,10,10,30
B_OS_US_FR_M_FR_M_MM3_T03,1,10,10,10,30,10,10,30
B_OS_US_FR_F_FR_M_MM3_T03,1,10,10,10,30,10,10,30
B_OS_US_ZH_M_FR_F_MM3_T03,1,10,10,10,30,10,10,30
B_OS_US_ZH_F_FR_F_MM3_T03,1,10,10,10,30,10,10,30
B_OS_US_US_M_FR_F_MM3_T03,1,10,10,10,30,10,10,30
B_OS_US_US_F_FR_F_MM3_T03,1,10,10,10,30,10,10,30
B_OS_US_FR_M_FR_F_MM3_T03,1,10,10,10,30,10,10,30
B_OS_US_FR_F_FR_F_MM3_T03,1,10,10,10,30,10,10,30
A_OS_US_U_U_ZH_M_MM3_T05,1,10,10,5,15,,5,25
A_OS_US_U_U_ZH_F_MM3_T05,1,10,10,5,15,,5,25
A_OS_US_U_U_US_M_MM3_T05,1,10,10,5,15,,5,25
A_OS_US_U_U_US_F_MM3_T05,1,10,10,5,15,,5,25
A_OS_US_U_U_FR_M_MM3_T05,1,10,10,5,15,,5,25
A_OS_US_U_U_FR_F_MM3_T05,1,10,10,5,15,,5,25
A_OS_US_ZH_M_ZH_M_MM3_T05,1,10,10,5,15,,5,25
A_OS_US_ZH_M_ZH_F_MM3_T05,1,10,10,5,15,,5,25
A_OS_US_ZH_M_US_M_MM3_T05,1,10,10,5,15,,5,25
A_OS_US_ZH_M_US_F_MM3_T05,1,10,10,5,15,,5,25
A_OS_US_ZH_M_FR_M_MM3_T05,1,10,10,5,15,,5,25
A_OS_US_ZH_M_FR_F_MM3_T05,1,10,10,5,15,,5,25
A_OS_US_ZH_F_ZH_M_MM3_T05,1,10,10,5,15,,5,25
A_OS_US_ZH_F_ZH_F_MM3_T05,1,10,10,5,15,,5,25
A_OS_US_ZH_F_US_M_MM3_T05,1,10,10,5,15,,5,25
A_OS_US_ZH_F_US_F_MM3_T05,1,10,10,5,15,,5,25
A_OS_US_ZH_F_FR_M_MM3_T05,1,10,10,5,15,,5,25
A_OS_US_ZH_F_FR_F_MM3_T05,1,10,10,5,15,,5,25
A_OS_US_US_M_ZH_M_MM3_T05,1,10,10,5,15,,5,25
A_OS_US_US_M_ZH_F_MM3_T05,1,10,10,5,15,,5,25
A_OS_US_US_M_US_M_MM3_T05,1,10,10,5,15,,5,25
A_OS_US_US_M_US_F_MM3_T05,1,10,10,5,15,,5,25
A_OS_US_US_M_FR_M_MM3_T05,1,10,10,5,15,,5,25
A_OS_US_US_M_FR_F_MM3_T05,1,10,10,5,15,,5,25
A_OS_US_US_F_ZH_M_MM3_T05,1,10,10,5,15,,5,25
A_OS_US_US_F_ZH_F_MM3_T05,1,10,10,5,15,,5,25
A_OS_US_US_F_US_M_MM3_T05,1,10,10,5,15,,5,25
A_OS_US_US_F_US_F_MM3_T05,1,10,10,5,15,,5,25
A_OS_US_US_F_FR_M_MM3_T05,1,10,10,5,15,,5,25
A_OS_US_US_F_FR_F_MM3_T05,1,10,10,5,15,,5,25
A_OS_US_FR_M_ZH_M_MM3_T05,1,10,10,5,15,,5,25
A_OS_US_FR_M_ZH_F_MM3_T05,1,10,10,5,15,,5,25
A_OS_US_FR_M_US_M_MM3_T05,1,10,10,5,15,,5,25
A_OS_US_FR_M_US_F_MM3_T05,1,10,10,5,15,,5,25
A_OS_US_FR_M_FR_M_MM3_T05,1,10,10,5,15,,5,25
A_OS_US_FR_M_FR_F_MM3_T05,1,10,10,5,15,,5,25
A_OS_US_FR_F_ZH_M_MM3_T05,1,10,10,5,15,,5,25
A_OS_US_FR_F_ZH_F_MM3_T05,1,10,10,5,15,,5,25
A_OS_US_FR_F_US_M_MM3_T05,1,10,10,5,15,,5,25
A_OS_US_FR_F_US_F_MM3_T05,1,10,10,5,15,,5,25
A_OS_US_FR_F_FR_M_MM3_T05,1,10,10,5,15,,5,25
A_OS_US_FR_F_FR_F_MM3_T05,1,10,10,5,15,,5,25
B_OS_US_ZH_M_U_U_MM3_T05,1,10,10,0,0,0,10,10
B_OS_US_ZH_F_U_U_MM3_T05,1,10,10,0,0,0,10,10
B_OS_US_US_M_U_U_MM3_T05,1,10,10,0,0,0,10,10
B_OS_US_US_F_U_U_MM3_T05,1,10,10,0,0,0,10,10
B_OS_US_FR_M_U_U_MM3_T05,1,10,10,0,0,0,10,10
B_OS_US_FR_F_U_U_MM3_T05,1,10,10,0,0,0,10,10
B_OS_US_ZH_M_ZH_M_MM3_T05,1,10,10,0,0,0,10,10
B_OS_US_ZH_F_ZH_M_MM3_T05,1,10,10,0,0,0,10,10
B_OS_US_US_M_ZH_M_MM3_T05,1,10,10,0,0,0,10,10
B_OS_US_US_F_ZH_M_MM3_T05,1,10,10,0,0,0,10,10
B_OS_US_FR_M_ZH_M_MM3_T05,1,10,10,0,0,0,10,10
B_OS_US_FR_F_ZH_M_MM3_T05,1,10,10,0,0,0,10,10
B_OS_US_ZH_M_ZH_F_MM3_T05,1,10,10,0,0,0,10,10
B_OS_US_ZH_F_ZH_F_MM3_T05,1,10,10,0,0,0,10,10
B_OS_US_US_M_ZH_F_MM3_T05,1,10,10,0,0,0,10,10
B_OS_US_US_F_ZH_F_MM3_T05,1,10,10,0,0,0,10,10
B_OS_US_FR_M_ZH_F_MM3_T05,1,10,10,0,0,0,10,10
B_OS_US_FR_F_ZH_F_MM3_T05,1,10,10,0,0,0,10,10
B_OS_US_ZH_M_US_M_MM3_T05,1,10,10,0,0,0,10,10
B_OS_US_ZH_F_US_M_MM3_T05,1,10,10,0,0,0,10,10
B_OS_US_US_M_US_M_MM3_T05,1,10,10,0,0,0,10,10
B_OS_US_US_F_US_M_MM3_T05,1,10,10,0,0,0,10,10
B_OS_US_FR_M_US_M_MM3_T05,1,10,10,0,0,0,10,10
B_OS_US_FR_F_US_M_MM3_T05,1,10,10,0,0,0,10,10
B_OS_US_ZH_M_US_F_MM3_T05,1,10,10,0,0,0,10,10
B_OS_US_ZH_F_US_F_MM3_T05,1,10,10,0,0,0,10,10
B_OS_US_US_M_US_F_MM3_T05,1,10,10,0,0,0,10,10
B_OS_US_US_F_US_F_MM3_T05,1,10,10,0,0,0,10,10
B_OS_US_FR_M_US_F_MM3_T05,1,10,10,0,0,0,10,10
B_OS_US_FR_F_US_F_MM3_T05,1,10,10,0,0,0,10,10
B_OS_US_ZH_M_FR_M_MM3_T05,1,10,10,0,0,0,10,10
B_OS_US_ZH_F_FR_M_MM3_T05,1,10,10,0,0,0,10,10
B_OS_US_US_M_FR_M_MM3_T05,1,10,10,0,0,0,10,10
B_OS_US_US_F_FR_M_MM3_T05,1,10,10,0,0,0,10,10
B_OS_US_FR_M_FR_M_MM3_T05,1,10,10,0,0,0,10,10
B_OS_US_FR_F_FR_M_MM3_T05,1,10,10,0,0,0,10,10
B_OS_US_ZH_M_FR_F_MM3_T05,1,10,10,0,0,0,10,10
B_OS_US_ZH_F_FR_F_MM3_T05,1,10,10,0,0,0,10,10
B_OS_US_US_M_FR_F_MM3_T05,1,10,10,0,0,0,10,10
B_OS_US_US_F_FR_F_MM3_T05,1,10,10,0,0,0,10,10
B_OS_US_FR_M_FR_F_MM3_T05,1,10,10,0,0,0,10,10
B_OS_US_FR_F_FR_F_MM3_T05,1,10,10,0,0,0,10,10
B_OS_US_ZH_M_U_U_MM3_T05,1,10,10,2,6,3,11,13
B_OS_US_ZH_F_U_U_MM3_T05,1,10,10,2,6,2,10,14
B_OS_US_US_M_U_U_MM3_T05,1,10,10,2,6,1,9,15
B_OS_US_US_F_U_U_MM3_T05,1,10,10,2,6,2,10,14
B_OS_US_FR_M_U_U_MM3_T05,1,10,10,2,6,1,9,15
B_OS_US_FR_F_U_U_MM3_T05,1,10,10,2,6,1,9,15
B_OS_US_ZH_M_ZH_M_MM3_T05,1,10,10,2,6,1,9,15
B_OS_US_ZH_F_ZH_M_MM3_T05,1,10,10,2,6,2,10,14
B_OS_US_US_M_ZH_M_MM3_T05,1,10,10,2,6,1,9,15
B_OS_US_US_F_ZH_M_MM3_T05,1,10,10,2,6,1,9,15
B_OS_US_FR_M_ZH_M_MM3_T05,1,10,10,2,6,1,9,15
B_OS_US_FR_F_ZH_M_MM3_T05,1,10,10,2,6,1,9,15
B_OS_US_ZH_M_ZH_F_MM3_T05,1,10,10,2,6,1,9,15
B_OS_US_ZH_F_ZH_F_MM3_T05,1,10,10,2,6,1,9,15
B_OS_US_US_M_ZH_F_MM3_T05,1,10,10,2,6,1,9,15
B_OS_US_US_F_ZH_F_MM3_T05,1,10,10,2,6,1,9,15
B_OS_US_FR_M_ZH_F_MM3_T05,1,10,10,2,6,1,9,15
B_OS_US_FR_F_ZH_F_MM3_T05,1,10,10,2,6,1,9,15
B_OS_US_ZH_M_US_M_MM3_T05,1,10,10,2,6,1,9,15
B_OS_US_ZH_F_US_M_MM3_T05,1,10,10,2,6,0,8,16
B_OS_US_US_M_US_M_MM3_T05,1,10,10,2,6,1,9,15
B_OS_US_US_F_US_M_MM3_T05,1,10,10,2,6,1,9,15
B_OS_US_FR_M_US_M_MM3_T05,1,10,10,2,6,1,9,15
B_OS_US_FR_F_US_M_MM3_T05,1,10,10,2,6,1,9,15
B_OS_US_ZH_M_US_F_MM3_T05,1,10,10,2,6,2,10,14
B_OS_US_ZH_F_US_F_MM3_T05,1,10,10,2,6,1,9,15
B_OS_US_US_M_US_F_MM3_T05,1,10,10,2,6,1,9,15
B_OS_US_US_F_US_F_MM3_T05,1,10,10,2,6,1,9,15
B_OS_US_FR_M_US_F_MM3_T05,1,10,10,2,6,1,9,15
B_OS_US_FR_F_US_F_MM3_T05,1,10,10,2,6,1,9,15
B_OS_US_ZH_M_FR_M_MM3_T05,1,10,10,2,6,1,9,15
B_OS_US_ZH_F_FR_M_MM3_T05,1,10,10,2,6,1,9,15
B_OS_US_US_M_FR_M_MM3_T05,1,10,10,2,6,2,10,14
B_OS_US_US_F_FR_M_MM3_T05,1,10,10,2,6,1,9,15
B_OS_US_FR_M_FR_M_MM3_T05,1,10,10,2,6,1,9,15
B_OS_US_FR_F_FR_M_MM3_T05,1,10,10,2,6,2,10,14
B_OS_US_ZH_M_FR_F_MM3_T05,1,10,10,2,6,1,9,15
B_OS_US_ZH_F_FR_F_MM3_T05,1,10,10,2,6,1,9,15
B_OS_US_US_M_FR_F_MM3_T05,1,10,10,2,6,1,9,15
B_OS_US_US_F_FR_F_MM3_T05,1,10,10,2,6,1,9,15
B_OS_US_FR_M_FR_F_MM3_T05,1,10,10,2,6,1,9,15
B_OS_US_FR_F_FR_F_MM3_T05,1,10,10,2,6,1,9,15
B_OS_US_ZH_M_U_U_MM3_T05,1,10,10,5,15,5,10,20
B_OS_US_ZH_F_U_U_MM3_T05,1,10,10,5,15,5,10,20
B_OS_US_US_M_U_U_MM3_T05,1,10,10,5,15,5,10,20
B_OS_US_US_F_U_U_MM3_T05,1,10,10,5,15,5,10,20
B_OS_US_FR_M_U_U_MM3_T05,1,10,10,5,15,5,10,20
B_OS_US_FR_F_U_U_MM3_T05,1,10,10,5,15,5,10,20
B_OS_US_ZH_M_ZH_M_MM3_T05,1,10,10,5,15,5,10,20
B_OS_US_ZH_F_ZH_M_MM3_T05,1,10,10,5,15,5,10,20
B_OS_US_US_M_ZH_M_MM3_T05,1,10,10,5,15,5,10,20
B_OS_US_US_F_ZH_M_MM3_T05,1,10,10,5,15,5,10,20
B_OS_US_FR_M_ZH_M_MM3_T05,1,10,10,5,15,5,10,20
B_OS_US_FR_F_ZH_M_MM3_T05,1,10,10,5,15,5,10,20
B_OS_US_ZH_M_ZH_F_MM3_T05,1,10,10,5,15,5,10,20
B_OS_US_ZH_F_ZH_F_MM3_T05,1,10,10,5,15,5,10,20
B_OS_US_US_M_ZH_F_MM3_T05,1,10,10,5,15,5,10,20
B_OS_US_US_F_ZH_F_MM3_T05,1,10,10,5,15,5,10,20
B_OS_US_FR_M_ZH_F_MM3_T05,1,10,10,5,15,2,7,23
B_OS_US_FR_F_ZH_F_MM3_T05,1,10,10,5,15,5,10,20
B_OS_US_ZH_M_US_M_MM3_T05,1,10,10,5,15,5,10,20
B_OS_US_ZH_F_US_M_MM3_T05,1,10,10,5,15,5,10,20
B_OS_US_US_M_US_M_MM3_T05,1,10,10,5,15,5,10,20
B_OS_US_US_F_US_M_MM3_T05,1,10,10,5,15,5,10,20
B_OS_US_FR_M_US_M_MM3_T05,1,10,10,5,15,5,10,20
B_OS_US_FR_F_US_M_MM3_T05,1,10,10,5,15,5,10,20
B_OS_US_ZH_M_US_F_MM3_T05,1,10,10,5,15,5,10,20
B_OS_US_ZH_F_US_F_MM3_T05,1,10,10,5,15,5,10,20
B_OS_US_US_M_US_F_MM3_T05,1,10,10,5,15,5,10,20
B_OS_US_US_F_US_F_MM3_T05,1,10,10,5,15,5,10,20
B_OS_US_FR_M_US_F_MM3_T05,1,10,10,5,15,5,10,20
B_OS_US_FR_F_US_F_MM3_T05,1,10,10,5,15,5,10,20
B_OS_US_ZH_M_FR_M_MM3_T05,1,10,10,5,15,5,10,20
B_OS_US_ZH_F_FR_M_MM3_T05,1,10,10,5,15,5,10,20
B_OS_US_US_M_FR_M_MM3_T05,1,10,10,5,15,5,10,20
B_OS_US_US_F_FR_M_MM3_T05,1,10,10,5,15,5,10,20
B_OS_US_FR_M_FR_M_MM3_T05,1,10,10,5,15,5,10,20
B_OS_US_FR_F_FR_M_MM3_T05,1,10,10,5,15,7,12,18
B_OS_US_ZH_M_FR_F_MM3_T05,1,10,10,5,15,5,10,20
B_OS_US_ZH_F_FR_F_MM3_T05,1,10,10,5,15,5,10,20
B_OS_US_US_M_FR_F_MM3_T05,1,10,10,5,15,5,10,20
B_OS_US_US_F_FR_F_MM3_T05,1,10,10,5,15,5,10,20
B_OS_US_FR_M_FR_F_MM3_T05,1,10,10,5,15,5,10,20
B_OS_US_FR_F_FR_F_MM3_T05,1,10,10,5,15,5,10,20
B_OS_US_ZH_M_U_U_MM3_T05,1,10,10,8,24,4,6,30
B_OS_US_ZH_F_U_U_MM3_T05,1,10,10,8,24,4,6,30
B_OS_US_US_M_U_U_MM3_T05,1,10,10,8,24,4,6,30
B_OS_US_US_F_U_U_MM3_T05,1,10,10,8,24,4,6,30
B_OS_US_FR_M_U_U_MM3_T05,1,10,10,8,24,4,6,30
B_OS_US_FR_F_U_U_MM3_T05,1,10,10,8,24,4,6,30
B_OS_US_ZH_M_ZH_M_MM3_T05,1,10,10,8,24,4,6,30
B_OS_US_ZH_F_ZH_M_MM3_T05,1,10,10,8,24,4,6,30
B_OS_US_US_M_ZH_M_MM3_T05,1,10,10,8,24,4,6,30
B_OS_US_US_F_ZH_M_MM3_T05,1,10,10,8,24,4,6,30
B_OS_US_FR_M_ZH_M_MM3_T05,1,10,10,8,24,4,6,30
B_OS_US_FR_F_ZH_M_MM3_T05,1,10,10,8,24,4,6,30
B_OS_US_ZH_M_ZH_F_MM3_T05,1,10,10,8,24,4,6,30
B_OS_US_ZH_F_ZH_F_MM3_T05,1,10,10,8,24,4,6,30
B_OS_US_US_M_ZH_F_MM3_T05,1,10,10,8,24,4,6,30
B_OS_US_US_F_ZH_F_MM3_T05,1,10,10,8,24,4,6,30
B_OS_US_FR_M_ZH_F_MM3_T05,1,10,10,8,24,4,6,30
B_OS_US_FR_F_ZH_F_MM3_T05,1,10,10,8,24,4,6,30
B_OS_US_ZH_M_US_M_MM3_T05,1,10,10,8,24,4,6,30
B_OS_US_ZH_F_US_M_MM3_T05,1,10,10,8,24,4,6,30
B_OS_US_US_M_US_M_MM3_T05,1,10,10,8,24,4,6,30
B_OS_US_US_F_US_M_MM3_T05,1,10,10,8,24,4,6,30
B_OS_US_FR_M_US_M_MM3_T05,1,10,10,8,24,4,6,30
B_OS_US_FR_F_US_M_MM3_T05,1,10,10,8,24,4,6,30
B_OS_US_ZH_M_US_F_MM3_T05,1,10,10,8,24,4,6,30
B_OS_US_ZH_F_US_F_MM3_T05,1,10,10,8,24,4,6,30
B_OS_US_US_M_US_F_MM3_T05,1,10,10,8,24,4,6,30
B_OS_US_US_F_US_F_MM3_T05,1,10,10,8,24,4,6,30
B_OS_US_FR_M_US_F_MM3_T05,1,10,10,8,24,4,6,30
B_OS_US_FR_F_US_F_MM3_T05,1,10,10,8,24,4,6,30
B_OS_US_ZH_M_FR_M_MM3_T05,1,10,10,8,24,4,6,30
B_OS_US_ZH_F_FR_M_MM3_T05,1,10,10,8,24,4,6,30
B_OS_US_US_M_FR_M_MM3_T05,1,10,10,8,24,4,6,30
B_OS_US_US_F_FR_M_MM3_T05,1,10,10,8,24,4,6,30
B_OS_US_FR_M_FR_M_MM3_T05,1,10,10,8,24,4,6,30
B_OS_US_FR_F_FR_M_MM3_T05,1,10,10,8,24,4,6,30
B_OS_US_ZH_M_FR_F_MM3_T05,1,10,10,8,24,4,6,30
B_OS_US_ZH_F_FR_F_MM3_T05,1,10,10,8,24,4,6,30
B_OS_US_US_M_FR_F_MM3_T05,1,10,10,8,24,8,10,26
B_OS_US_US_F_FR_F_MM3_T05,1,10,10,8,24,4,6,30
B_OS_US_FR_M_FR_F_MM3_T05,1,10,10,8,24,4,6,30
B_OS_US_FR_F_FR_F_MM3_T05,1,10,10,8,24,4,6,30
B_OS_US_ZH_M_U_U_MM3_T05,1,10,10,10,30,15,15,25
B_OS_US_ZH_F_U_U_MM3_T05,1,10,10,10,30,10,10,30
B_OS_US_US_M_U_U_MM3_T05,1,10,10,10,30,10,10,30
B_OS_US_US_F_U_U_MM3_T05,1,10,10,10,30,10,10,30
B_OS_US_FR_M_U_U_MM3_T05,1,10,10,10,30,10,10,30
B_OS_US_FR_F_U_U_MM3_T05,1,10,10,10,30,10,10,30
B_OS_US_ZH_M_ZH_M_MM3_T05,1,10,10,10,30,10,10,30
B_OS_US_ZH_F_ZH_M_MM3_T05,1,10,10,10,30,10,10,30
B_OS_US_US_M_ZH_M_MM3_T05,1,10,10,10,30,10,10,30
B_OS_US_US_F_ZH_M_MM3_T05,1,10,10,10,30,10,10,30
B_OS_US_FR_M_ZH_M_MM3_T05,1,10,10,10,30,10,10,30
B_OS_US_FR_F_ZH_M_MM3_T05,1,10,10,10,30,10,10,30
B_OS_US_ZH_M_ZH_F_MM3_T05,1,10,10,10,30,15,15,25
B_OS_US_ZH_F_ZH_F_MM3_T05,1,10,10,10,30,10,10,30
B_OS_US_US_M_ZH_F_MM3_T05,1,10,10,10,30,10,10,30
B_OS_US_US_F_ZH_F_MM3_T05,1,10,10,10,30,10,10,30
B_OS_US_FR_M_ZH_F_MM3_T05,1,10,10,10,30,10,10,30
B_OS_US_FR_F_ZH_F_MM3_T05,1,10,10,10,30,10,10,30
B_OS_US_ZH_M_US_M_MM3_T05,1,10,10,10,30,10,10,30
B_OS_US_ZH_F_US_M_MM3_T05,1,10,10,10,30,10,10,30
B_OS_US_US_M_US_M_MM3_T05,1,10,10,10,30,10,10,30
B_OS_US_US_F_US_M_MM3_T05,1,10,10,10,30,10,10,30
B_OS_US_FR_M_US_M_MM3_T05,1,10,10,10,30,10,10,30
B_OS_US_FR_F_US_M_MM3_T05,1,10,10,10,30,10,10,30
B_OS_US_ZH_M_US_F_MM3_T05,1,10,10,10,30,10,10,30
B_OS_US_ZH_F_US_F_MM3_T05,1,10,10,10,30,10,10,30
B_OS_US_US_M_US_F_MM3_T05,1,10,10,10,30,10,10,30
B_OS_US_US_F_US_F_MM3_T05,1,10,10,10,30,10,10,30
B_OS_US_FR_M_US_F_MM3_T05,1,10,10,10,30,10,10,30
B_OS_US_FR_F_US_F_MM3_T05,1,10,10,10,30,10,10,30
B_OS_US_ZH_M_FR_M_MM3_T05,1,10,10,10,30,10,10,30
B_OS_US_ZH_F_FR_M_MM3_T05,1,10,10,10,30,10,10,30
B_OS_US_US_M_FR_M_MM3_T05,1,10,10,10,30,10,10,30
B_OS_US_US_F_FR_M_MM3_T05,1,10,10,10,30,10,10,30
B_OS_US_FR_M_FR_M_MM3_T05,1,10,10,10,30,10,10,30
B_OS_US_FR_F_FR_M_MM3_T05,1,10,10,10,30,10,10,30
B_OS_US_ZH_M_FR_F_MM3_T05,1,10,10,10,30,10,10,30
B_OS_US_ZH_F_FR_F_MM3_T05,1,10,10,10,30,10,10,30
B_OS_US_US_M_FR_F_MM3_T05,1,10,10,10,30,10,10,30
B_OS_US_US_F_FR_F_MM3_T05,1,10,10,10,30,10,10,30
B_OS_US_FR_M_FR_F_MM3_T05,1,10,10,10,30,10,10,30
B_OS_US_FR_F_FR_F_MM3_T05,1,10,10,10,30,15,15,25
A_OS_US_U_U_ZH_M_MM3_T07,1,10,10,5,15,,5,25
A_OS_US_U_U_ZH_F_MM3_T07,1,10,10,5,15,,5,25
A_OS_US_U_U_US_M_MM3_T07,1,10,10,5,15,,5,25
A_OS_US_U_U_US_F_MM3_T07,1,10,10,5,15,,5,25
A_OS_US_U_U_FR_M_MM3_T07,1,10,10,5,15,,5,25
A_OS_US_U_U_FR_F_MM3_T07,1,10,10,5,15,,5,25
A_OS_US_ZH_M_ZH_M_MM3_T07,1,10,10,5,15,,5,25
A_OS_US_ZH_M_ZH_F_MM3_T07,1,10,10,5,15,,5,25
A_OS_US_ZH_M_US_M_MM3_T07,1,10,10,5,15,,5,25
A_OS_US_ZH_M_US_F_MM3_T07,1,10,10,5,15,,5,25
A_OS_US_ZH_M_FR_M_MM3_T07,1,10,10,5,15,,5,25
A_OS_US_ZH_M_FR_F_MM3_T07,1,10,10,5,15,,5,25
A_OS_US_ZH_F_ZH_M_MM3_T07,1,10,10,5,15,,5,25
A_OS_US_ZH_F_ZH_F_MM3_T07,1,10,10,5,15,,5,25
A_OS_US_ZH_F_US_M_MM3_T07,1,10,10,5,15,,5,25
A_OS_US_ZH_F_US_F_MM3_T07,1,10,10,5,15,,5,25
A_OS_US_ZH_F_FR_M_MM3_T07,1,10,10,5,15,,5,25
A_OS_US_ZH_F_FR_F_MM3_T07,1,10,10,5,15,,5,25
A_OS_US_US_M_ZH_M_MM3_T07,1,10,10,5,15,,5,25
A_OS_US_US_M_ZH_F_MM3_T07,1,10,10,5,15,,5,25
A_OS_US_US_M_US_M_MM3_T07,1,10,10,5,15,,5,25
A_OS_US_US_M_US_F_MM3_T07,1,10,10,5,15,,5,25
A_OS_US_US_M_FR_M_MM3_T07,1,10,10,5,15,,5,25
A_OS_US_US_M_FR_F_MM3_T07,1,10,10,5,15,,5,25
A_OS_US_US_F_ZH_M_MM3_T07,1,10,10,5,15,,5,25
A_OS_US_US_F_ZH_F_MM3_T07,1,10,10,5,15,,5,25
A_OS_US_US_F_US_M_MM3_T07,1,10,10,5,15,,5,25
A_OS_US_US_F_US_F_MM3_T07,1,10,10,5,15,,5,25
A_OS_US_US_F_FR_M_MM3_T07,1,10,10,5,15,,5,25
A_OS_US_US_F_FR_F_MM3_T07,1,10,10,5,15,,5,25
A_OS_US_FR_M_ZH_M_MM3_T07,1,10,10,5,15,,5,25
A_OS_US_FR_M_ZH_F_MM3_T07,1,10,10,5,15,,5,25
A_OS_US_FR_M_US_M_MM3_T07,1,10,10,5,15,,5,25
A_OS_US_FR_M_US_F_MM3_T07,1,10,10,5,15,,5,25
A_OS_US_FR_M_FR_M_MM3_T07,1,10,10,5,15,,5,25
A_OS_US_FR_M_FR_F_MM3_T07,1,10,10,5,15,,5,25
A_OS_US_FR_F_ZH_M_MM3_T07,1,10,10,5,15,,5,25
A_OS_US_FR_F_ZH_F_MM3_T07,1,10,10,5,15,,5,25
A_OS_US_FR_F_US_M_MM3_T07,1,10,10,5,15,,5,25
A_OS_US_FR_F_US_F_MM3_T07,1,10,10,5,15,,5,25
A_OS_US_FR_F_FR_M_MM3_T07,1,10,10,5,15,,5,25
A_OS_US_FR_F_FR_F_MM3_T07,1,10,10,5,15,,5,25
B_OS_US_ZH_M_U_U_MM3_T07,1,10,10,0,0,0,10,10
B_OS_US_ZH_F_U_U_MM3_T07,1,10,10,0,0,0,10,10
B_OS_US_US_M_U_U_MM3_T07,1,10,10,0,0,0,10,10
B_OS_US_US_F_U_U_MM3_T07,1,10,10,0,0,0,10,10
B_OS_US_FR_M_U_U_MM3_T07,1,10,10,0,0,0,10,10
B_OS_US_FR_F_U_U_MM3_T07,1,10,10,0,0,0,10,10
B_OS_US_ZH_M_ZH_M_MM3_T07,1,10,10,0,0,0,10,10
B_OS_US_ZH_F_ZH_M_MM3_T07,1,10,10,0,0,0,10,10
B_OS_US_US_M_ZH_M_MM3_T07,1,10,10,0,0,0,10,10
B_OS_US_US_F_ZH_M_MM3_T07,1,10,10,0,0,0,10,10
B_OS_US_FR_M_ZH_M_MM3_T07,1,10,10,0,0,0,10,10
B_OS_US_FR_F_ZH_M_MM3_T07,1,10,10,0,0,0,10,10
B_OS_US_ZH_M_ZH_F_MM3_T07,1,10,10,0,0,0,10,10
B_OS_US_ZH_F_ZH_F_MM3_T07,1,10,10,0,0,0,10,10
B_OS_US_US_M_ZH_F_MM3_T07,1,10,10,0,0,0,10,10
B_OS_US_US_F_ZH_F_MM3_T07,1,10,10,0,0,0,10,10
B_OS_US_FR_M_ZH_F_MM3_T07,1,10,10,0,0,0,10,10
B_OS_US_FR_F_ZH_F_MM3_T07,1,10,10,0,0,0,10,10
B_OS_US_ZH_M_US_M_MM3_T07,1,10,10,0,0,0,10,10
B_OS_US_ZH_F_US_M_MM3_T07,1,10,10,0,0,0,10,10
B_OS_US_US_M_US_M_MM3_T07,1,10,10,0,0,0,10,10
B_OS_US_US_F_US_M_MM3_T07,1,10,10,0,0,0,10,10
B_OS_US_FR_M_US_M_MM3_T07,1,10,10,0,0,0,10,10
B_OS_US_FR_F_US_M_MM3_T07,1,10,10,0,0,0,10,10
B_OS_US_ZH_M_US_F_MM3_T07,1,10,10,0,0,0,10,10
B_OS_US_ZH_F_US_F_MM3_T07,1,10,10,0,0,0,10,10
B_OS_US_US_M_US_F_MM3_T07,1,10,10,0,0,0,10,10
B_OS_US_US_F_US_F_MM3_T07,1,10,10,0,0,0,10,10
B_OS_US_FR_M_US_F_MM3_T07,1,10,10,0,0,0,10,10
B_OS_US_FR_F_US_F_MM3_T07,1,10,10,0,0,0,10,10
B_OS_US_ZH_M_FR_M_MM3_T07,1,10,10,0,0,0,10,10
B_OS_US_ZH_F_FR_M_MM3_T07,1,10,10,0,0,0,10,10
B_OS_US_US_M_FR_M_MM3_T07,1,10,10,0,0,0,10,10
B_OS_US_US_F_FR_M_MM3_T07,1,10,10,0,0,0,10,10
B_OS_US_FR_M_FR_M_MM3_T07,1,10,10,0,0,0,10,10
B_OS_US_FR_F_FR_M_MM3_T07,1,10,10,0,0,0,10,10
B_OS_US_ZH_M_FR_F_MM3_T07,1,10,10,0,0,0,10,10
B_OS_US_ZH_F_FR_F_MM3_T07,1,10,10,0,0,0,10,10
B_OS_US_US_M_FR_F_MM3_T07,1,10,10,0,0,0,10,10
B_OS_US_US_F_FR_F_MM3_T07,1,10,10,0,0,0,10,10
B_OS_US_FR_M_FR_F_MM3_T07,1,10,10,0,0,0,10,10
B_OS_US_FR_F_FR_F_MM3_T07,1,10,10,0,0,0,10,10
B_OS_US_ZH_M_U_U_MM3_T07,1,10,10,2,6,1,9,15
B_OS_US_ZH_F_U_U_MM3_T07,1,10,10,2,6,2,10,14
B_OS_US_US_M_U_U_MM3_T07,1,10,10,2,6,1,9,15
B_OS_US_US_F_U_U_MM3_T07,1,10,10,2,6,1,9,15
B_OS_US_FR_M_U_U_MM3_T07,1,10,10,2,6,1,9,15
B_OS_US_FR_F_U_U_MM3_T07,1,10,10,2,6,1,9,15
B_OS_US_ZH_M_ZH_M_MM3_T07,1,10,10,2,6,1,9,15
B_OS_US_ZH_F_ZH_M_MM3_T07,1,10,10,2,6,1,9,15
B_OS_US_US_M_ZH_M_MM3_T07,1,10,10,2,6,1,9,15
B_OS_US_US_F_ZH_M_MM3_T07,1,10,10,2,6,1,9,15
B_OS_US_FR_M_ZH_M_MM3_T07,1,10,10,2,6,1,9,15
B_OS_US_FR_F_ZH_M_MM3_T07,1,10,10,2,6,1,9,15
B_OS_US_ZH_M_ZH_F_MM3_T07,1,10,10,2,6,1,9,15
B_OS_US_ZH_F_ZH_F_MM3_T07,1,10,10,2,6,1,9,15
B_OS_US_US_M_ZH_F_MM3_T07,1,10,10,2,6,3,11,13
B_OS_US_US_F_ZH_F_MM3_T07,1,10,10,2,6,1,9,15
B_OS_US_FR_M_ZH_F_MM3_T07,1,10,10,2,6,1,9,15
B_OS_US_FR_F_ZH_F_MM3_T07,1,10,10,2,6,1,9,15
B_OS_US_ZH_M_US_M_MM3_T07,1,10,10,2,6,1,9,15
B_OS_US_ZH_F_US_M_MM3_T07,1,10,10,2,6,1,9,15
B_OS_US_US_M_US_M_MM3_T07,1,10,10,2,6,1,9,15
B_OS_US_US_F_US_M_MM3_T07,1,10,10,2,6,2,10,14
B_OS_US_FR_M_US_M_MM3_T07,1,10,10,2,6,1,9,15
B_OS_US_FR_F_US_M_MM3_T07,1,10,10,2,6,1,9,15
B_OS_US_ZH_M_US_F_MM3_T07,1,10,10,2,6,1,9,15
B_OS_US_ZH_F_US_F_MM3_T07,1,10,10,2,6,1,9,15
B_OS_US_US_M_US_F_MM3_T07,1,10,10,2,6,1,9,15
B_OS_US_US_F_US_F_MM3_T07,1,10,10,2,6,1,9,15
B_OS_US_FR_M_US_F_MM3_T07,1,10,10,2,6,1,9,15
B_OS_US_FR_F_US_F_MM3_T07,1,10,10,2,6,1,9,15
B_OS_US_ZH_M_FR_M_MM3_T07,1,10,10,2,6,1,9,15
B_OS_US_ZH_F_FR_M_MM3_T07,1,10,10,2,6,1,9,15
B_OS_US_US_M_FR_M_MM3_T07,1,10,10,2,6,0,8,16
B_OS_US_US_F_FR_M_MM3_T07,1,10,10,2,6,1,9,15
B_OS_US_FR_M_FR_M_MM3_T07,1,10,10,2,6,1,9,15
B_OS_US_FR_F_FR_M_MM3_T07,1,10,10,2,6,2,10,14
B_OS_US_ZH_M_FR_F_MM3_T07,1,10,10,2,6,1,9,15
B_OS_US_ZH_F_FR_F_MM3_T07,1,10,10,2,6,1,9,15
B_OS_US_US_M_FR_F_MM3_T07,1,10,10,2,6,1,9,15
B_OS_US_US_F_FR_F_MM3_T07,1,10,10,2,6,1,9,15
B_OS_US_FR_M_FR_F_MM3_T07,1,10,10,2,6,1,9,15
B_OS_US_FR_F_FR_F_MM3_T07,1,10,10,2,6,1,9,15
B_OS_US_ZH_M_U_U_MM3_T07,1,10,10,5,15,5,10,20
B_OS_US_ZH_F_U_U_MM3_T07,1,10,10,5,15,5,10,20
B_OS_US_US_M_U_U_MM3_T07,1,10,10,5,15,5,10,20
B_OS_US_US_F_U_U_MM3_T07,1,10,10,5,15,5,10,20
B_OS_US_FR_M_U_U_MM3_T07,1,10,10,5,15,5,10,20
B_OS_US_FR_F_U_U_MM3_T07,1,10,10,5,15,5,10,20
B_OS_US_ZH_M_ZH_M_MM3_T07,1,10,10,5,15,5,10,20
B_OS_US_ZH_F_ZH_M_MM3_T07,1,10,10,5,15,5,10,20
B_OS_US_US_M_ZH_M_MM3_T07,1,10,10,5,15,5,10,20
B_OS_US_US_F_ZH_M_MM3_T07,1,10,10,5,15,5,10,20
B_OS_US_FR_M_ZH_M_MM3_T07,1,10,10,5,15,5,10,20
B_OS_US_FR_F_ZH_M_MM3_T07,1,10,10,5,15,5,10,20
B_OS_US_ZH_M_ZH_F_MM3_T07,1,10,10,5,15,5,10,20
B_OS_US_ZH_F_ZH_F_MM3_T07,1,10,10,5,15,5,10,20
B_OS_US_US_M_ZH_F_MM3_T07,1,10,10,5,15,5,10,20
B_OS_US_US_F_ZH_F_MM3_T07,1,10,10,5,15,5,10,20
B_OS_US_FR_M_ZH_F_MM3_T07,1,10,10,5,15,5,10,20
B_OS_US_FR_F_ZH_F_MM3_T07,1,10,10,5,15,5,10,20
B_OS_US_ZH_M_US_M_MM3_T07,1,10,10,5,15,5,10,20
B_OS_US_ZH_F_US_M_MM3_T07,1,10,10,5,15,5,10,20
B_OS_US_US_M_US_M_MM3_T07,1,10,10,5,15,5,10,20
B_OS_US_US_F_US_M_MM3_T07,1,10,10,5,15,5,10,20
B_OS_US_FR_M_US_M_MM3_T07,1,10,10,5,15,5,10,20
B_OS_US_FR_F_US_M_MM3_T07,1,10,10,5,15,5,10,20
B_OS_US_ZH_M_US_F_MM3_T07,1,10,10,5,15,5,10,20
B_OS_US_ZH_F_US_F_MM3_T07,1,10,10,5,15,5,10,20
B_OS_US_US_M_US_F_MM3_T07,1,10,10,5,15,5,10,20
B_OS_US_US_F_US_F_MM3_T07,1,10,10,5,15,5,10,20
B_OS_US_FR_M_US_F_MM3_T07,1,10,10,5,15,2,7,23
B_OS_US_FR_F_US_F_MM3_T07,1,10,10,5,15,5,10,20
B_OS_US_ZH_M_FR_M_MM3_T07,1,10,10,5,15,5,10,20
B_OS_US_ZH_F_FR_M_MM3_T07,1,10,10,5,15,5,10,20
B_OS_US_US_M_FR_M_MM3_T07,1,10,10,5,15,2,7,23
B_OS_US_US_F_FR_M_MM3_T07,1,10,10,5,15,5,10,20
B_OS_US_FR_M_FR_M_MM3_T07,1,10,10,5,15,5,10,20
B_OS_US_FR_F_FR_M_MM3_T07,1,10,10,5,15,5,10,20
B_OS_US_ZH_M_FR_F_MM3_T07,1,10,10,5,15,5,10,20
B_OS_US_ZH_F_FR_F_MM3_T07,1,10,10,5,15,5,10,20
B_OS_US_US_M_FR_F_MM3_T07,1,10,10,5,15,5,10,20
B_OS_US_US_F_FR_F_MM3_T07,1,10,10,5,15,5,10,20
B_OS_US_FR_M_FR_F_MM3_T07,1,10,10,5,15,5,10,20
B_OS_US_FR_F_FR_F_MM3_T07,1,10,10,5,15,5,10,20
B_OS_US_ZH_M_U_U_MM3_T07,1,10,10,8,24,4,6,30
B_OS_US_ZH_F_U_U_MM3_T07,1,10,10,8,24,4,6,30
B_OS_US_US_M_U_U_MM3_T07,1,10,10,8,24,4,6,30
B_OS_US_US_F_U_U_MM3_T07,1,10,10,8,24,4,6,30
B_OS_US_FR_M_U_U_MM3_T07,1,10,10,8,24,4,6,30
B_OS_US_FR_F_U_U_MM3_T07,1,10,10,8,24,4,6,30
B_OS_US_ZH_M_ZH_M_MM3_T07,1,10,10,8,24,4,6,30
B_OS_US_ZH_F_ZH_M_MM3_T07,1,10,10,8,24,4,6,30
B_OS_US_US_M_ZH_M_MM3_T07,1,10,10,8,24,8,10,26
B_OS_US_US_F_ZH_M_MM3_T07,1,10,10,8,24,4,6,30
B_OS_US_FR_M_ZH_M_MM3_T07,1,10,10,8,24,4,6,30
B_OS_US_FR_F_ZH_M_MM3_T07,1,10,10,8,24,4,6,30
B_OS_US_ZH_M_ZH_F_MM3_T07,1,10,10,8,24,4,6,30
B_OS_US_ZH_F_ZH_F_MM3_T07,1,10,10,8,24,4,6,30
B_OS_US_US_M_ZH_F_MM3_T07,1,10,10,8,24,4,6,30
B_OS_US_US_F_ZH_F_MM3_T07,1,10,10,8,24,4,6,30
B_OS_US_FR_M_ZH_F_MM3_T07,1,10,10,8,24,4,6,30
B_OS_US_FR_F_ZH_F_MM3_T07,1,10,10,8,24,4,6,30
B_OS_US_ZH_M_US_M_MM3_T07,1,10,10,8,24,4,6,30
B_OS_US_ZH_F_US_M_MM3_T07,1,10,10,8,24,4,6,30
B_OS_US_US_M_US_M_MM3_T07,1,10,10,8,24,4,6,30
B_OS_US_US_F_US_M_MM3_T07,1,10,10,8,24,4,6,30
B_OS_US_FR_M_US_M_MM3_T07,1,10,10,8,24,4,6,30
B_OS_US_FR_F_US_M_MM3_T07,1,10,10,8,24,4,6,30
B_OS_US_ZH_M_US_F_MM3_T07,1,10,10,8,24,4,6,30
B_OS_US_ZH_F_US_F_MM3_T07,1,10,10,8,24,4,6,30
B_OS_US_US_M_US_F_MM3_T07,1,10,10,8,24,4,6,30
B_OS_US_US_F_US_F_MM3_T07,1,10,10,8,24,4,6,30
B_OS_US_FR_M_US_F_MM3_T07,1,10,10,8,24,4,6,30
B_OS_US_FR_F_US_F_MM3_T07,1,10,10,8,24,4,6,30
B_OS_US_ZH_M_FR_M_MM3_T07,1,10,10,8,24,4,6,30
B_OS_US_ZH_F_FR_M_MM3_T07,1,10,10,8,24,4,6,30
B_OS_US_US_M_FR_M_MM3_T07,1,10,10,8,24,4,6,30
B_OS_US_US_F_FR_M_MM3_T07,1,10,10,8,24,4,6,30
B_OS_US_FR_M_FR_M_MM3_T07,1,10,10,8,24,4,6,30
B_OS_US_FR_F_FR_M_MM3_T07,1,10,10,8,24,4,6,30
B_OS_US_ZH_M_FR_F_MM3_T07,1,10,10,8,24,4,6,30
B_OS_US_ZH_F_FR_F_MM3_T07,1,10,10,8,24,4,6,30
B_OS_US_US_M_FR_F_MM3_T07,1,10,10,8,24,4,6,30
B_OS_US_US_F_FR_F_MM3_T07,1,10,10,8,24,4,6,30
B_OS_US_FR_M_FR_F_MM3_T07,1,10,10,8,24,4,6,30
B_OS_US_FR_F_FR_F_MM3_T07,1,10,10,8,24,4,6,30
B_OS_US_ZH_M_U_U_MM3_T07,1,10,10,10,30,10,10,30
B_OS_US_ZH_F_U_U_MM3_T07,1,10,10,10,30,10,10,30
B_OS_US_US_M_U_U_MM3_T07,1,10,10,10,30,10,10,30
B_OS_US_US_F_U_U_MM3_T07,1,10,10,10,30,15,15,25
B_OS_US_FR_M_U_U_MM3_T07,1,10,10,10,30,15,15,25
B_OS_US_FR_F_U_U_MM3_T07,1,10,10,10,30,10,10,30
B_OS_US_ZH_M_ZH_M_MM3_T07,1,10,10,10,30,10,10,30
B_OS_US_ZH_F_ZH_M_MM3_T07,1,10,10,10,30,10,10,30
B_OS_US_US_M_ZH_M_MM3_T07,1,10,10,10,30,10,10,30
B_OS_US_US_F_ZH_M_MM3_T07,1,10,10,10,30,10,10,30
B_OS_US_FR_M_ZH_M_MM3_T07,1,10,10,10,30,10,10,30
B_OS_US_FR_F_ZH_M_MM3_T07,1,10,10,10,30,10,10,30
B_OS_US_ZH_M_ZH_F_MM3_T07,1,10,10,10,30,10,10,30
B_OS_US_ZH_F_ZH_F_MM3_T07,1,10,10,10,30,10,10,30
B_OS_US_US_M_ZH_F_MM3_T07,1,10,10,10,30,10,10,30
B_OS_US_US_F_ZH_F_MM3_T07,1,10,10,10,30,10,10,30
B_OS_US_FR_M_ZH_F_MM3_T07,1,10,10,10,30,10,10,30
B_OS_US_FR_F_ZH_F_MM3_T07,1,10,10,10,30,10,10,30
B_OS_US_ZH_M_US_M_MM3_T07,1,10,10,10,30,10,10,30
B_OS_US_ZH_F_US_M_MM3_T07,1,10,10,10,30,10,10,30
B_OS_US_US_M_US_M_MM3_T07,1,10,10,10,30,10,10,30
B_OS_US_US_F_US_M_MM3_T07,1,10,10,10,30,10,10,30
B_OS_US_FR_M_US_M_MM3_T07,1,10,10,10,30,10,10,30
B_OS_US_FR_F_US_M_MM3_T07,1,10,10,10,30,10,10,30
B_OS_US_ZH_M_US_F_MM3_T07,1,10,10,10,30,15,15,25
B_OS_US_ZH_F_US_F_MM3_T07,1,10,10,10,30,10,10,30
B_OS_US_US_M_US_F_MM3_T07,1,10,10,10,30,15,15,25
B_OS_US_US_F_US_F_MM3_T07,1,10,10,10,30,10,10,30
B_OS_US_FR_M_US_F_MM3_T07,1,10,10,10,30,10,10,30
B_OS_US_FR_F_US_F_MM3_T07,1,10,10,10,30,15,15,25
B_OS_US_ZH_M_FR_M_MM3_T07,1,10,10,10,30,10,10,30
B_OS_US_ZH_F_FR_M_MM3_T07,1,10,10,10,30,10,10,30
B_OS_US_US_M_FR_M_MM3_T07,1,10,10,10,30,10,10,30
B_OS_US_US_F_FR_M_MM3_T07,1,10,10,10,30,10,10,30
B_OS_US_FR_M_FR_M_MM3_T07,1,10,10,10,30,10,10,30
B_OS_US_FR_F_FR_M_MM3_T07,1,10,10,10,30,15,15,25
B_OS_US_ZH_M_FR_F_MM3_T07,1,10,10,10,30,10,10,30
B_OS_US_ZH_F_FR_F_MM3_T07,1,10,10,10,30,10,10,30
B_OS_US_US_M_FR_F_MM3_T07,1,10,10,10,30,10,10,30
B_OS_US_US_F_FR_F_MM3_T07,1,10,10,10,30,10,10,30
B_OS_US_FR_M_FR_F_MM3_T07,1,10,10,10,30,10,10,30
B_OS_US_FR_F_FR_F_MM3_T07,1,10,10,10,30,10,10,30
A_OS_US_U_U_ZH_M_MN12_T03,1,10,10,5,15,,5,25
A_OS_US_U_U_ZH_F_MN12_T03,1,10,10,5,15,,5,25
A_OS_US_U_U_US_M_MN12_T03,1,10,10,5,15,,5,25
A_OS_US_U_U_US_F_MN12_T03,1,10,10,5,15,,5,25
A_OS_US_U_U_FR_M_MN12_T03,1,10,10,5,15,,5,25
A_OS_US_U_U_FR_F_MN12_T03,1,10,10,5,15,,5,25
A_OS_US_ZH_M_ZH_M_MN12_T03,1,10,10,5,15,,5,25
A_OS_US_ZH_M_ZH_F_MN12_T03,1,10,10,5,15,,5,25
A_OS_US_ZH_M_US_M_MN12_T03,1,10,10,5,15,,5,25
A_OS_US_ZH_M_US_F_MN12_T03,1,10,10,5,15,,5,25
A_OS_US_ZH_M_FR_M_MN12_T03,1,10,10,5,15,,5,25
A_OS_US_ZH_M_FR_F_MN12_T03,1,10,10,5,15,,5,25
A_OS_US_ZH_F_ZH_M_MN12_T03,1,10,10,5,15,,5,25
A_OS_US_ZH_F_ZH_F_MN12_T03,1,10,10,5,15,,5,25
A_OS_US_ZH_F_US_M_MN12_T03,1,10,10,5,15,,5,25
A_OS_US_ZH_F_US_F_MN12_T03,1,10,10,5,15,,5,25
A_OS_US_ZH_F_FR_M_MN12_T03,1,10,10,5,15,,5,25
A_OS_US_ZH_F_FR_F_MN12_T03,1,10,10,5,15,,5,25
A_OS_US_US_M_ZH_M_MN12_T03,1,10,10,5,15,,5,25
A_OS_US_US_M_ZH_F_MN12_T03,1,10,10,5,15,,5,25
A_OS_US_US_M_US_M_MN12_T03,1,10,10,5,15,,5,25
A_OS_US_US_M_US_F_MN12_T03,1,10,10,5,15,,5,25
A_OS_US_US_M_FR_M_MN12_T03,1,10,10,5,15,,5,25
A_OS_US_US_M_FR_F_MN12_T03,1,10,10,5,15,,5,25
A_OS_US_US_F_ZH_M_MN12_T03,1,10,10,5,15,,5,25
A_OS_US_US_F_ZH_F_MN12_T03,1,10,10,5,15,,5,25
A_OS_US_US_F_US_M_MN12_T03,1,10,10,5,15,,5,25
A_OS_US_US_F_US_F_MN12_T03,1,10,10,5,15,,5,25
A_OS_US_US_F_FR_M_MN12_T03,1,10,10,5,15,,5,25
A_OS_US_US_F_FR_F_MN12_T03,1,10,10,5,15,,5,25
A_OS_US_FR_M_ZH_M_MN12_T03,1,10,10,5,15,,5,25
A_OS_US_FR_M_ZH_F_MN12_T03,1,10,10,5,15,,5,25
A_OS_US_FR_M_US_M_MN12_T03,1,10,10,5,15,,5,25
A_OS_US_FR_M_US_F_MN12_T03,1,10,10,5,15,,5,25
A_OS_US_FR_M_FR_M_MN12_T03,1,10,10,5,15,,5,25
A_OS_US_FR_M_FR_F_MN12_T03,1,10,10,5,15,,5,25
A_OS_US_FR_F_ZH_M_MN12_T03,1,10,10,5,15,,5,25
A_OS_US_FR_F_ZH_F_MN12_T03,1,10,10,5,15,,5,25
A_OS_US_FR_F_US_M_MN12_T03,1,10,10,5,15,,5,25
A_OS_US_FR_F_US_F_MN12_T03,1,10,10,5,15,,5,25
A_OS_US_FR_F_FR_M_MN12_T03,1,10,10,5,15,,5,25
A_OS_US_FR_F_FR_F_MN12_T03,1,10,10,5,15,,5,25
B_OS_US_ZH_M_U_U_MN12_T03,1,10,10,0,0,0,10,10
B_OS_US_ZH_F_U_U_MN12_T03,1,10,10,0,0,0,10,10
B_OS_US_US_M_U_U_MN12_T03,1,10,10,0,0,0,10,10
B_OS_US_US_F_U_U_MN12_T03,1,10,10,0,0,0,10,10
B_OS_US_FR_M_U_U_MN12_T03,1,10,10,0,0,0,10,10
B_OS_US_FR_F_U_U_MN12_T03,1,10,10,0,0,0,10,10
B_OS_US_ZH_M_ZH_M_MN12_T03,1,10,10,0,0,0,10,10
B_OS_US_ZH_F_ZH_M_MN12_T03,1,10,10,0,0,0,10,10
B_OS_US_US_M_ZH_M_MN12_T03,1,10,10,0,0,0,10,10
B_OS_US_US_F_ZH_M_MN12_T03,1,10,10,0,0,0,10,10
B_OS_US_FR_M_ZH_M_MN12_T03,1,10,10,0,0,0,10,10
B_OS_US_FR_F_ZH_M_MN12_T03,1,10,10,0,0,0,10,10
B_OS_US_ZH_M_ZH_F_MN12_T03,1,10,10,0,0,0,10,10
B_OS_US_ZH_F_ZH_F_MN12_T03,1,10,10,0,0,0,10,10
B_OS_US_US_M_ZH_F_MN12_T03,1,10,10,0,0,0,10,10
B_OS_US_US_F_ZH_F_MN12_T03,1,10,10,0,0,0,10,10
B_OS_US_FR_M_ZH_F_MN12_T03,1,10,10,0,0,0,10,10
B_OS_US_FR_F_ZH_F_MN12_T03,1,10,10,0,0,0,10,10
B_OS_US_ZH_M_US_M_MN12_T03,1,10,10,0,0,0,10,10
B_OS_US_ZH_F_US_M_MN12_T03,1,10,10,0,0,0,10,10
B_OS_US_US_M_US_M_MN12_T03,1,10,10,0,0,0,10,10
B_OS_US_US_F_US_M_MN12_T03,1,10,10,0,0,0,10,10
B_OS_US_FR_M_US_M_MN12_T03,1,10,10,0,0,0,10,10
B_OS_US_FR_F_US_M_MN12_T03,1,10,10,0,0,0,10,10
B_OS_US_ZH_M_US_F_MN12_T03,1,10,10,0,0,0,10,10
B_OS_US_ZH_F_US_F_MN12_T03,1,10,10,0,0,0,10,10
B_OS_US_US_M_US_F_MN12_T03,1,10,10,0,0,0,10,10
B_OS_US_US_F_US_F_MN12_T03,1,10,10,0,0,0,10,10
B_OS_US_FR_M_US_F_MN12_T03,1,10,10,0,0,0,10,10
B_OS_US_FR_F_US_F_MN12_T03,1,10,10,0,0,0,10,10
B_OS_US_ZH_M_FR_M_MN12_T03,1,10,10,0,0,0,10,10
B_OS_US_ZH_F_FR_M_MN12_T03,1,10,10,0,0,0,10,10
B_OS_US_US_M_FR_M_MN12_T03,1,10,10,0,0,0,10,10
B_OS_US_US_F_FR_M_MN12_T03,1,10,10,0,0,0,10,10
B_OS_US_FR_M_FR_M_MN12_T03,1,10,10,0,0,0,10,10
B_OS_US_FR_F_FR_M_MN12_T03,1,10,10,0,0,0,10,10
B_OS_US_ZH_M_FR_F_MN12_T03,1,10,10,0,0,0,10,10
B_OS_US_ZH_F_FR_F_MN12_T03,1,10,10,0,0,0,10,10
B_OS_US_US_M_FR_F_MN12_T03,1,10,10,0,0,0,10,10
B_OS_US_US_F_FR_F_MN12_T03,1,10,10,0,0,0,10,10
B_OS_US_FR_M_FR_F_MN12_T03,1,10,10,0,0,0,10,10
B_OS_US_FR_F_FR_F_MN12_T03,1,10,10,0,0,0,10,10
B_OS_US_ZH_M_U_U_MN12_T03,1,10,10,2,6,2,10,14
B_OS_US_ZH_F_U_U_MN12_T03,1,10,10,2,6,2,10,14
B_OS_US_US_M_U_U_MN12_T03,1,10,10,2,6,2,10,14
B_OS_US_US_F_U_U_MN12_T03,1,10,10,2,6,2,10,14
B_OS_US_FR_M_U_U_MN12_T03,1,10,10,2,6,2,10,14
B_OS_US_FR_F_U_U_MN12_T03,1,10,10,2,6,2,10,14
B_OS_US_ZH_M_ZH_M_MN12_T03,1,10,10,2,6,2,10,14
B_OS_US_ZH_F_ZH_M_MN12_T03,1,10,10,2,6,2,10,14
B_OS_US_US_M_ZH_M_MN12_T03,1,10,10,2,6,2,10,14
B_OS_US_US_F_ZH_M_MN12_T03,1,10,10,2,6,2,10,14
B_OS_US_FR_M_ZH_M_MN12_T03,1,10,10,2,6,2,10,14
B_OS_US_FR_F_ZH_M_MN12_T03,1,10,10,2,6,2,10,14
B_OS_US_ZH_M_ZH_F_MN12_T03,1,10,10,2,6,2,10,14
B_OS_US_ZH_F_ZH_F_MN12_T03,1,10,10,2,6,2,10,14
B_OS_US_US_M_ZH_F_MN12_T03,1,10,10,2,6,2,10,14
B_OS_US_US_F_ZH_F_MN12_T03,1,10,10,2,6,2,10,14
B_OS_US_FR_M_ZH_F_MN12_T03,1,10,10,2,6,2,10,14
B_OS_US_FR_F_ZH_F_MN12_T03,1,10,10,2,6,2,10,14
B_OS_US_ZH_M_US_M_MN12_T03,1,10,10,2,6,2,10,14
B_OS_US_ZH_F_US_M_MN12_T03,1,10,10,2,6,4,12,12
B_OS_US_US_M_US_M_MN12_T03,1,10,10,2,6,2,10,14
B_OS_US_US_F_US_M_MN12_T03,1,10,10,2,6,2,10,14
B_OS_US_FR_M_US_M_MN12_T03,1,10,10,2,6,2,10,14
B_OS_US_FR_F_US_M_MN12_T03,1,10,10,2,6,2,10,14
B_OS_US_ZH_M_US_F_MN12_T03,1,10,10,2,6,2,10,14
B_OS_US_ZH_F_US_F_MN12_T03,1,10,10,2,6,2,10,14
B_OS_US_US_M_US_F_MN12_T03,1,10,10,2,6,2,10,14
B_OS_US_US_F_US_F_MN12_T03,1,10,10,2,6,2,10,14
B_OS_US_FR_M_US_F_MN12_T03,1,10,10,2,6,2,10,14
B_OS_US_FR_F_US_F_MN12_T03,1,10,10,2,6,2,10,14
B_OS_US_ZH_M_FR_M_MN12_T03,1,10,10,2,6,2,10,14
B_OS_US_ZH_F_FR_M_MN12_T03,1,10,10,2,6,2,10,14
B_OS_US_US_M_FR_M_MN12_T03,1,10,10,2,6,2,10,14
B_OS_US_US_F_FR_M_MN12_T03,1,10,10,2,6,2,10,14
B_OS_US_FR_M_FR_M_MN12_T03,1,10,10,2,6,2,10,14
B_OS_US_FR_F_FR_M_MN12_T03,1,10,10,2,6,2,10,14
B_OS_US_ZH_M_FR_F_MN12_T03,1,10,10,2,6,2,10,14
B_OS_US_ZH_F_FR_F_MN12_T03,1,10,10,2,6,2,10,14
B_OS_US_US_M_FR_F_MN12_T03,1,10,10,2,6,2,10,14
B_OS_US_US_F_FR_F_MN12_T03,1,10,10,2,6,2,10,14
B_OS_US_FR_M_FR_F_MN12_T03,1,10,10,2,6,5,13,11
B_OS_US_FR_F_FR_F_MN12_T03,1,10,10,2,6,2,10,14
B_OS_US_ZH_M_U_U_MN12_T03,1,10,10,5,15,5,10,20
B_OS_US_ZH_F_U_U_MN12_T03,1,10,10,5,15,5,10,20
B_OS_US_US_M_U_U_MN12_T03,1,10,10,5,15,5,10,20
B_OS_US_US_F_U_U_MN12_T03,1,10,10,5,15,5,10,20
B_OS_US_FR_M_U_U_MN12_T03,1,10,10,5,15,5,10,20
B_OS_US_FR_F_U_U_MN12_T03,1,10,10,5,15,5,10,20
B_OS_US_ZH_M_ZH_M_MN12_T03,1,10,10,5,15,5,10,20
B_OS_US_ZH_F_ZH_M_MN12_T03,1,10,10,5,15,5,10,20
B_OS_US_US_M_ZH_M_MN12_T03,1,10,10,5,15,5,10,20
B_OS_US_US_F_ZH_M_MN12_T03,1,10,10,5,15,5,10,20
B_OS_US_FR_M_ZH_M_MN12_T03,1,10,10,5,15,5,10,20
B_OS_US_FR_F_ZH_M_MN12_T03,1,10,10,5,15,5,10,20
B_OS_US_ZH_M_ZH_F_MN12_T03,1,10,10,5,15,5,10,20
B_OS_US_ZH_F_ZH_F_MN12_T03,1,10,10,5,15,5,10,20
B_OS_US_US_M_ZH_F_MN12_T03,1,10,10,5,15,5,10,20
B_OS_US_US_F_ZH_F_MN12_T03,1,10,10,5,15,5,10,20
B_OS_US_FR_M_ZH_F_MN12_T03,1,10,10,5,15,5,10,20
B_OS_US_FR_F_ZH_F_MN12_T03,1,10,10,5,15,5,10,20
B_OS_US_ZH_M_US_M_MN12_T03,1,10,10,5,15,5,10,20
B_OS_US_ZH_F_US_M_MN12_T03,1,10,10,5,15,5,10,20
B_OS_US_US_M_US_M_MN12_T03,1,10,10,5,15,5,10,20
B_OS_US_US_F_US_M_MN12_T03,1,10,10,5,15,5,10,20
B_OS_US_FR_M_US_M_MN12_T03,1,10,10,5,15,5,10,20
B_OS_US_FR_F_US_M_MN12_T03,1,10,10,5,15,5,10,20
B_OS_US_ZH_M_US_F_MN12_T03,1,10,10,5,15,5,10,20
B_OS_US_ZH_F_US_F_MN12_T03,1,10,10,5,15,5,10,20
B_OS_US_US_M_US_F_MN12_T03,1,10,10,5,15,5,10,20
B_OS_US_US_F_US_F_MN12_T03,1,10,10,5,15,5,10,20
B_OS_US_FR_M_US_F_MN12_T03,1,10,10,5,15,5,10,20
B_OS_US_FR_F_US_F_MN12_T03,1,10,10,5,15,5,10,20
B_OS_US_ZH_M_FR_M_MN12_T03,1,10,10,5,15,5,10,20
B_OS_US_ZH_F_FR_M_MN12_T03,1,10,10,5,15,5,10,20
B_OS_US_US_M_FR_M_MN12_T03,1,10,10,5,15,5,10,20
B_OS_US_US_F_FR_M_MN12_T03,1,10,10,5,15,5,10,20
B_OS_US_FR_M_FR_M_MN12_T03,1,10,10,5,15,5,10,20
B_OS_US_FR_F_FR_M_MN12_T03,1,10,10,5,15,5,10,20
B_OS_US_ZH_M_FR_F_MN12_T03,1,10,10,5,15,5,10,20
B_OS_US_ZH_F_FR_F_MN12_T03,1,10,10,5,15,5,10,20
B_OS_US_US_M_FR_F_MN12_T03,1,10,10,5,15,5,10,20
B_OS_US_US_F_FR_F_MN12_T03,1,10,10,5,15,5,10,20
B_OS_US_FR_M_FR_F_MN12_T03,1,10,10,5,15,5,10,20
B_OS_US_FR_F_FR_F_MN12_T03,1,10,10,5,15,5,10,20
B_OS_US_ZH_M_U_U_MN12_T03,1,10,10,8,24,10,12,24
B_OS_US_ZH_F_U_U_MN12_T03,1,10,10,8,24,10,12,24
B_OS_US_US_M_U_U_MN12_T03,1,10,10,8,24,10,12,24
B_OS_US_US_F_U_U_MN12_T03,1,10,10,8,24,10,12,24
B_OS_US_FR_M_U_U_MN12_T03,1,10,10,8,24,10,12,24
B_OS_US_FR_F_U_U_MN12_T03,1,10,10,8,24,10,12,24
B_OS_US_ZH_M_ZH_M_MN12_T03,1,10,10,8,24,5,7,29
B_OS_US_ZH_F_ZH_M_MN12_T03,1,10,10,8,24,5,7,29
B_OS_US_US_M_ZH_M_MN12_T03,1,10,10,8,24,5,7,29
B_OS_US_US_F_ZH_M_MN12_T03,1,10,10,8,24,5,7,29
B_OS_US_FR_M_ZH_M_MN12_T03,1,10,10,8,24,5,7,29
B_OS_US_FR_F_ZH_M_MN12_T03,1,10,10,8,24,5,7,29
B_OS_US_ZH_M_ZH_F_MN12_T03,1,10,10,8,24,5,7,29
B_OS_US_ZH_F_ZH_F_MN12_T03,1,10,10,8,24,5,7,29
B_OS_US_US_M_ZH_F_MN12_T03,1,10,10,8,24,5,7,29
B_OS_US_US_F_ZH_F_MN12_T03,1,10,10,8,24,5,7,29
B_OS_US_FR_M_ZH_F_MN12_T03,1,10,10,8,24,5,7,29
B_OS_US_FR_F_ZH_F_MN12_T03,1,10,10,8,24,10,12,24
B_OS_US_ZH_M_US_M_MN12_T03,1,10,10,8,24,5,7,29
B_OS_US_ZH_F_US_M_MN12_T03,1,10,10,8,24,5,7,29
B_OS_US_US_M_US_M_MN12_T03,1,10,10,8,24,5,7,29
B_OS_US_US_F_US_M_MN12_T03,1,10,10,8,24,10,12,24
B_OS_US_FR_M_US_M_MN12_T03,1,10,10,8,24,5,7,29
B_OS_US_FR_F_US_M_MN12_T03,1,10,10,8,24,5,7,29
B_OS_US_ZH_M_US_F_MN12_T03,1,10,10,8,24,5,7,29
B_OS_US_ZH_F_US_F_MN12_T03,1,10,10,8,24,5,7,29
B_OS_US_US_M_US_F_MN12_T03,1,10,10,8,24,5,7,29
B_OS_US_US_F_US_F_MN12_T03,1,10,10,8,24,8,10,26
B_OS_US_FR_M_US_F_MN12_T03,1,10,10,8,24,5,7,29
B_OS_US_FR_F_US_F_MN12_T03,1,10,10,8,24,5,7,29
B_OS_US_ZH_M_FR_M_MN12_T03,1,10,10,8,24,5,7,29
B_OS_US_ZH_F_FR_M_MN12_T03,1,10,10,8,24,5,7,29
B_OS_US_US_M_FR_M_MN12_T03,1,10,10,8,24,5,7,29
B_OS_US_US_F_FR_M_MN12_T03,1,10,10,8,24,5,7,29
B_OS_US_FR_M_FR_M_MN12_T03,1,10,10,8,24,5,7,29
B_OS_US_FR_F_FR_M_MN12_T03,1,10,10,8,24,5,7,29
B_OS_US_ZH_M_FR_F_MN12_T03,1,10,10,8,24,5,7,29
B_OS_US_ZH_F_FR_F_MN12_T03,1,10,10,8,24,15,17,19
B_OS_US_US_M_FR_F_MN12_T03,1,10,10,8,24,5,7,29
B_OS_US_US_F_FR_F_MN12_T03,1,10,10,8,24,5,7,29
B_OS_US_FR_M_FR_F_MN12_T03,1,10,10,8,24,5,7,29
B_OS_US_FR_F_FR_F_MN12_T03,1,10,10,8,24,5,7,29
B_OS_US_ZH_M_U_U_MN12_T03,1,10,10,10,30,0,0,40
B_OS_US_ZH_F_U_U_MN12_T03,1,10,10,10,30,5,5,35
B_OS_US_US_M_U_U_MN12_T03,1,10,10,10,30,5,5,35
B_OS_US_US_F_U_U_MN12_T03,1,10,10,10,30,5,5,35
B_OS_US_FR_M_U_U_MN12_T03,1,10,10,10,30,20,20,20
B_OS_US_FR_F_U_U_MN12_T03,1,10,10,10,30,5,5,35
B_OS_US_ZH_M_ZH_M_MN12_T03,1,10,10,10,30,10,10,30
B_OS_US_ZH_F_ZH_M_MN12_T03,1,10,10,10,30,5,5,35
B_OS_US_US_M_ZH_M_MN12_T03,1,10,10,10,30,5,5,35
B_OS_US_US_F_ZH_M_MN12_T03,1,10,10,10,30,5,5,35
B_OS_US_FR_M_ZH_M_MN12_T03,1,10,10,10,30,10,10,30
B_OS_US_FR_F_ZH_M_MN12_T03,1,10,10,10,30,5,5,35
B_OS_US_ZH_M_ZH_F_MN12_T03,1,10,10,10,30,10,10,30
B_OS_US_ZH_F_ZH_F_MN12_T03,1,10,10,10,30,10,10,30
B_OS_US_US_M_ZH_F_MN12_T03,1,10,10,10,30,5,5,35
B_OS_US_US_F_ZH_F_MN12_T03,1,10,10,10,30,5,5,35
B_OS_US_FR_M_ZH_F_MN12_T03,1,10,10,10,30,5,5,35
B_OS_US_FR_F_ZH_F_MN12_T03,1,10,10,10,30,10,10,30
B_OS_US_ZH_M_US_M_MN12_T03,1,10,10,10,30,10,10,30
B_OS_US_ZH_F_US_M_MN12_T03,1,10,10,10,30,5,5,35
B_OS_US_US_M_US_M_MN12_T03,1,10,10,10,30,5,5,35
B_OS_US_US_F_US_M_MN12_T03,1,10,10,10,30,5,5,35
B_OS_US_FR_M_US_M_MN12_T03,1,10,10,10,30,5,5,35
B_OS_US_FR_F_US_M_MN12_T03,1,10,10,10,30,5,5,35
B_OS_US_ZH_M_US_F_MN12_T03,1,10,10,10,30,5,5,35
B_OS_US_ZH_F_US_F_MN12_T03,1,10,10,10,30,10,10,30
B_OS_US_US_M_US_F_MN12_T03,1,10,10,10,30,5,5,35
B_OS_US_US_F_US_F_MN12_T03,1,10,10,10,30,20,20,20
B_OS_US_FR_M_US_F_MN12_T03,1,10,10,10,30,5,5,35
B_OS_US_FR_F_US_F_MN12_T03,1,10,10,10,30,5,5,35
B_OS_US_ZH_M_FR_M_MN12_T03,1,10,10,10,30,10,10,30
B_OS_US_ZH_F_FR_M_MN12_T03,1,10,10,10,30,5,5,35
B_OS_US_US_M_FR_M_MN12_T03,1,10,10,10,30,5,5,35
B_OS_US_US_F_FR_M_MN12_T03,1,10,10,10,30,10,10,30
B_OS_US_FR_M_FR_M_MN12_T03,1,10,10,10,30,10,10,30
B_OS_US_FR_F_FR_M_MN12_T03,1,10,10,10,30,10,10,30
B_OS_US_ZH_M_FR_F_MN12_T03,1,10,10,10,30,10,10,30
B_OS_US_ZH_F_FR_F_MN12_T03,1,10,10,10,30,5,5,35
B_OS_US_US_M_FR_F_MN12_T03,1,10,10,10,30,5,5,35
B_OS_US_US_F_FR_F_MN12_T03,1,10,10,10,30,10,10,30
B_OS_US_FR_M_FR_F_MN12_T03,1,10,10,10,30,5,5,35
B_OS_US_FR_F_FR_F_MN12_T03,1,10,10,10,30,10,10,30
A_OS_US_U_U_ZH_M_MN12_T05,1,10,10,5,15,,5,25
A_OS_US_U_U_ZH_F_MN12_T05,1,10,10,5,15,,5,25
A_OS_US_U_U_US_M_MN12_T05,1,10,10,5,15,,5,25
A_OS_US_U_U_US_F_MN12_T05,1,10,10,5,15,,5,25
A_OS_US_U_U_FR_M_MN12_T05,1,10,10,5,15,,5,25
A_OS_US_U_U_FR_F_MN12_T05,1,10,10,5,15,,5,25
A_OS_US_ZH_M_ZH_M_MN12_T05,1,10,10,5,15,,5,25
A_OS_US_ZH_M_ZH_F_MN12_T05,1,10,10,5,15,,5,25
A_OS_US_ZH_M_US_M_MN12_T05,1,10,10,5,15,,5,25
A_OS_US_ZH_M_US_F_MN12_T05,1,10,10,5,15,,5,25
A_OS_US_ZH_M_FR_M_MN12_T05,1,10,10,5,15,,5,25
A_OS_US_ZH_M_FR_F_MN12_T05,1,10,10,5,15,,5,25
A_OS_US_ZH_F_ZH_M_MN12_T05,1,10,10,5,15,,5,25
A_OS_US_ZH_F_ZH_F_MN12_T05,1,10,10,5,15,,5,25
A_OS_US_ZH_F_US_M_MN12_T05,1,10,10,5,15,,5,25
A_OS_US_ZH_F_US_F_MN12_T05,1,10,10,5,15,,5,25
A_OS_US_ZH_F_FR_M_MN12_T05,1,10,10,5,15,,5,25
A_OS_US_ZH_F_FR_F_MN12_T05,1,10,10,5,15,,5,25
A_OS_US_US_M_ZH_M_MN12_T05,1,10,10,5,15,,5,25
A_OS_US_US_M_ZH_F_MN12_T05,1,10,10,5,15,,5,25
A_OS_US_US_M_US_M_MN12_T05,1,10,10,5,15,,5,25
A_OS_US_US_M_US_F_MN12_T05,1,10,10,5,15,,5,25
A_OS_US_US_M_FR_M_MN12_T05,1,10,10,5,15,,5,25
A_OS_US_US_M_FR_F_MN12_T05,1,10,10,5,15,,5,25
A_OS_US_US_F_ZH_M_MN12_T05,1,10,10,5,15,,5,25
A_OS_US_US_F_ZH_F_MN12_T05,1,10,10,5,15,,5,25
A_OS_US_US_F_US_M_MN12_T05,1,10,10,5,15,,5,25
A_OS_US_US_F_US_F_MN12_T05,1,10,10,5,15,,5,25
A_OS_US_US_F_FR_M_MN12_T05,1,10,10,5,15,,5,25
A_OS_US_US_F_FR_F_MN12_T05,1,10,10,5,15,,5,25
A_OS_US_FR_M_ZH_M_MN12_T05,1,10,10,5,15,,5,25
A_OS_US_FR_M_ZH_F_MN12_T05,1,10,10,5,15,,5,25
A_OS_US_FR_M_US_M_MN12_T05,1,10,10,5,15,,5,25
A_OS_US_FR_M_US_F_MN12_T05,1,10,10,5,15,,5,25
A_OS_US_FR_M_FR_M_MN12_T05,1,10,10,5,15,,5,25
A_OS_US_FR_M_FR_F_MN12_T05,1,10,10,5,15,,5,25
A_OS_US_FR_F_ZH_M_MN12_T05,1,10,10,5,15,,5,25
A_OS_US_FR_F_ZH_F_MN12_T05,1,10,10,5,15,,5,25
A_OS_US_FR_F_US_M_MN12_T05,1,10,10,5,15,,5,25
A_OS_US_FR_F_US_F_MN12_T05,1,10,10,5,15,,5,25
A_OS_US_FR_F_FR_M_MN12_T05,1,10,10,5,15,,5,25
A_OS_US_FR_F_FR_F_MN12_T05,1,10,10,5,15,,5,25
B_OS_US_ZH_M_U_U_MN12_T05,1,10,10,0,0,0,10,10
B_OS_US_ZH_F_U_U_MN12_T05,1,10,10,0,0,0,10,10
B_OS_US_US_M_U_U_MN12_T05,1,10,10,0,0,0,10,10
B_OS_US_US_F_U_U_MN12_T05,1,10,10,0,0,0,10,10
B_OS_US_FR_M_U_U_MN12_T05,1,10,10,0,0,0,10,10
B_OS_US_FR_F_U_U_MN12_T05,1,10,10,0,0,0,10,10
B_OS_US_ZH_M_ZH_M_MN12_T05,1,10,10,0,0,0,10,10
B_OS_US_ZH_F_ZH_M_MN12_T05,1,10,10,0,0,0,10,10
B_OS_US_US_M_ZH_M_MN12_T05,1,10,10,0,0,0,10,10
B_OS_US_US_F_ZH_M_MN12_T05,1,10,10,0,0,0,10,10
B_OS_US_FR_M_ZH_M_MN12_T05,1,10,10,0,0,0,10,10
B_OS_US_FR_F_ZH_M_MN12_T05,1,10,10,0,0,0,10,10
B_OS_US_ZH_M_ZH_F_MN12_T05,1,10,10,0,0,0,10,10
B_OS_US_ZH_F_ZH_F_MN12_T05,1,10,10,0,0,0,10,10
B_OS_US_US_M_ZH_F_MN12_T05,1,10,10,0,0,0,10,10
B_OS_US_US_F_ZH_F_MN12_T05,1,10,10,0,0,0,10,10
B_OS_US_FR_M_ZH_F_MN12_T05,1,10,10,0,0,0,10,10
B_OS_US_FR_F_ZH_F_MN12_T05,1,10,10,0,0,0,10,10
B_OS_US_ZH_M_US_M_MN12_T05,1,10,10,0,0,0,10,10
B_OS_US_ZH_F_US_M_MN12_T05,1,10,10,0,0,0,10,10
B_OS_US_US_M_US_M_MN12_T05,1,10,10,0,0,0,10,10
B_OS_US_US_F_US_M_MN12_T05,1,10,10,0,0,0,10,10
B_OS_US_FR_M_US_M_MN12_T05,1,10,10,0,0,0,10,10
B_OS_US_FR_F_US_M_MN12_T05,1,10,10,0,0,0,10,10
B_OS_US_ZH_M_US_F_MN12_T05,1,10,10,0,0,0,10,10
B_OS_US_ZH_F_US_F_MN12_T05,1,10,10,0,0,0,10,10
B_OS_US_US_M_US_F_MN12_T05,1,10,10,0,0,0,10,10
B_OS_US_US_F_US_F_MN12_T05,1,10,10,0,0,0,10,10
B_OS_US_FR_M_US_F_MN12_T05,1,10,10,0,0,0,10,10
B_OS_US_FR_F_US_F_MN12_T05,1,10,10,0,0,0,10,10
B_OS_US_ZH_M_FR_M_MN12_T05,1,10,10,0,0,0,10,10
B_OS_US_ZH_F_FR_M_MN12_T05,1,10,10,0,0,0,10,10
B_OS_US_US_M_FR_M_MN12_T05,1,10,10,0,0,0,10,10
B_OS_US_US_F_FR_M_MN12_T05,1,10,10,0,0,0,10,10
B_OS_US_FR_M_FR_M_MN12_T05,1,10,10,0,0,0,10,10
B_OS_US_FR_F_FR_M_MN12_T05,1,10,10,0,0,0,10,10
B_OS_US_ZH_M_FR_F_MN12_T05,1,10,10,0,0,0,10,10
B_OS_US_ZH_F_FR_F_MN12_T05,1,10,10,0,0,0,10,10
B_OS_US_US_M_FR_F_MN12_T05,1,10,10,0,0,0,10,10
B_OS_US_US_F_FR_F_MN12_T05,1,10,10,0,0,0,10,10
B_OS_US_FR_M_FR_F_MN12_T05,1,10,10,0,0,0,10,10
B_OS_US_FR_F_FR_F_MN12_T05,1,10,10,0,0,0,10,10
B_OS_US_ZH_M_U_U_MN12_T05,1,10,10,2,6,2,10,14
B_OS_US_ZH_F_U_U_MN12_T05,1,10,10,2,6,2,10,14
B_OS_US_US_M_U_U_MN12_T05,1,10,10,2,6,2,10,14
B_OS_US_US_F_U_U_MN12_T05,1,10,10,2,6,2,10,14
B_OS_US_FR_M_U_U_MN12_T05,1,10,10,2,6,2,10,14
B_OS_US_FR_F_U_U_MN12_T05,1,10,10,2,6,2,10,14
B_OS_US_ZH_M_ZH_M_MN12_T05,1,10,10,2,6,2,10,14
B_OS_US_ZH_F_ZH_M_MN12_T05,1,10,10,2,6,2,10,14
B_OS_US_US_M_ZH_M_MN12_T05,1,10,10,2,6,2,10,14
B_OS_US_US_F_ZH_M_MN12_T05,1,10,10,2,6,2,10,14
B_OS_US_FR_M_ZH_M_MN12_T05,1,10,10,2,6,4,12,12
B_OS_US_FR_F_ZH_M_MN12_T05,1,10,10,2,6,2,10,14
B_OS_US_ZH_M_ZH_F_MN12_T05,1,10,10,2,6,2,10,14
B_OS_US_ZH_F_ZH_F_MN12_T05,1,10,10,2,6,2,10,14
B_OS_US_US_M_ZH_F_MN12_T05,1,10,10,2,6,5,13,11
B_OS_US_US_F_ZH_F_MN12_T05,1,10,10,2,6,2,10,14
B_OS_US_FR_M_ZH_F_MN12_T05,1,10,10,2,6,2,10,14
B_OS_US_FR_F_ZH_F_MN12_T05,1,10,10,2,6,2,10,14
B_OS_US_ZH_M_US_M_MN12_T05,1,10,10,2,6,2,10,14
B_OS_US_ZH_F_US_M_MN12_T05,1,10,10,2,6,2,10,14
B_OS_US_US_M_US_M_MN12_T05,1,10,10,2,6,2,10,14
B_OS_US_US_F_US_M_MN12_T05,1,10,10,2,6,2,10,14
B_OS_US_FR_M_US_M_MN12_T05,1,10,10,2,6,2,10,14
B_OS_US_FR_F_US_M_MN12_T05,1,10,10,2,6,5,13,11
B_OS_US_ZH_M_US_F_MN12_T05,1,10,10,2,6,2,10,14
B_OS_US_ZH_F_US_F_MN12_T05,1,10,10,2,6,2,10,14
B_OS_US_US_M_US_F_MN12_T05,1,10,10,2,6,5,13,11
B_OS_US_US_F_US_F_MN12_T05,1,10,10,2,6,2,10,14
B_OS_US_FR_M_US_F_MN12_T05,1,10,10,2,6,2,10,14
B_OS_US_FR_F_US_F_MN12_T05,1,10,10,2,6,2,10,14
B_OS_US_ZH_M_FR_M_MN12_T05,1,10,10,2,6,4,12,12
B_OS_US_ZH_F_FR_M_MN12_T05,1,10,10,2,6,2,10,14
B_OS_US_US_M_FR_M_MN12_T05,1,10,10,2,6,3,11,13
B_OS_US_US_F_FR_M_MN12_T05,1,10,10,2,6,2,10,14
B_OS_US_FR_M_FR_M_MN12_T05,1,10,10,2,6,4,12,12
B_OS_US_FR_F_FR_M_MN12_T05,1,10,10,2,6,2,10,14
B_OS_US_ZH_M_FR_F_MN12_T05,1,10,10,2,6,2,10,14
B_OS_US_ZH_F_FR_F_MN12_T05,1,10,10,2,6,2,10,14
B_OS_US_US_M_FR_F_MN12_T05,1,10,10,2,6,2,10,14
B_OS_US_US_F_FR_F_MN12_T05,1,10,10,2,6,2,10,14
B_OS_US_FR_M_FR_F_MN12_T05,1,10,10,2,6,5,13,11
B_OS_US_FR_F_FR_F_MN12_T05,1,10,10,2,6,2,10,14
B_OS_US_ZH_M_U_U_MN12_T05,1,10,10,5,15,10,15,15
B_OS_US_ZH_F_U_U_MN12_T05,1,10,10,5,15,5,10,20
B_OS_US_US_M_U_U_MN12_T05,1,10,10,5,15,5,10,20
B_OS_US_US_F_U_U_MN12_T05,1,10,10,5,15,5,10,20
B_OS_US_FR_M_U_U_MN12_T05,1,10,10,5,15,5,10,20
B_OS_US_FR_F_U_U_MN12_T05,1,10,10,5,15,5,10,20
B_OS_US_ZH_M_ZH_M_MN12_T05,1,10,10,5,15,5,10,20
B_OS_US_ZH_F_ZH_M_MN12_T05,1,10,10,5,15,5,10,20
B_OS_US_US_M_ZH_M_MN12_T05,1,10,10,5,15,5,10,20
B_OS_US_US_F_ZH_M_MN12_T05,1,10,10,5,15,5,10,20
B_OS_US_FR_M_ZH_M_MN12_T05,1,10,10,5,15,5,10,20
B_OS_US_FR_F_ZH_M_MN12_T05,1,10,10,5,15,3,8,22
B_OS_US_ZH_M_ZH_F_MN12_T05,1,10,10,5,15,5,10,20
B_OS_US_ZH_F_ZH_F_MN12_T05,1,10,10,5,15,5,10,20
B_OS_US_US_M_ZH_F_MN12_T05,1,10,10,5,15,5,10,20
B_OS_US_US_F_ZH_F_MN12_T05,1,10,10,5,15,5,10,20
B_OS_US_FR_M_ZH_F_MN12_T05,1,10,10,5,15,5,10,20
B_OS_US_FR_F_ZH_F_MN12_T05,1,10,10,5,15,5,10,20
B_OS_US_ZH_M_US_M_MN12_T05,1,10,10,5,15,5,10,20
B_OS_US_ZH_F_US_M_MN12_T05,1,10,10,5,15,5,10,20
B_OS_US_US_M_US_M_MN12_T05,1,10,10,5,15,5,10,20
B_OS_US_US_F_US_M_MN12_T05,1,10,10,5,15,5,10,20
B_OS_US_FR_M_US_M_MN12_T05,1,10,10,5,15,5,10,20
B_OS_US_FR_F_US_M_MN12_T05,1,10,10,5,15,5,10,20
B_OS_US_ZH_M_US_F_MN12_T05,1,10,10,5,15,5,10,20
B_OS_US_ZH_F_US_F_MN12_T05,1,10,10,5,15,5,10,20
B_OS_US_US_M_US_F_MN12_T05,1,10,10,5,15,5,10,20
B_OS_US_US_F_US_F_MN12_T05,1,10,10,5,15,5,10,20
B_OS_US_FR_M_US_F_MN12_T05,1,10,10,5,15,5,10,20
B_OS_US_FR_F_US_F_MN12_T05,1,10,10,5,15,5,10,20
B_OS_US_ZH_M_FR_M_MN12_T05,1,10,10,5,15,5,10,20
B_OS_US_ZH_F_FR_M_MN12_T05,1,10,10,5,15,5,10,20
B_OS_US_US_M_FR_M_MN12_T05,1,10,10,5,15,5,10,20
B_OS_US_US_F_FR_M_MN12_T05,1,10,10,5,15,5,10,20
B_OS_US_FR_M_FR_M_MN12_T05,1,10,10,5,15,5,10,20
B_OS_US_FR_F_FR_M_MN12_T05,1,10,10,5,15,5,10,20
B_OS_US_ZH_M_FR_F_MN12_T05,1,10,10,5,15,5,10,20
B_OS_US_ZH_F_FR_F_MN12_T05,1,10,10,5,15,5,10,20
B_OS_US_US_M_FR_F_MN12_T05,1,10,10,5,15,5,10,20
B_OS_US_US_F_FR_F_MN12_T05,1,10,10,5,15,3,8,22
B_OS_US_FR_M_FR_F_MN12_T05,1,10,10,5,15,5,10,20
B_OS_US_FR_F_FR_F_MN12_T05,1,10,10,5,15,5,10,20
B_OS_US_ZH_M_U_U_MN12_T05,1,10,10,8,24,5,7,29
B_OS_US_ZH_F_U_U_MN12_T05,1,10,10,8,24,5,7,29
B_OS_US_US_M_U_U_MN12_T05,1,10,10,8,24,5,7,29
B_OS_US_US_F_U_U_MN12_T05,1,10,10,8,24,5,7,29
B_OS_US_FR_M_U_U_MN12_T05,1,10,10,8,24,10,12,24
B_OS_US_FR_F_U_U_MN12_T05,1,10,10,8,24,5,7,29
B_OS_US_ZH_M_ZH_M_MN12_T05,1,10,10,8,24,8,10,26
B_OS_US_ZH_F_ZH_M_MN12_T05,1,10,10,8,24,5,7,29
B_OS_US_US_M_ZH_M_MN12_T05,1,10,10,8,24,5,7,29
B_OS_US_US_F_ZH_M_MN12_T05,1,10,10,8,24,5,7,29
B_OS_US_FR_M_ZH_M_MN12_T05,1,10,10,8,24,5,7,29
B_OS_US_FR_F_ZH_M_MN12_T05,1,10,10,8,24,10,12,24
B_OS_US_ZH_M_ZH_F_MN12_T05,1,10,10,8,24,5,7,29
B_OS_US_ZH_F_ZH_F_MN12_T05,1,10,10,8,24,4,6,30
B_OS_US_US_M_ZH_F_MN12_T05,1,10,10,8,24,5,7,29
B_OS_US_US_F_ZH_F_MN12_T05,1,10,10,8,24,5,7,29
B_OS_US_FR_M_ZH_F_MN12_T05,1,10,10,8,24,5,7,29
B_OS_US_FR_F_ZH_F_MN12_T05,1,10,10,8,24,5,7,29
B_OS_US_ZH_M_US_M_MN12_T05,1,10,10,8,24,5,7,29
B_OS_US_ZH_F_US_M_MN12_T05,1,10,10,8,24,5,7,29
B_OS_US_US_M_US_M_MN12_T05,1,10,10,8,24,10,12,24
B_OS_US_US_F_US_M_MN12_T05,1,10,10,8,24,5,7,29
B_OS_US_FR_M_US_M_MN12_T05,1,10,10,8,24,5,7,29
B_OS_US_FR_F_US_M_MN12_T05,1,10,10,8,24,5,7,29
B_OS_US_ZH_M_US_F_MN12_T05,1,10,10,8,24,5,7,29
B_OS_US_ZH_F_US_F_MN12_T05,1,10,10,8,24,5,7,29
B_OS_US_US_M_US_F_MN12_T05,1,10,10,8,24,16,18,18
B_OS_US_US_F_US_F_MN12_T05,1,10,10,8,24,5,7,29
B_OS_US_FR_M_US_F_MN12_T05,1,10,10,8,24,10,12,24
B_OS_US_FR_F_US_F_MN12_T05,1,10,10,8,24,5,7,29
B_OS_US_ZH_M_FR_M_MN12_T05,1,10,10,8,24,5,7,29
B_OS_US_ZH_F_FR_M_MN12_T05,1,10,10,8,24,5,7,29
B_OS_US_US_M_FR_M_MN12_T05,1,10,10,8,24,20,22,14
B_OS_US_US_F_FR_M_MN12_T05,1,10,10,8,24,5,7,29
B_OS_US_FR_M_FR_M_MN12_T05,1,10,10,8,24,20,22,14
B_OS_US_FR_F_FR_M_MN12_T05,1,10,10,8,24,5,7,29
B_OS_US_ZH_M_FR_F_MN12_T05,1,10,10,8,24,5,7,29
B_OS_US_ZH_F_FR_F_MN12_T05,1,10,10,8,24,5,7,29
B_OS_US_US_M_FR_F_MN12_T05,1,10,10,8,24,5,7,29
B_OS_US_US_F_FR_F_MN12_T05,1,10,10,8,24,5,7,29
B_OS_US_FR_M_FR_F_MN12_T05,1,10,10,8,24,5,7,29
B_OS_US_FR_F_FR_F_MN12_T05,1,10,10,8,24,4,6,30
B_OS_US_ZH_M_U_U_MN12_T05,1,10,10,10,30,5,5,35
B_OS_US_ZH_F_U_U_MN12_T05,1,10,10,10,30,20,20,20
B_OS_US_US_M_U_U_MN12_T05,1,10,10,10,30,0,0,40
B_OS_US_US_F_U_U_MN12_T05,1,10,10,10,30,0,0,40
B_OS_US_FR_M_U_U_MN12_T05,1,10,10,10,30,10,10,30
B_OS_US_FR_F_U_U_MN12_T05,1,10,10,10,30,20,20,20
B_OS_US_ZH_M_ZH_M_MN12_T05,1,10,10,10,30,10,10,30
B_OS_US_ZH_F_ZH_M_MN12_T05,1,10,10,10,30,10,10,30
B_OS_US_US_M_ZH_M_MN12_T05,1,10,10,10,30,5,5,35
B_OS_US_US_F_ZH_M_MN12_T05,1,10,10,10,30,10,10,30
B_OS_US_FR_M_ZH_M_MN12_T05,1,10,10,10,30,5,5,35
B_OS_US_FR_F_ZH_M_MN12_T05,1,10,10,10,30,5,5,35
B_OS_US_ZH_M_ZH_F_MN12_T05,1,10,10,10,30,10,10,30
B_OS_US_ZH_F_ZH_F_MN12_T05,1,10,10,10,30,10,10,30
B_OS_US_US_M_ZH_F_MN12_T05,1,10,10,10,30,5,5,35
B_OS_US_US_F_ZH_F_MN12_T05,1,10,10,10,30,5,5,35
B_OS_US_FR_M_ZH_F_MN12_T05,1,10,10,10,30,5,5,35
B_OS_US_FR_F_ZH_F_MN12_T05,1,10,10,10,30,20,20,20
B_OS_US_ZH_M_US_M_MN12_T05,1,10,10,10,30,20,20,20
B_OS_US_ZH_F_US_M_MN12_T05,1,10,10,10,30,5,5,35
B_OS_US_US_M_US_M_MN12_T05,1,10,10,10,30,5,5,35
B_OS_US_US_F_US_M_MN12_T05,1,10,10,10,30,5,5,35
B_OS_US_FR_M_US_M_MN12_T05,1,10,10,10,30,20,20,20
B_OS_US_FR_F_US_M_MN12_T05,1,10,10,10,30,10,10,30
B_OS_US_ZH_M_US_F_MN12_T05,1,10,10,10,30,5,5,35
B_OS_US_ZH_F_US_F_MN12_T05,1,10,10,10,30,5,5,35
B_OS_US_US_M_US_F_MN12_T05,1,10,10,10,30,5,5,35
B_OS_US_US_F_US_F_MN12_T05,1,10,10,10,30,5,5,35
B_OS_US_FR_M_US_F_MN12_T05,1,10,10,10,30,5,5,35
B_OS_US_FR_F_US_F_MN12_T05,1,10,10,10,30,5,5,35
B_OS_US_ZH_M_FR_M_MN12_T05,1,10,10,10,30,5,5,35
B_OS_US_ZH_F_FR_M_MN12_T05,1,10,10,10,30,5,5,35
B_OS_US_US_M_FR_M_MN12_T05,1,10,10,10,30,20,20,20
B_OS_US_US_F_FR_M_MN12_T05,1,10,10,10,30,10,10,30
B_OS_US_FR_M_FR_M_MN12_T05,1,10,10,10,30,20,20,20
B_OS_US_FR_F_FR_M_MN12_T05,1,10,10,10,30,10,10,30
B_OS_US_ZH_M_FR_F_MN12_T05,1,10,10,10,30,5,5,35
B_OS_US_ZH_F_FR_F_MN12_T05,1,10,10,10,30,5,5,35
B_OS_US_US_M_FR_F_MN12_T05,1,10,10,10,30,20,20,20
B_OS_US_US_F_FR_F_MN12_T05,1,10,10,10,30,5,5,35
B_OS_US_FR_M_FR_F_MN12_T05,1,10,10,10,30,5,5,35
B_OS_US_FR_F_FR_F_MN12_T05,1,10,10,10,30,20,20,20
A_OS_US_U_U_ZH_M_MN12_T07,1,10,10,5,15,,5,25
A_OS_US_U_U_ZH_F_MN12_T07,1,10,10,5,15,,5,25
A_OS_US_U_U_US_M_MN12_T07,1,10,10,5,15,,5,25
A_OS_US_U_U_US_F_MN12_T07,1,10,10,5,15,,5,25
A_OS_US_U_U_FR_M_MN12_T07,1,10,10,5,15,,5,25
A_OS_US_U_U_FR_F_MN12_T07,1,10,10,5,15,,5,25
A_OS_US_ZH_M_ZH_M_MN12_T07,1,10,10,5,15,,5,25
A_OS_US_ZH_M_ZH_F_MN12_T07,1,10,10,5,15,,5,25
A_OS_US_ZH_M_US_M_MN12_T07,1,10,10,5,15,,5,25
A_OS_US_ZH_M_US_F_MN12_T07,1,10,10,5,15,,5,25
A_OS_US_ZH_M_FR_M_MN12_T07,1,10,10,5,15,,5,25
A_OS_US_ZH_M_FR_F_MN12_T07,1,10,10,5,15,,5,25
A_OS_US_ZH_F_ZH_M_MN12_T07,1,10,10,5,15,,5,25
A_OS_US_ZH_F_ZH_F_MN12_T07,1,10,10,5,15,,5,25
A_OS_US_ZH_F_US_M_MN12_T07,1,10,10,5,15,,5,25
A_OS_US_ZH_F_US_F_MN12_T07,1,10,10,5,15,,5,25
A_OS_US_ZH_F_FR_M_MN12_T07,1,10,10,5,15,,5,25
A_OS_US_ZH_F_FR_F_MN12_T07,1,10,10,5,15,,5,25
A_OS_US_US_M_ZH_M_MN12_T07,1,10,10,5,15,,5,25
A_OS_US_US_M_ZH_F_MN12_T07,1,10,10,5,15,,5,25
A_OS_US_US_M_US_M_MN12_T07,1,10,10,5,15,,5,25
A_OS_US_US_M_US_F_MN12_T07,1,10,10,5,15,,5,25
A_OS_US_US_M_FR_M_MN12_T07,1,10,10,5,15,,5,25
A_OS_US_US_M_FR_F_MN12_T07,1,10,10,5,15,,5,25
A_OS_US_US_F_ZH_M_MN12_T07,1,10,10,5,15,,5,25
A_OS_US_US_F_ZH_F_MN12_T07,1,10,10,5,15,,5,25
A_OS_US_US_F_US_M_MN12_T07,1,10,10,5,15,,5,25
A_OS_US_US_F_US_F_MN12_T07,1,10,10,5,15,,5,25
A_OS_US_US_F_FR_M_MN12_T07,1,10,10,5,15,,5,25
A_OS_US_US_F_FR_F_MN12_T07,1,10,10,5,15,,5,25
A_OS_US_FR_M_ZH_M_MN12_T07,1,10,10,5,15,,5,25
A_OS_US_FR_M_ZH_F_MN12_T07,1,10,10,5,15,,5,25
A_OS_US_FR_M_US_M_MN12_T07,1,10,10,5,15,,5,25
A_OS_US_FR_M_US_F_MN12_T07,1,10,10,5,15,,5,25
A_OS_US_FR_M_FR_M_MN12_T07,1,10,10,5,15,,5,25
A_OS_US_FR_M_FR_F_MN12_T07,1,10,10,5,15,,5,25
A_OS_US_FR_F_ZH_M_MN12_T07,1,10,10,5,15,,5,25
A_OS_US_FR_F_ZH_F_MN12_T07,1,10,10,5,15,,5,25
A_OS_US_FR_F_US_M_MN12_T07,1,10,10,5,15,,5,25
A_OS_US_FR_F_US_F_MN12_T07,1,10,10,5,15,,5,25
A_OS_US_FR_F_FR_M_MN12_T07,1,10,10,5,15,,5,25
A_OS_US_FR_F_FR_F_MN12_T07,1,10,10,5,15,,5,25
B_OS_US_ZH_M_U_U_MN12_T07,1,10,10,0,0,0,10,10
B_OS_US_ZH_F_U_U_MN12_T07,1,10,10,0,0,0,10,10
B_OS_US_US_M_U_U_MN12_T07,1,10,10,0,0,0,10,10
B_OS_US_US_F_U_U_MN12_T07,1,10,10,0,0,0,10,10
B_OS_US_FR_M_U_U_MN12_T07,1,10,10,0,0,0,10,10
B_OS_US_FR_F_U_U_MN12_T07,1,10,10,0,0,0,10,10
B_OS_US_ZH_M_ZH_M_MN12_T07,1,10,10,0,0,0,10,10
B_OS_US_ZH_F_ZH_M_MN12_T07,1,10,10,0,0,0,10,10
B_OS_US_US_M_ZH_M_MN12_T07,1,10,10,0,0,0,10,10
B_OS_US_US_F_ZH_M_MN12_T07,1,10,10,0,0,0,10,10
B_OS_US_FR_M_ZH_M_MN12_T07,1,10,10,0,0,0,10,10
B_OS_US_FR_F_ZH_M_MN12_T07,1,10,10,0,0,0,10,10
B_OS_US_ZH_M_ZH_F_MN12_T07,1,10,10,0,0,0,10,10
B_OS_US_ZH_F_ZH_F_MN12_T07,1,10,10,0,0,0,10,10
B_OS_US_US_M_ZH_F_MN12_T07,1,10,10,0,0,0,10,10
B_OS_US_US_F_ZH_F_MN12_T07,1,10,10,0,0,0,10,10
B_OS_US_FR_M_ZH_F_MN12_T07,1,10,10,0,0,0,10,10
B_OS_US_FR_F_ZH_F_MN12_T07,1,10,10,0,0,0,10,10
B_OS_US_ZH_M_US_M_MN12_T07,1,10,10,0,0,0,10,10
B_OS_US_ZH_F_US_M_MN12_T07,1,10,10,0,0,0,10,10
B_OS_US_US_M_US_M_MN12_T07,1,10,10,0,0,0,10,10
B_OS_US_US_F_US_M_MN12_T07,1,10,10,0,0,0,10,10
B_OS_US_FR_M_US_M_MN12_T07,1,10,10,0,0,0,10,10
B_OS_US_FR_F_US_M_MN12_T07,1,10,10,0,0,0,10,10
B_OS_US_ZH_M_US_F_MN12_T07,1,10,10,0,0,5,15,5
B_OS_US_ZH_F_US_F_MN12_T07,1,10,10,0,0,0,10,10
B_OS_US_US_M_US_F_MN12_T07,1,10,10,0,0,0,10,10
B_OS_US_US_F_US_F_MN12_T07,1,10,10,0,0,0,10,10
B_OS_US_FR_M_US_F_MN12_T07,1,10,10,0,0,0,10,10
B_OS_US_FR_F_US_F_MN12_T07,1,10,10,0,0,0,10,10
B_OS_US_ZH_M_FR_M_MN12_T07,1,10,10,0,0,0,10,10
B_OS_US_ZH_F_FR_M_MN12_T07,1,10,10,0,0,0,10,10
B_OS_US_US_M_FR_M_MN12_T07,1,10,10,0,0,0,10,10
B_OS_US_US_F_FR_M_MN12_T07,1,10,10,0,0,0,10,10
B_OS_US_FR_M_FR_M_MN12_T07,1,10,10,0,0,0,10,10
B_OS_US_FR_F_FR_M_MN12_T07,1,10,10,0,0,0,10,10
B_OS_US_ZH_M_FR_F_MN12_T07,1,10,10,0,0,0,10,10
B_OS_US_ZH_F_FR_F_MN12_T07,1,10,10,0,0,0,10,10
B_OS_US_US_M_FR_F_MN12_T07,1,10,10,0,0,0,10,10
B_OS_US_US_F_FR_F_MN12_T07,1,10,10,0,0,0,10,10
B_OS_US_FR_M_FR_F_MN12_T07,1,10,10,0,0,0,10,10
B_OS_US_FR_F_FR_F_MN12_T07,1,10,10,0,0,0,10,10
B_OS_US_ZH_M_U_U_MN12_T07,1,10,10,2,6,2,10,14
B_OS_US_ZH_F_U_U_MN12_T07,1,10,10,2,6,2,10,14
B_OS_US_US_M_U_U_MN12_T07,1,10,10,2,6,2,10,14
B_OS_US_US_F_U_U_MN12_T07,1,10,10,2,6,2,10,14
B_OS_US_FR_M_U_U_MN12_T07,1,10,10,2,6,4,12,12
B_OS_US_FR_F_U_U_MN12_T07,1,10,10,2,6,2,10,14
B_OS_US_ZH_M_ZH_M_MN12_T07,1,10,10,2,6,2,10,14
B_OS_US_ZH_F_ZH_M_MN12_T07,1,10,10,2,6,2,10,14
B_OS_US_US_M_ZH_M_MN12_T07,1,10,10,2,6,5,13,11
B_OS_US_US_F_ZH_M_MN12_T07,1,10,10,2,6,2,10,14
B_OS_US_FR_M_ZH_M_MN12_T07,1,10,10,2,6,4,12,12
B_OS_US_FR_F_ZH_M_MN12_T07,1,10,10,2,6,2,10,14
B_OS_US_ZH_M_ZH_F_MN12_T07,1,10,10,2,6,2,10,14
B_OS_US_ZH_F_ZH_F_MN12_T07,1,10,10,2,6,2,10,14
B_OS_US_US_M_ZH_F_MN12_T07,1,10,10,2,6,2,10,14
B_OS_US_US_F_ZH_F_MN12_T07,1,10,10,2,6,2,10,14
B_OS_US_FR_M_ZH_F_MN12_T07,1,10,10,2,6,4,12,12
B_OS_US_FR_F_ZH_F_MN12_T07,1,10,10,2,6,2,10,14
B_OS_US_ZH_M_US_M_MN12_T07,1,10,10,2,6,2,10,14
B_OS_US_ZH_F_US_M_MN12_T07,1,10,10,2,6,2,10,14
B_OS_US_US_M_US_M_MN12_T07,1,10,10,2,6,2,10,14
B_OS_US_US_F_US_M_MN12_T07,1,10,10,2,6,2,10,14
B_OS_US_FR_M_US_M_MN12_T07,1,10,10,2,6,2,10,14
B_OS_US_FR_F_US_M_MN12_T07,1,10,10,2,6,2,10,14
B_OS_US_ZH_M_US_F_MN12_T07,1,10,10,2,6,2,10,14
B_OS_US_ZH_F_US_F_MN12_T07,1,10,10,2,6,1,9,15
B_OS_US_US_M_US_F_MN12_T07,1,10,10,2,6,2,10,14
B_OS_US_US_F_US_F_MN12_T07,1,10,10,2,6,2,10,14
B_OS_US_FR_M_US_F_MN12_T07,1,10,10,2,6,2,10,14
B_OS_US_FR_F_US_F_MN12_T07,1,10,10,2,6,2,10,14
B_OS_US_ZH_M_FR_M_MN12_T07,1,10,10,2,6,2,10,14
B_OS_US_ZH_F_FR_M_MN12_T07,1,10,10,2,6,2,10,14
B_OS_US_US_M_FR_M_MN12_T07,1,10,10,2,6,2,10,14
B_OS_US_US_F_FR_M_MN12_T07,1,10,10,2,6,2,10,14
B_OS_US_FR_M_FR_M_MN12_T07,1,10,10,2,6,4,12,12
B_OS_US_FR_F_FR_M_MN12_T07,1,10,10,2,6,5,13,11
B_OS_US_ZH_M_FR_F_MN12_T07,1,10,10,2,6,2,10,14
B_OS_US_ZH_F_FR_F_MN12_T07,1,10,10,2,6,2,10,14
B_OS_US_US_M_FR_F_MN12_T07,1,10,10,2,6,2,10,14
B_OS_US_US_F_FR_F_MN12_T07,1,10,10,2,6,2,10,14
B_OS_US_FR_M_FR_F_MN12_T07,1,10,10,2,6,5,13,11
B_OS_US_FR_F_FR_F_MN12_T07,1,10,10,2,6,2,10,14
B_OS_US_ZH_M_U_U_MN12_T07,1,10,10,5,15,5,10,20
B_OS_US_ZH_F_U_U_MN12_T07,1,10,10,5,15,5,10,20
B_OS_US_US_M_U_U_MN12_T07,1,10,10,5,15,5,10,20
B_OS_US_US_F_U_U_MN12_T07,1,10,10,5,15,5,10,20
B_OS_US_FR_M_U_U_MN12_T07,1,10,10,5,15,5,10,20
B_OS_US_FR_F_U_U_MN12_T07,1,10,10,5,15,5,10,20
B_OS_US_ZH_M_ZH_M_MN12_T07,1,10,10,5,15,5,10,20
B_OS_US_ZH_F_ZH_M_MN12_T07,1,10,10,5,15,5,10,20
B_OS_US_US_M_ZH_M_MN12_T07,1,10,10,5,15,3,8,22
B_OS_US_US_F_ZH_M_MN12_T07,1,10,10,5,15,5,10,20
B_OS_US_FR_M_ZH_M_MN12_T07,1,10,10,5,15,5,10,20
B_OS_US_FR_F_ZH_M_MN12_T07,1,10,10,5,15,5,10,20
B_OS_US_ZH_M_ZH_F_MN12_T07,1,10,10,5,15,5,10,20
B_OS_US_ZH_F_ZH_F_MN12_T07,1,10,10,5,15,5,10,20
B_OS_US_US_M_ZH_F_MN12_T07,1,10,10,5,15,5,10,20
B_OS_US_US_F_ZH_F_MN12_T07,1,10,10,5,15,5,10,20
B_OS_US_FR_M_ZH_F_MN12_T07,1,10,10,5,15,3,8,22
B_OS_US_FR_F_ZH_F_MN12_T07,1,10,10,5,15,5,10,20
B_OS_US_ZH_M_US_M_MN12_T07,1,10,10,5,15,5,10,20
B_OS_US_ZH_F_US_M_MN12_T07,1,10,10,5,15,5,10,20
B_OS_US_US_M_US_M_MN12_T07,1,10,10,5,15,5,10,20
B_OS_US_US_F_US_M_MN12_T07,1,10,10,5,15,5,10,20
B_OS_US_FR_M_US_M_MN12_T07,1,10,10,5,15,5,10,20
B_OS_US_FR_F_US_M_MN12_T07,1,10,10,5,15,5,10,20
B_OS_US_ZH_M_US_F_MN12_T07,1,10,10,5,15,5,10,20
B_OS_US_ZH_F_US_F_MN12_T07,1,10,10,5,15,5,10,20
B_OS_US_US_M_US_F_MN12_T07,1,10,10,5,15,5,10,20
B_OS_US_US_F_US_F_MN12_T07,1,10,10,5,15,5,10,20
B_OS_US_FR_M_US_F_MN12_T07,1,10,10,5,15,5,10,20
B_OS_US_FR_F_US_F_MN12_T07,1,10,10,5,15,5,10,20
B_OS_US_ZH_M_FR_M_MN12_T07,1,10,10,5,15,5,10,20
B_OS_US_ZH_F_FR_M_MN12_T07,1,10,10,5,15,5,10,20
B_OS_US_US_M_FR_M_MN12_T07,1,10,10,5,15,5,10,20
B_OS_US_US_F_FR_M_MN12_T07,1,10,10,5,15,5,10,20
B_OS_US_FR_M_FR_M_MN12_T07,1,10,10,5,15,5,10,20
B_OS_US_FR_F_FR_M_MN12_T07,1,10,10,5,15,10,15,15
B_OS_US_ZH_M_FR_F_MN12_T07,1,10,10,5,15,5,10,20
B_OS_US_ZH_F_FR_F_MN12_T07,1,10,10,5,15,5,10,20
B_OS_US_US_M_FR_F_MN12_T07,1,10,10,5,15,5,10,20
B_OS_US_US_F_FR_F_MN12_T07,1,10,10,5,15,5,10,20
B_OS_US_FR_M_FR_F_MN12_T07,1,10,10,5,15,5,10,20
B_OS_US_FR_F_FR_F_MN12_T07,1,10,10,5,15,5,10,20
B_OS_US_ZH_M_U_U_MN12_T07,1,10,10,8,24,5,7,29
B_OS_US_ZH_F_U_U_MN12_T07,1,10,10,8,24,0,2,34
B_OS_US_US_M_U_U_MN12_T07,1,10,10,8,24,16,18,18
B_OS_US_US_F_U_U_MN12_T07,1,10,10,8,24,2,4,32
B_OS_US_FR_M_U_U_MN12_T07,1,10,10,8,24,10,12,24
B_OS_US_FR_F_U_U_MN12_T07,1,10,10,8,24,4,6,30
B_OS_US_ZH_M_ZH_M_MN12_T07,1,10,10,8,24,5,7,29
B_OS_US_ZH_F_ZH_M_MN12_T07,1,10,10,8,24,5,7,29
B_OS_US_US_M_ZH_M_MN12_T07,1,10,10,8,24,8,10,26
B_OS_US_US_F_ZH_M_MN12_T07,1,10,10,8,24,5,7,29
B_OS_US_FR_M_ZH_M_MN12_T07,1,10,10,8,24,5,7,29
B_OS_US_FR_F_ZH_M_MN12_T07,1,10,10,8,24,10,12,24
B_OS_US_ZH_M_ZH_F_MN12_T07,1,10,10,8,24,8,10,26
B_OS_US_ZH_F_ZH_F_MN12_T07,1,10,10,8,24,5,7,29
B_OS_US_US_M_ZH_F_MN12_T07,1,10,10,8,24,3,5,31
B_OS_US_US_F_ZH_F_MN12_T07,1,10,10,8,24,5,7,29
B_OS_US_FR_M_ZH_F_MN12_T07,1,10,10,8,24,5,7,29
B_OS_US_FR_F_ZH_F_MN12_T07,1,10,10,8,24,5,7,29
B_OS_US_ZH_M_US_M_MN12_T07,1,10,10,8,24,5,7,29
B_OS_US_ZH_F_US_M_MN12_T07,1,10,10,8,24,5,7,29
B_OS_US_US_M_US_M_MN12_T07,1,10,10,8,24,5,7,29
B_OS_US_US_F_US_M_MN12_T07,1,10,10,8,24,20,22,14
B_OS_US_FR_M_US_M_MN12_T07,1,10,10,8,24,5,7,29
B_OS_US_FR_F_US_M_MN12_T07,1,10,10,8,24,4,6,30
B_OS_US_ZH_M_US_F_MN12_T07,1,10,10,8,24,5,7,29
B_OS_US_ZH_F_US_F_MN12_T07,1,10,10,8,24,5,7,29
B_OS_US_US_M_US_F_MN12_T07,1,10,10,8,24,20,22,14
B_OS_US_US_F_US_F_MN12_T07,1,10,10,8,24,10,12,24
B_OS_US_FR_M_US_F_MN12_T07,1,10,10,8,24,10,12,24
B_OS_US_FR_F_US_F_MN12_T07,1,10,10,8,24,10,12,24
B_OS_US_ZH_M_FR_M_MN12_T07,1,10,10,8,24,8,10,26
B_OS_US_ZH_F_FR_M_MN12_T07,1,10,10,8,24,5,7,29
B_OS_US_US_M_FR_M_MN12_T07,1,10,10,8,24,5,7,29
B_OS_US_US_F_FR_M_MN12_T07,1,10,10,8,24,5,7,29
B_OS_US_FR_M_FR_M_MN12_T07,1,10,10,8,24,8,10,26
B_OS_US_FR_F_FR_M_MN12_T07,1,10,10,8,24,5,7,29
B_OS_US_ZH_M_FR_F_MN12_T07,1,10,10,8,24,5,7,29
B_OS_US_ZH_F_FR_F_MN12_T07,1,10,10,8,24,5,7,29
B_OS_US_US_M_FR_F_MN12_T07,1,10,10,8,24,15,17,19
B_OS_US_US_F_FR_F_MN12_T07,1,10,10,8,24,5,7,29
B_OS_US_FR_M_FR_F_MN12_T07,1,10,10,8,24,10,12,24
B_OS_US_FR_F_FR_F_MN12_T07,1,10,10,8,24,4,6,30
B_OS_US_ZH_M_U_U_MN12_T07,1,10,10,10,30,10,10,30
B_OS_US_ZH_F_U_U_MN12_T07,1,10,10,10,30,5,5,35
B_OS_US_US_M_U_U_MN12_T07,1,10,10,10,30,10,10,30
B_OS_US_US_F_U_U_MN12_T07,1,10,10,10,30,20,20,20
B_OS_US_FR_M_U_U_MN12_T07,1,10,10,10,30,20,20,20
B_OS_US_FR_F_U_U_MN12_T07,1,10,10,10,30,20,20,20
B_OS_US_ZH_M_ZH_M_MN12_T07,1,10,10,10,30,10,10,30
B_OS_US_ZH_F_ZH_M_MN12_T07,1,10,10,10,30,5,5,35
B_OS_US_US_M_ZH_M_MN12_T07,1,10,10,10,30,5,5,35
B_OS_US_US_F_ZH_M_MN12_T07,1,10,10,10,30,0,0,40
B_OS_US_FR_M_ZH_M_MN12_T07,1,10,10,10,30,5,5,35
B_OS_US_FR_F_ZH_M_MN12_T07,1,10,10,10,30,10,10,30
B_OS_US_ZH_M_ZH_F_MN12_T07,1,10,10,10,30,20,20,20
B_OS_US_ZH_F_ZH_F_MN12_T07,1,10,10,10,30,5,5,35
B_OS_US_US_M_ZH_F_MN12_T07,1,10,10,10,30,10,10,30
B_OS_US_US_F_ZH_F_MN12_T07,1,10,10,10,30,5,5,35
B_OS_US_FR_M_ZH_F_MN12_T07,1,10,10,10,30,5,5,35
B_OS_US_FR_F_ZH_F_MN12_T07,1,10,10,10,30,10,10,30
B_OS_US_ZH_M_US_M_MN12_T07,1,10,10,10,30,5,5,35
B_OS_US_ZH_F_US_M_MN12_T07,1,10,10,10,30,5,5,35
B_OS_US_US_M_US_M_MN12_T07,1,10,10,10,30,5,5,35
B_OS_US_US_F_US_M_MN12_T07,1,10,10,10,30,5,5,35
B_OS_US_FR_M_US_M_MN12_T07,1,10,10,10,30,5,5,35
B_OS_US_FR_F_US_M_MN12_T07,1,10,10,10,30,5,5,35
B_OS_US_ZH_M_US_F_MN12_T07,1,10,10,10,30,0,0,40
B_OS_US_ZH_F_US_F_MN12_T07,1,10,10,10,30,5,5,35
B_OS_US_US_M_US_F_MN12_T07,1,10,10,10,30,5,5,35
B_OS_US_US_F_US_F_MN12_T07,1,10,10,10,30,5,5,35
B_OS_US_FR_M_US_F_MN12_T07,1,10,10,10,30,5,5,35
B_OS_US_FR_F_US_F_MN12_T07,1,10,10,10,30,5,5,35
B_OS_US_ZH_M_FR_M_MN12_T07,1,10,10,10,30,0,0,40
B_OS_US_ZH_F_FR_M_MN12_T07,1,10,10,10,30,10,10,30
B_OS_US_US_M_FR_M_MN12_T07,1,10,10,10,30,20,20,20
B_OS_US_US_F_FR_M_MN12_T07,1,10,10,10,30,5,5,35
B_OS_US_FR_M_FR_M_MN12_T07,1,10,10,10,30,10,10,30
B_OS_US_FR_F_FR_M_MN12_T07,1,10,10,10,30,10,10,30
B_OS_US_ZH_M_FR_F_MN12_T07,1,10,10,10,30,15,15,25
B_OS_US_ZH_F_FR_F_MN12_T07,1,10,10,10,30,5,5,35
B_OS_US_US_M_FR_F_MN12_T07,1,10,10,10,30,5,5,35
B_OS_US_US_F_FR_F_MN12_T07,1,10,10,10,30,5,5,35
B_OS_US_FR_M_FR_F_MN12_T07,1,10,10,10,30,5,5,35
B_OS_US_FR_F_FR_F_MN12_T07,1,10,10,10,30,20,20,20
A_OS_US_U_U_ZH_M_M8B_T03,1,10,10,5,15,,5,25
A_OS_US_U_U_ZH_F_M8B_T03,1,10,10,5,15,,5,25
A_OS_US_U_U_US_M_M8B_T03,1,10,10,5,15,,5,25
A_OS_US_U_U_US_F_M8B_T03,1,10,10,5,15,,5,25
A_OS_US_U_U_FR_M_M8B_T03,1,10,10,5,15,,5,25
A_OS_US_U_U_FR_F_M8B_T03,1,10,10,5,15,,5,25
A_OS_US_ZH_M_ZH_M_M8B_T03,1,10,10,5,15,,5,25
A_OS_US_ZH_M_ZH_F_M8B_T03,1,10,10,5,15,,5,25
A_OS_US_ZH_M_US_M_M8B_T03,1,10,10,5,15,,5,25
A_OS_US_ZH_M_US_F_M8B_T03,1,10,10,5,15,,5,25
A_OS_US_ZH_M_FR_M_M8B_T03,1,10,10,5,15,,5,25
A_OS_US_ZH_M_FR_F_M8B_T03,1,10,10,5,15,,5,25
A_OS_US_ZH_F_ZH_M_M8B_T03,1,10,10,5,15,,5,25
A_OS_US_ZH_F_ZH_F_M8B_T03,1,10,10,5,15,,5,25
A_OS_US_ZH_F_US_M_M8B_T03,1,10,10,5,15,,5,25
A_OS_US_ZH_F_US_F_M8B_T03,1,10,10,5,15,,5,25
A_OS_US_ZH_F_FR_M_M8B_T03,1,10,10,5,15,,5,25
A_OS_US_ZH_F_FR_F_M8B_T03,1,10,10,5,15,,5,25
A_OS_US_US_M_ZH_M_M8B_T03,1,10,10,5,15,,5,25
A_OS_US_US_M_ZH_F_M8B_T03,1,10,10,5,15,,5,25
A_OS_US_US_M_US_M_M8B_T03,1,10,10,5,15,,5,25
A_OS_US_US_M_US_F_M8B_T03,1,10,10,5,15,,5,25
A_OS_US_US_M_FR_M_M8B_T03,1,10,10,5,15,,5,25
A_OS_US_US_M_FR_F_M8B_T03,1,10,10,5,15,,5,25
A_OS_US_US_F_ZH_M_M8B_T03,1,10,10,5,15,,5,25
A_OS_US_US_F_ZH_F_M8B_T03,1,10,10,5,15,,5,25
A_OS_US_US_F_US_M_M8B_T03,1,10,10,5,15,,5,25
A_OS_US_US_F_US_F_M8B_T03,1,10,10,5,15,,5,25
A_OS_US_US_F_FR_M_M8B_T03,1,10,10,5,15,,5,25
A_OS_US_US_F_FR_F_M8B_T03,1,10,10,5,15,,5,25
A_OS_US_FR_M_ZH_M_M8B_T03,1,10,10,5,15,,5,25
A_OS_US_FR_M_ZH_F_M8B_T03,1,10,10,5,15,,5,25
A_OS_US_FR_M_US_M_M8B_T03,1,10,10,5,15,,5,25
A_OS_US_FR_M_US_F_M8B_T03,1,10,10,5,15,,5,25
A_OS_US_FR_M_FR_M_M8B_T03,1,10,10,5,15,,5,25
A_OS_US_FR_M_FR_F_M8B_T03,1,10,10,5,15,,5,25
A_OS_US_FR_F_ZH_M_M8B_T03,1,10,10,5,15,,5,25
A_OS_US_FR_F_ZH_F_M8B_T03,1,10,10,5,15,,5,25
A_OS_US_FR_F_US_M_M8B_T03,1,10,10,5,15,,5,25
A_OS_US_FR_F_US_F_M8B_T03,1,10,10,5,15,,5,25
A_OS_US_FR_F_FR_M_M8B_T03,1,10,10,5,15,,5,25
A_OS_US_FR_F_FR_F_M8B_T03,1,10,10,5,15,,5,25
B_OS_US_ZH_M_U_U_M8B_T03,1,10,10,0,0,0,10,10
B_OS_US_ZH_F_U_U_M8B_T03,1,10,10,0,0,0,10,10
B_OS_US_US_M_U_U_M8B_T03,1,10,10,0,0,0,10,10
B_OS_US_US_F_U_U_M8B_T03,1,10,10,0,0,0,10,10
B_OS_US_FR_M_U_U_M8B_T03,1,10,10,0,0,0,10,10
B_OS_US_FR_F_U_U_M8B_T03,1,10,10,0,0,0,10,10
B_OS_US_ZH_M_ZH_M_M8B_T03,1,10,10,0,0,0,10,10
B_OS_US_ZH_F_ZH_M_M8B_T03,1,10,10,0,0,0,10,10
B_OS_US_US_M_ZH_M_M8B_T03,1,10,10,0,0,0,10,10
B_OS_US_US_F_ZH_M_M8B_T03,1,10,10,0,0,0,10,10
B_OS_US_FR_M_ZH_M_M8B_T03,1,10,10,0,0,0,10,10
B_OS_US_FR_F_ZH_M_M8B_T03,1,10,10,0,0,0,10,10
B_OS_US_ZH_M_ZH_F_M8B_T03,1,10,10,0,0,0,10,10
B_OS_US_ZH_F_ZH_F_M8B_T03,1,10,10,0,0,0,10,10
B_OS_US_US_M_ZH_F_M8B_T03,1,10,10,0,0,0,10,10
B_OS_US_US_F_ZH_F_M8B_T03,1,10,10,0,0,0,10,10
B_OS_US_FR_M_ZH_F_M8B_T03,1,10,10,0,0,0,10,10
B_OS_US_FR_F_ZH_F_M8B_T03,1,10,10,0,0,0,10,10
B_OS_US_ZH_M_US_M_M8B_T03,1,10,10,0,0,0,10,10
B_OS_US_ZH_F_US_M_M8B_T03,1,10,10,0,0,0,10,10
B_OS_US_US_M_US_M_M8B_T03,1,10,10,0,0,0,10,10
B_OS_US_US_F_US_M_M8B_T03,1,10,10,0,0,0,10,10
B_OS_US_FR_M_US_M_M8B_T03,1,10,10,0,0,0,10,10
B_OS_US_FR_F_US_M_M8B_T03,1,10,10,0,0,0,10,10
B_OS_US_ZH_M_US_F_M8B_T03,1,10,10,0,0,0,10,10
B_OS_US_ZH_F_US_F_M8B_T03,1,10,10,0,0,0,10,10
B_OS_US_US_M_US_F_M8B_T03,1,10,10,0,0,0,10,10
B_OS_US_US_F_US_F_M8B_T03,1,10,10,0,0,0,10,10
B_OS_US_FR_M_US_F_M8B_T03,1,10,10,0,0,0,10,10
B_OS_US_FR_F_US_F_M8B_T03,1,10,10,0,0,0,10,10
B_OS_US_ZH_M_FR_M_M8B_T03,1,10,10,0,0,0,10,10
B_OS_US_ZH_F_FR_M_M8B_T03,1,10,10,0,0,0,10,10
B_OS_US_US_M_FR_M_M8B_T03,1,10,10,0,0,0,10,10
B_OS_US_US_F_FR_M_M8B_T03,1,10,10,0,0,0,10,10
B_OS_US_FR_M_FR_M_M8B_T03,1,10,10,0,0,0,10,10
B_OS_US_FR_F_FR_M_M8B_T03,1,10,10,0,0,0,10,10
B_OS_US_ZH_M_FR_F_M8B_T03,1,10,10,0,0,0,10,10
B_OS_US_ZH_F_FR_F_M8B_T03,1,10,10,0,0,0,10,10
B_OS_US_US_M_FR_F_M8B_T03,1,10,10,0,0,0,10,10
B_OS_US_US_F_FR_F_M8B_T03,1,10,10,0,0,0,10,10
B_OS_US_FR_M_FR_F_M8B_T03,1,10,10,0,0,0,10,10
B_OS_US_FR_F_FR_F_M8B_T03,1,10,10,0,0,0,10,10
B_OS_US_ZH_M_U_U_M8B_T03,1,10,10,2,6,2,10,14
B_OS_US_ZH_F_U_U_M8B_T03,1,10,10,2,6,2,10,14
B_OS_US_US_M_U_U_M8B_T03,1,10,10,2,6,2,10,14
B_OS_US_US_F_U_U_M8B_T03,1,10,10,2,6,2,10,14
B_OS_US_FR_M_U_U_M8B_T03,1,10,10,2,6,2,10,14
B_OS_US_FR_F_U_U_M8B_T03,1,10,10,2,6,2,10,14
B_OS_US_ZH_M_ZH_M_M8B_T03,1,10,10,2,6,2,10,14
B_OS_US_ZH_F_ZH_M_M8B_T03,1,10,10,2,6,2,10,14
B_OS_US_US_M_ZH_M_M8B_T03,1,10,10,2,6,2,10,14
B_OS_US_US_F_ZH_M_M8B_T03,1,10,10,2,6,2,10,14
B_OS_US_FR_M_ZH_M_M8B_T03,1,10,10,2,6,5,13,11
B_OS_US_FR_F_ZH_M_M8B_T03,1,10,10,2,6,2,10,14
B_OS_US_ZH_M_ZH_F_M8B_T03,1,10,10,2,6,2,10,14
B_OS_US_ZH_F_ZH_F_M8B_T03,1,10,10,2,6,2,10,14
B_OS_US_US_M_ZH_F_M8B_T03,1,10,10,2,6,2,10,14
B_OS_US_US_F_ZH_F_M8B_T03,1,10,10,2,6,2,10,14
B_OS_US_FR_M_ZH_F_M8B_T03,1,10,10,2,6,2,10,14
B_OS_US_FR_F_ZH_F_M8B_T03,1,10,10,2,6,2,10,14
B_OS_US_ZH_M_US_M_M8B_T03,1,10,10,2,6,5,13,11
B_OS_US_ZH_F_US_M_M8B_T03,1,10,10,2,6,3,11,13
B_OS_US_US_M_US_M_M8B_T03,1,10,10,2,6,5,13,11
B_OS_US_US_F_US_M_M8B_T03,1,10,10,2,6,2,10,14
B_OS_US_FR_M_US_M_M8B_T03,1,10,10,2,6,2,10,14
B_OS_US_FR_F_US_M_M8B_T03,1,10,10,2,6,2,10,14
B_OS_US_ZH_M_US_F_M8B_T03,1,10,10,2,6,2,10,14
B_OS_US_ZH_F_US_F_M8B_T03,1,10,10,2,6,2,10,14
B_OS_US_US_M_US_F_M8B_T03,1,10,10,2,6,5,13,11
B_OS_US_US_F_US_F_M8B_T03,1,10,10,2,6,2,10,14
B_OS_US_FR_M_US_F_M8B_T03,1,10,10,2,6,3,11,13
B_OS_US_FR_F_US_F_M8B_T03,1,10,10,2,6,3,11,13
B_OS_US_ZH_M_FR_M_M8B_T03,1,10,10,2,6,2,10,14
B_OS_US_ZH_F_FR_M_M8B_T03,1,10,10,2,6,2,10,14
B_OS_US_US_M_FR_M_M8B_T03,1,10,10,2,6,2,10,14
B_OS_US_US_F_FR_M_M8B_T03,1,10,10,2,6,2,10,14
B_OS_US_FR_M_FR_M_M8B_T03,1,10,10,2,6,3,11,13
B_OS_US_FR_F_FR_M_M8B_T03,1,10,10,2,6,2,10,14
B_OS_US_ZH_M_FR_F_M8B_T03,1,10,10,2,6,2,10,14
B_OS_US_ZH_F_FR_F_M8B_T03,1,10,10,2,6,2,10,14
B_OS_US_US_M_FR_F_M8B_T03,1,10,10,2,6,2,10,14
B_OS_US_US_F_FR_F_M8B_T03,1,10,10,2,6,2,10,14
B_OS_US_FR_M_FR_F_M8B_T03,1,10,10,2,6,2,10,14
B_OS_US_FR_F_FR_F_M8B_T03,1,10,10,2,6,2,10,14
B_OS_US_ZH_M_U_U_M8B_T03,1,10,10,5,15,5,10,20
B_OS_US_ZH_F_U_U_M8B_T03,1,10,10,5,15,5,10,20
B_OS_US_US_M_U_U_M8B_T03,1,10,10,5,15,5,10,20
B_OS_US_US_F_U_U_M8B_T03,1,10,10,5,15,5,10,20
B_OS_US_FR_M_U_U_M8B_T03,1,10,10,5,15,5,10,20
B_OS_US_FR_F_U_U_M8B_T03,1,10,10,5,15,5,10,20
B_OS_US_ZH_M_ZH_M_M8B_T03,1,10,10,5,15,5,10,20
B_OS_US_ZH_F_ZH_M_M8B_T03,1,10,10,5,15,5,10,20
B_OS_US_US_M_ZH_M_M8B_T03,1,10,10,5,15,5,10,20
B_OS_US_US_F_ZH_M_M8B_T03,1,10,10,5,15,10,15,15
B_OS_US_FR_M_ZH_M_M8B_T03,1,10,10,5,15,5,10,20
B_OS_US_FR_F_ZH_M_M8B_T03,1,10,10,5,15,5,10,20
B_OS_US_ZH_M_ZH_F_M8B_T03,1,10,10,5,15,10,15,15
B_OS_US_ZH_F_ZH_F_M8B_T03,1,10,10,5,15,5,10,20
B_OS_US_US_M_ZH_F_M8B_T03,1,10,10,5,15,5,10,20
B_OS_US_US_F_ZH_F_M8B_T03,1,10,10,5,15,5,10,20
B_OS_US_FR_M_ZH_F_M8B_T03,1,10,10,5,15,5,10,20
B_OS_US_FR_F_ZH_F_M8B_T03,1,10,10,5,15,5,10,20
B_OS_US_ZH_M_US_M_M8B_T03,1,10,10,5,15,10,15,15
B_OS_US_ZH_F_US_M_M8B_T03,1,10,10,5,15,5,10,20
B_OS_US_US_M_US_M_M8B_T03,1,10,10,5,15,5,10,20
B_OS_US_US_F_US_M_M8B_T03,1,10,10,5,15,5,10,20
B_OS_US_FR_M_US_M_M8B_T03,1,10,10,5,15,5,10,20
B_OS_US_FR_F_US_M_M8B_T03,1,10,10,5,15,5,10,20
B_OS_US_ZH_M_US_F_M8B_T03,1,10,10,5,15,5,10,20
B_OS_US_ZH_F_US_F_M8B_T03,1,10,10,5,15,10,15,15
B_OS_US_US_M_US_F_M8B_T03,1,10,10,5,15,5,10,20
B_OS_US_US_F_US_F_M8B_T03,1,10,10,5,15,5,10,20
B_OS_US_FR_M_US_F_M8B_T03,1,10,10,5,15,5,10,20
B_OS_US_FR_F_US_F_M8B_T03,1,10,10,5,15,5,10,20
B_OS_US_ZH_M_FR_M_M8B_T03,1,10,10,5,15,5,10,20
B_OS_US_ZH_F_FR_M_M8B_T03,1,10,10,5,15,5,10,20
B_OS_US_US_M_FR_M_M8B_T03,1,10,10,5,15,5,10,20
B_OS_US_US_F_FR_M_M8B_T03,1,10,10,5,15,10,15,15
B_OS_US_FR_M_FR_M_M8B_T03,1,10,10,5,15,5,10,20
B_OS_US_FR_F_FR_M_M8B_T03,1,10,10,5,15,10,15,15
B_OS_US_ZH_M_FR_F_M8B_T03,1,10,10,5,15,5,10,20
B_OS_US_ZH_F_FR_F_M8B_T03,1,10,10,5,15,5,10,20
B_OS_US_US_M_FR_F_M8B_T03,1,10,10,5,15,5,10,20
B_OS_US_US_F_FR_F_M8B_T03,1,10,10,5,15,10,15,15
B_OS_US_FR_M_FR_F_M8B_T03,1,10,10,5,15,5,10,20
B_OS_US_FR_F_FR_F_M8B_T03,1,10,10,5,15,5,10,20
B_OS_US_ZH_M_U_U_M8B_T03,1,10,10,8,24,10,12,24
B_OS_US_ZH_F_U_U_M8B_T03,1,10,10,8,24,10,12,24
B_OS_US_US_M_U_U_M8B_T03,1,10,10,8,24,10,12,24
B_OS_US_US_F_U_U_M8B_T03,1,10,10,8,24,10,12,24
B_OS_US_FR_M_U_U_M8B_T03,1,10,10,8,24,10,12,24
B_OS_US_FR_F_U_U_M8B_T03,1,10,10,8,24,10,12,24
B_OS_US_ZH_M_ZH_M_M8B_T03,1,10,10,8,24,10,12,24
B_OS_US_ZH_F_ZH_M_M8B_T03,1,10,10,8,24,10,12,24
B_OS_US_US_M_ZH_M_M8B_T03,1,10,10,8,24,10,12,24
B_OS_US_US_F_ZH_M_M8B_T03,1,10,10,8,24,10,12,24
B_OS_US_FR_M_ZH_M_M8B_T03,1,10,10,8,24,10,12,24
B_OS_US_FR_F_ZH_M_M8B_T03,1,10,10,8,24,10,12,24
B_OS_US_ZH_M_ZH_F_M8B_T03,1,10,10,8,24,10,12,24
B_OS_US_ZH_F_ZH_F_M8B_T03,1,10,10,8,24,10,12,24
B_OS_US_US_M_ZH_F_M8B_T03,1,10,10,8,24,10,12,24
B_OS_US_US_F_ZH_F_M8B_T03,1,10,10,8,24,10,12,24
B_OS_US_FR_M_ZH_F_M8B_T03,1,10,10,8,24,5,7,29
B_OS_US_FR_F_ZH_F_M8B_T03,1,10,10,8,24,10,12,24
B_OS_US_ZH_M_US_M_M8B_T03,1,10,10,8,24,10,12,24
B_OS_US_ZH_F_US_M_M8B_T03,1,10,10,8,24,10,12,24
B_OS_US_US_M_US_M_M8B_T03,1,10,10,8,24,10,12,24
B_OS_US_US_F_US_M_M8B_T03,1,10,10,8,24,10,12,24
B_OS_US_FR_M_US_M_M8B_T03,1,10,10,8,24,10,12,24
B_OS_US_FR_F_US_M_M8B_T03,1,10,10,8,24,10,12,24
B_OS_US_ZH_M_US_F_M8B_T03,1,10,10,8,24,10,12,24
B_OS_US_ZH_F_US_F_M8B_T03,1,10,10,8,24,10,12,24
B_OS_US_US_M_US_F_M8B_T03,1,10,10,8,24,10,12,24
B_OS_US_US_F_US_F_M8B_T03,1,10,10,8,24,10,12,24
B_OS_US_FR_M_US_F_M8B_T03,1,10,10,8,24,10,12,24
B_OS_US_FR_F_US_F_M8B_T03,1,10,10,8,24,10,12,24
B_OS_US_ZH_M_FR_M_M8B_T03,1,10,10,8,24,10,12,24
B_OS_US_ZH_F_FR_M_M8B_T03,1,10,10,8,24,10,12,24
B_OS_US_US_M_FR_M_M8B_T03,1,10,10,8,24,10,12,24
B_OS_US_US_F_FR_M_M8B_T03,1,10,10,8,24,10,12,24
B_OS_US_FR_M_FR_M_M8B_T03,1,10,10,8,24,10,12,24
B_OS_US_FR_F_FR_M_M8B_T03,1,10,10,8,24,10,12,24
B_OS_US_ZH_M_FR_F_M8B_T03,1,10,10,8,24,10,12,24
B_OS_US_ZH_F_FR_F_M8B_T03,1,10,10,8,24,10,12,24
B_OS_US_US_M_FR_F_M8B_T03,1,10,10,8,24,10,12,24
B_OS_US_US_F_FR_F_M8B_T03,1,10,10,8,24,10,12,24
B_OS_US_FR_M_FR_F_M8B_T03,1,10,10,8,24,10,12,24
B_OS_US_FR_F_FR_F_M8B_T03,1,10,10,8,24,10,12,24
B_OS_US_ZH_M_U_U_M8B_T03,1,10,10,10,30,5,5,35
B_OS_US_ZH_F_U_U_M8B_T03,1,10,10,10,30,5,5,35
B_OS_US_US_M_U_U_M8B_T03,1,10,10,10,30,10,10,30
B_OS_US_US_F_U_U_M8B_T03,1,10,10,10,30,20,20,20
B_OS_US_FR_M_U_U_M8B_T03,1,10,10,10,30,10,10,30
B_OS_US_FR_F_U_U_M8B_T03,1,10,10,10,30,5,5,35
B_OS_US_ZH_M_ZH_M_M8B_T03,1,10,10,10,30,10,10,30
B_OS_US_ZH_F_ZH_M_M8B_T03,1,10,10,10,30,10,10,30
B_OS_US_US_M_ZH_M_M8B_T03,1,10,10,10,30,20,20,20
B_OS_US_US_F_ZH_M_M8B_T03,1,10,10,10,30,10,10,30
B_OS_US_FR_M_ZH_M_M8B_T03,1,10,10,10,30,10,10,30
B_OS_US_FR_F_ZH_M_M8B_T03,1,10,10,10,30,10,10,30
B_OS_US_ZH_M_ZH_F_M8B_T03,1,10,10,10,30,10,10,30
B_OS_US_ZH_F_ZH_F_M8B_T03,1,10,10,10,30,5,5,35
B_OS_US_US_M_ZH_F_M8B_T03,1,10,10,10,30,10,10,30
B_OS_US_US_F_ZH_F_M8B_T03,1,10,10,10,30,10,10,30
B_OS_US_FR_M_ZH_F_M8B_T03,1,10,10,10,30,5,5,35
B_OS_US_FR_F_ZH_F_M8B_T03,1,10,10,10,30,5,5,35
B_OS_US_ZH_M_US_M_M8B_T03,1,10,10,10,30,10,10,30
B_OS_US_ZH_F_US_M_M8B_T03,1,10,10,10,30,10,10,30
B_OS_US_US_M_US_M_M8B_T03,1,10,10,10,30,5,5,35
B_OS_US_US_F_US_M_M8B_T03,1,10,10,10,30,10,10,30
B_OS_US_FR_M_US_M_M8B_T03,1,10,10,10,30,5,5,35
B_OS_US_FR_F_US_M_M8B_T03,1,10,10,10,30,10,10,30
B_OS_US_ZH_M_US_F_M8B_T03,1,10,10,10,30,5,5,35
B_OS_US_ZH_F_US_F_M8B_T03,1,10,10,10,30,10,10,30
B_OS_US_US_M_US_F_M8B_T03,1,10,10,10,30,5,5,35
B_OS_US_US_F_US_F_M8B_T03,1,10,10,10,30,5,5,35
B_OS_US_FR_M_US_F_M8B_T03,1,10,10,10,30,5,5,35
B_OS_US_FR_F_US_F_M8B_T03,1,10,10,10,30,5,5,35
B_OS_US_ZH_M_FR_M_M8B_T03,1,10,10,10,30,10,10,30
B_OS_US_ZH_F_FR_M_M8B_T03,1,10,10,10,30,5,5,35
B_OS_US_US_M_FR_M_M8B_T03,1,10,10,10,30,10,10,30
B_OS_US_US_F_FR_M_M8B_T03,1,10,10,10,30,5,5,35
B_OS_US_FR_M_FR_M_M8B_T03,1,10,10,10,30,5,5,35
B_OS_US_FR_F_FR_M_M8B_T03,1,10,10,10,30,10,10,30
B_OS_US_ZH_M_FR_F_M8B_T03,1,10,10,10,30,5,5,35
B_OS_US_ZH_F_FR_F_M8B_T03,1,10,10,10,30,5,5,35
B_OS_US_US_M_FR_F_M8B_T03,1,10,10,10,30,5,5,35
B_OS_US_US_F_FR_F_M8B_T03,1,10,10,10,30,5,5,35
B_OS_US_FR_M_FR_F_M8B_T03,1,10,10,10,30,5,5,35
B_OS_US_FR_F_FR_F_M8B_T03,1,10,10,10,30,10,10,30
A_OS_US_U_U_ZH_M_M8B_T05,1,10,10,5,15,,5,25
A_OS_US_U_U_ZH_F_M8B_T05,1,10,10,5,15,,5,25
A_OS_US_U_U_US_M_M8B_T05,1,10,10,5,15,,5,25
A_OS_US_U_U_US_F_M8B_T05,1,10,10,3,9,,7,19
A_OS_US_U_U_FR_M_M8B_T05,1,10,10,5,15,,5,25
A_OS_US_U_U_FR_F_M8B_T05,1,10,10,5,15,,5,25
A_OS_US_ZH_M_ZH_M_M8B_T05,1,10,10,5,15,,5,25
A_OS_US_ZH_M_ZH_F_M8B_T05,1,10,10,5,15,,5,25
A_OS_US_ZH_M_US_M_M8B_T05,1,10,10,5,15,,5,25
A_OS_US_ZH_M_US_F_M8B_T05,1,10,10,5,15,,5,25
A_OS_US_ZH_M_FR_M_M8B_T05,1,10,10,5,15,,5,25
A_OS_US_ZH_M_FR_F_M8B_T05,1,10,10,5,15,,5,25
A_OS_US_ZH_F_ZH_M_M8B_T05,1,10,10,5,15,,5,25
A_OS_US_ZH_F_ZH_F_M8B_T05,1,10,10,5,15,,5,25
A_OS_US_ZH_F_US_M_M8B_T05,1,10,10,3,9,,7,19
A_OS_US_ZH_F_US_F_M8B_T05,1,10,10,5,15,,5,25
A_OS_US_ZH_F_FR_M_M8B_T05,1,10,10,3,9,,7,19
A_OS_US_ZH_F_FR_F_M8B_T05,1,10,10,5,15,,5,25
A_OS_US_US_M_ZH_M_M8B_T05,1,10,10,5,15,,5,25
A_OS_US_US_M_ZH_F_M8B_T05,1,10,10,5,15,,5,25
A_OS_US_US_M_US_M_M8B_T05,1,10,10,5,15,,5,25
A_OS_US_US_M_US_F_M8B_T05,1,10,10,5,15,,5,25
A_OS_US_US_M_FR_M_M8B_T05,1,10,10,5,15,,5,25
A_OS_US_US_M_FR_F_M8B_T05,1,10,10,5,15,,5,25
A_OS_US_US_F_ZH_M_M8B_T05,1,10,10,5,15,,5,25
A_OS_US_US_F_ZH_F_M8B_T05,1,10,10,3,9,,7,19
A_OS_US_US_F_US_M_M8B_T05,1,10,10,5,15,,5,25
A_OS_US_US_F_US_F_M8B_T05,1,10,10,5,15,,5,25
A_OS_US_US_F_FR_M_M8B_T05,1,10,10,5,15,,5,25
A_OS_US_US_F_FR_F_M8B_T05,1,10,10,3,9,,7,19
A_OS_US_FR_M_ZH_M_M8B_T05,1,10,10,5,15,,5,25
A_OS_US_FR_M_ZH_F_M8B_T05,1,10,10,5,15,,5,25
A_OS_US_FR_M_US_M_M8B_T05,1,10,10,5,15,,5,25
A_OS_US_FR_M_US_F_M8B_T05,1,10,10,5,15,,5,25
A_OS_US_FR_M_FR_M_M8B_T05,1,10,10,5,15,,5,25
A_OS_US_FR_M_FR_F_M8B_T05,1,10,10,5,15,,5,25
A_OS_US_FR_F_ZH_M_M8B_T05,1,10,10,5,15,,5,25
A_OS_US_FR_F_ZH_F_M8B_T05,1,10,10,5,15,,5,25
A_OS_US_FR_F_US_M_M8B_T05,1,10,10,5,15,,5,25
A_OS_US_FR_F_US_F_M8B_T05,1,10,10,5,15,,5,25
A_OS_US_FR_F_FR_M_M8B_T05,1,10,10,5,15,,5,25
A_OS_US_FR_F_FR_F_M8B_T05,1,10,10,5,15,,5,25
B_OS_US_ZH_M_U_U_M8B_T05,1,10,10,0,0,0,10,10
B_OS_US_ZH_F_U_U_M8B_T05,1,10,10,0,0,0,10,10
B_OS_US_US_M_U_U_M8B_T05,1,10,10,0,0,0,10,10
B_OS_US_US_F_U_U_M8B_T05,1,10,10,0,0,0,10,10
B_OS_US_FR_M_U_U_M8B_T05,1,10,10,0,0,0,10,10
B_OS_US_FR_F_U_U_M8B_T05,1,10,10,0,0,0,10,10
B_OS_US_ZH_M_ZH_M_M8B_T05,1,10,10,0,0,0,10,10
B_OS_US_ZH_F_ZH_M_M8B_T05,1,10,10,0,0,0,10,10
B_OS_US_US_M_ZH_M_M8B_T05,1,10,10,0,0,0,10,10
B_OS_US_US_F_ZH_M_M8B_T05,1,10,10,0,0,0,10,10
B_OS_US_FR_M_ZH_M_M8B_T05,1,10,10,0,0,0,10,10
B_OS_US_FR_F_ZH_M_M8B_T05,1,10,10,0,0,0,10,10
B_OS_US_ZH_M_ZH_F_M8B_T05,1,10,10,0,0,0,10,10
B_OS_US_ZH_F_ZH_F_M8B_T05,1,10,10,0,0,0,10,10
B_OS_US_US_M_ZH_F_M8B_T05,1,10,10,0,0,0,10,10
B_OS_US_US_F_ZH_F_M8B_T05,1,10,10,0,0,0,10,10
B_OS_US_FR_M_ZH_F_M8B_T05,1,10,10,0,0,0,10,10
B_OS_US_FR_F_ZH_F_M8B_T05,1,10,10,0,0,0,10,10
B_OS_US_ZH_M_US_M_M8B_T05,1,10,10,0,0,0,10,10
B_OS_US_ZH_F_US_M_M8B_T05,1,10,10,0,0,0,10,10
B_OS_US_US_M_US_M_M8B_T05,1,10,10,0,0,0,10,10
B_OS_US_US_F_US_M_M8B_T05,1,10,10,0,0,0,10,10
B_OS_US_FR_M_US_M_M8B_T05,1,10,10,0,0,0,10,10
B_OS_US_FR_F_US_M_M8B_T05,1,10,10,0,0,0,10,10
B_OS_US_ZH_M_US_F_M8B_T05,1,10,10,0,0,0,10,10
B_OS_US_ZH_F_US_F_M8B_T05,1,10,10,0,0,0,10,10
B_OS_US_US_M_US_F_M8B_T05,1,10,10,0,0,0,10,10
B_OS_US_US_F_US_F_M8B_T05,1,10,10,0,0,0,10,10
B_OS_US_FR_M_US_F_M8B_T05,1,10,10,0,0,0,10,10
B_OS_US_FR_F_US_F_M8B_T05,1,10,10,0,0,0,10,10
B_OS_US_ZH_M_FR_M_M8B_T05,1,10,10,0,0,5,15,5
B_OS_US_ZH_F_FR_M_M8B_T05,1,10,10,0,0,0,10,10
B_OS_US_US_M_FR_M_M8B_T05,1,10,10,0,0,0,10,10
B_OS_US_US_F_FR_M_M8B_T05,1,10,10,0,0,5,15,5
B_OS_US_FR_M_FR_M_M8B_T05,1,10,10,0,0,0,10,10
B_OS_US_FR_F_FR_M_M8B_T05,1,10,10,0,0,0,10,10
B_OS_US_ZH_M_FR_F_M8B_T05,1,10,10,0,0,0,10,10
B_OS_US_ZH_F_FR_F_M8B_T05,1,10,10,0,0,0,10,10
B_OS_US_US_M_FR_F_M8B_T05,1,10,10,0,0,0,10,10
B_OS_US_US_F_FR_F_M8B_T05,1,10,10,0,0,0,10,10
B_OS_US_FR_M_FR_F_M8B_T05,1,10,10,0,0,0,10,10
B_OS_US_FR_F_FR_F_M8B_T05,1,10,10,0,0,0,10,10
B_OS_US_ZH_M_U_U_M8B_T05,1,10,10,2,6,2,10,14
B_OS_US_ZH_F_U_U_M8B_T05,1,10,10,2,6,2,10,14
B_OS_US_US_M_U_U_M8B_T05,1,10,10,2,6,2,10,14
B_OS_US_US_F_U_U_M8B_T05,1,10,10,2,6,2,10,14
B_OS_US_FR_M_U_U_M8B_T05,1,10,10,2,6,2,10,14
B_OS_US_FR_F_U_U_M8B_T05,1,10,10,2,6,2,10,14
B_OS_US_ZH_M_ZH_M_M8B_T05,1,10,10,2,6,5,13,11
B_OS_US_ZH_F_ZH_M_M8B_T05,1,10,10,2,6,2,10,14
B_OS_US_US_M_ZH_M_M8B_T05,1,10,10,2,6,4,12,12
B_OS_US_US_F_ZH_M_M8B_T05,1,10,10,2,6,3,11,13
B_OS_US_FR_M_ZH_M_M8B_T05,1,10,10,2,6,2,10,14
B_OS_US_FR_F_ZH_M_M8B_T05,1,10,10,2,6,2,10,14
B_OS_US_ZH_M_ZH_F_M8B_T05,1,10,10,2,6,2,10,14
B_OS_US_ZH_F_ZH_F_M8B_T05,1,10,10,2,6,4,12,12
B_OS_US_US_M_ZH_F_M8B_T05,1,10,10,2,6,4,12,12
B_OS_US_US_F_ZH_F_M8B_T05,1,10,10,2,6,2,10,14
B_OS_US_FR_M_ZH_F_M8B_T05,1,10,10,2,6,2,10,14
B_OS_US_FR_F_ZH_F_M8B_T05,1,10,10,2,6,4,12,12
B_OS_US_ZH_M_US_M_M8B_T05,1,10,10,2,6,5,13,11
B_OS_US_ZH_F_US_M_M8B_T05,1,10,10,2,6,2,10,14
B_OS_US_US_M_US_M_M8B_T05,1,10,10,2,6,2,10,14
B_OS_US_US_F_US_M_M8B_T05,1,10,10,2,6,2,10,14
B_OS_US_FR_M_US_M_M8B_T05,1,10,10,2,6,2,10,14
B_OS_US_FR_F_US_M_M8B_T05,1,10,10,2,6,5,13,11
B_OS_US_ZH_M_US_F_M8B_T05,1,10,10,2,6,2,10,14
B_OS_US_ZH_F_US_F_M8B_T05,1,10,10,2,6,2,10,14
B_OS_US_US_M_US_F_M8B_T05,1,10,10,2,6,2,10,14
B_OS_US_US_F_US_F_M8B_T05,1,10,10,2,6,2,10,14
B_OS_US_FR_M_US_F_M8B_T05,1,10,10,2,6,2,10,14
B_OS_US_FR_F_US_F_M8B_T05,1,10,10,2,6,3,11,13
B_OS_US_ZH_M_FR_M_M8B_T05,1,10,10,2,6,5,13,11
B_OS_US_ZH_F_FR_M_M8B_T05,1,10,10,2,6,2,10,14
B_OS_US_US_M_FR_M_M8B_T05,1,10,10,2,6,2,10,14
B_OS_US_US_F_FR_M_M8B_T05,1,10,10,2,6,2,10,14
B_OS_US_FR_M_FR_M_M8B_T05,1,10,10,2,6,2,10,14
B_OS_US_FR_F_FR_M_M8B_T05,1,10,10,2,6,5,13,11
B_OS_US_ZH_M_FR_F_M8B_T05,1,10,10,2,6,5,13,11
B_OS_US_ZH_F_FR_F_M8B_T05,1,10,10,2,6,2,10,14
B_OS_US_US_M_FR_F_M8B_T05,1,10,10,2,6,2,10,14
B_OS_US_US_F_FR_F_M8B_T05,1,10,10,2,6,2,10,14
B_OS_US_FR_M_FR_F_M8B_T05,1,10,10,2,6,2,10,14
B_OS_US_FR_F_FR_F_M8B_T05,1,10,10,2,6,5,13,11
B_OS_US_ZH_M_U_U_M8B_T05,1,10,10,5,15,5,10,20
B_OS_US_ZH_F_U_U_M8B_T05,1,10,10,5,15,10,15,15
B_OS_US_US_M_U_U_M8B_T05,1,10,10,5,15,5,10,20
B_OS_US_US_F_U_U_M8B_T05,1,10,10,5,15,10,15,15
B_OS_US_FR_M_U_U_M8B_T05,1,10,10,5,15,5,10,20
B_OS_US_FR_F_U_U_M8B_T05,1,10,10,5,15,5,10,20
B_OS_US_ZH_M_ZH_M_M8B_T05,1,10,10,5,15,10,15,15
B_OS_US_ZH_F_ZH_M_M8B_T05,1,10,10,5,15,10,15,15
B_OS_US_US_M_ZH_M_M8B_T05,1,10,10,5,15,5,10,20
B_OS_US_US_F_ZH_M_M8B_T05,1,10,10,5,15,10,15,15
B_OS_US_FR_M_ZH_M_M8B_T05,1,10,10,5,15,5,10,20
B_OS_US_FR_F_ZH_M_M8B_T05,1,10,10,5,15,5,10,20
B_OS_US_ZH_M_ZH_F_M8B_T05,1,10,10,5,15,10,15,15
B_OS_US_ZH_F_ZH_F_M8B_T05,1,10,10,5,15,5,10,20
B_OS_US_US_M_ZH_F_M8B_T05,1,10,10,5,15,10,15,15
B_OS_US_US_F_ZH_F_M8B_T05,1,10,10,5,15,5,10,20
B_OS_US_FR_M_ZH_F_M8B_T05,1,10,10,5,15,5,10,20
B_OS_US_FR_F_ZH_F_M8B_T05,1,10,10,5,15,5,10,20
B_OS_US_ZH_M_US_M_M8B_T05,1,10,10,5,15,5,10,20
B_OS_US_ZH_F_US_M_M8B_T05,1,10,10,5,15,10,15,15
B_OS_US_US_M_US_M_M8B_T05,1,10,10,5,15,5,10,20
B_OS_US_US_F_US_M_M8B_T05,1,10,10,5,15,10,15,15
B_OS_US_FR_M_US_M_M8B_T05,1,10,10,5,15,10,15,15
B_OS_US_FR_F_US_M_M8B_T05,1,10,10,5,15,10,15,15
B_OS_US_ZH_M_US_F_M8B_T05,1,10,10,5,15,10,15,15
B_OS_US_ZH_F_US_F_M8B_T05,1,10,10,5,15,10,15,15
B_OS_US_US_M_US_F_M8B_T05,1,10,10,5,15,10,15,15
B_OS_US_US_F_US_F_M8B_T05,1,10,10,5,15,5,10,20
B_OS_US_FR_M_US_F_M8B_T05,1,10,10,5,15,5,10,20
B_OS_US_FR_F_US_F_M8B_T05,1,10,10,5,15,5,10,20
B_OS_US_ZH_M_FR_M_M8B_T05,1,10,10,5,15,5,10,20
B_OS_US_ZH_F_FR_M_M8B_T05,1,10,10,5,15,10,15,15
B_OS_US_US_M_FR_M_M8B_T05,1,10,10,5,15,10,15,15
B_OS_US_US_F_FR_M_M8B_T05,1,10,10,5,15,5,10,20
B_OS_US_FR_M_FR_M_M8B_T05,1,10,10,5,15,5,10,20
B_OS_US_FR_F_FR_M_M8B_T05,1,10,10,5,15,5,10,20
B_OS_US_ZH_M_FR_F_M8B_T05,1,10,10,5,15,10,15,15
B_OS_US_ZH_F_FR_F_M8B_T05,1,10,10,5,15,5,10,20
B_OS_US_US_M_FR_F_M8B_T05,1,10,10,5,15,5,10,20
B_OS_US_US_F_FR_F_M8B_T05,1,10,10,5,15,5,10,20
B_OS_US_FR_M_FR_F_M8B_T05,1,10,10,5,15,10,15,15
B_OS_US_FR_F_FR_F_M8B_T05,1,10,10,5,15,5,10,20
B_OS_US_ZH_M_U_U_M8B_T05,1,10,10,8,24,10,12,24
B_OS_US_ZH_F_U_U_M8B_T05,1,10,10,8,24,10,12,24
B_OS_US_US_M_U_U_M8B_T05,1,10,10,8,24,5,7,29
B_OS_US_US_F_U_U_M8B_T05,1,10,10,8,24,10,12,24
B_OS_US_FR_M_U_U_M8B_T05,1,10,10,8,24,10,12,24
B_OS_US_FR_F_U_U_M8B_T05,1,10,10,8,24,10,12,24
B_OS_US_ZH_M_ZH_M_M8B_T05,1,10,10,8,24,10,12,24
B_OS_US_ZH_F_ZH_M_M8B_T05,1,10,10,8,24,10,12,24
B_OS_US_US_M_ZH_M_M8B_T05,1,10,10,8,24,10,12,24
B_OS_US_US_F_ZH_M_M8B_T05,1,10,10,8,24,10,12,24
B_OS_US_FR_M_ZH_M_M8B_T05,1,10,10,8,24,10,12,24
B_OS_US_FR_F_ZH_M_M8B_T05,1,10,10,8,24,10,12,24
B_OS_US_ZH_M_ZH_F_M8B_T05,1,10,10,8,24,10,12,24
B_OS_US_ZH_F_ZH_F_M8B_T05,1,10,10,8,24,10,12,24
B_OS_US_US_M_ZH_F_M8B_T05,1,10,10,8,24,5,7,29
B_OS_US_US_F_ZH_F_M8B_T05,1,10,10,8,24,10,12,24
B_OS_US_FR_M_ZH_F_M8B_T05,1,10,10,8,24,10,12,24
B_OS_US_FR_F_ZH_F_M8B_T05,1,10,10,8,24,10,12,24
B_OS_US_ZH_M_US_M_M8B_T05,1,10,10,8,24,10,12,24
B_OS_US_ZH_F_US_M_M8B_T05,1,10,10,8,24,10,12,24
B_OS_US_US_M_US_M_M8B_T05,1,10,10,8,24,10,12,24
B_OS_US_US_F_US_M_M8B_T05,1,10,10,8,24,2,4,32
B_OS_US_FR_M_US_M_M8B_T05,1,10,10,8,24,10,12,24
B_OS_US_FR_F_US_M_M8B_T05,1,10,10,8,24,10,12,24
B_OS_US_ZH_M_US_F_M8B_T05,1,10,10,8,24,10,12,24
B_OS_US_ZH_F_US_F_M8B_T05,1,10,10,8,24,10,12,24
B_OS_US_US_M_US_F_M8B_T05,1,10,10,8,24,10,12,24
B_OS_US_US_F_US_F_M8B_T05,1,10,10,8,24,10,12,24
B_OS_US_FR_M_US_F_M8B_T05,1,10,10,8,24,10,12,24
B_OS_US_FR_F_US_F_M8B_T05,1,10,10,8,24,10,12,24
B_OS_US_ZH_M_FR_M_M8B_T05,1,10,10,8,24,10,12,24
B_OS_US_ZH_F_FR_M_M8B_T05,1,10,10,8,24,10,12,24
B_OS_US_US_M_FR_M_M8B_T05,1,10,10,8,24,10,12,24
B_OS_US_US_F_FR_M_M8B_T05,1,10,10,8,24,10,12,24
B_OS_US_FR_M_FR_M_M8B_T05,1,10,10,8,24,10,12,24
B_OS_US_FR_F_FR_M_M8B_T05,1,10,10,8,24,10,12,24
B_OS_US_ZH_M_FR_F_M8B_T05,1,10,10,8,24,10,12,24
B_OS_US_ZH_F_FR_F_M8B_T05,1,10,10,8,24,10,12,24
B_OS_US_US_M_FR_F_M8B_T05,1,10,10,8,24,10,12,24
B_OS_US_US_F_FR_F_M8B_T05,1,10,10,8,24,10,12,24
B_OS_US_FR_M_FR_F_M8B_T05,1,10,10,8,24,10,12,24
B_OS_US_FR_F_FR_F_M8B_T05,1,10,10,8,24,10,12,24
B_OS_US_ZH_M_U_U_M8B_T05,1,10,10,10,30,10,10,30
B_OS_US_ZH_F_U_U_M8B_T05,1,10,10,10,30,10,10,30
B_OS_US_US_M_U_U_M8B_T05,1,10,10,10,30,10,10,30
B_OS_US_US_F_U_U_M8B_T05,1,10,10,10,30,10,10,30
B_OS_US_FR_M_U_U_M8B_T05,1,10,10,10,30,10,10,30
B_OS_US_FR_F_U_U_M8B_T05,1,10,10,10,30,10,10,30
B_OS_US_ZH_M_ZH_M_M8B_T05,1,10,10,10,30,10,10,30
B_OS_US_ZH_F_ZH_M_M8B_T05,1,10,10,10,30,10,10,30
B_OS_US_US_M_ZH_M_M8B_T05,1,10,10,10,30,5,5,35
B_OS_US_US_F_ZH_M_M8B_T05,1,10,10,10,30,5,5,35
B_OS_US_FR_M_ZH_M_M8B_T05,1,10,10,10,30,10,10,30
B_OS_US_FR_F_ZH_M_M8B_T05,1,10,10,10,30,5,5,35
B_OS_US_ZH_M_ZH_F_M8B_T05,1,10,10,10,30,10,10,30
B_OS_US_ZH_F_ZH_F_M8B_T05,1,10,10,10,30,10,10,30
B_OS_US_US_M_ZH_F_M8B_T05,1,10,10,10,30,5,5,35
B_OS_US_US_F_ZH_F_M8B_T05,1,10,10,10,30,5,5,35
B_OS_US_FR_M_ZH_F_M8B_T05,1,10,10,10,30,10,10,30
B_OS_US_FR_F_ZH_F_M8B_T05,1,10,10,10,30,10,10,30
B_OS_US_ZH_M_US_M_M8B_T05,1,10,10,10,30,20,20,20
B_OS_US_ZH_F_US_M_M8B_T05,1,10,10,10,30,10,10,30
B_OS_US_US_M_US_M_M8B_T05,1,10,10,10,30,5,5,35
B_OS_US_US_F_US_M_M8B_T05,1,10,10,10,30,10,10,30
B_OS_US_FR_M_US_M_M8B_T05,1,10,10,10,30,10,10,30
B_OS_US_FR_F_US_M_M8B_T05,1,10,10,10,30,10,10,30
B_OS_US_ZH_M_US_F_M8B_T05,1,10,10,10,30,5,5,35
B_OS_US_ZH_F_US_F_M8B_T05,1,10,10,10,30,10,10,30
B_OS_US_US_M_US_F_M8B_T05,1,10,10,10,30,10,10,30
B_OS_US_US_F_US_F_M8B_T05,1,10,10,10,30,10,10,30
B_OS_US_FR_M_US_F_M8B_T05,1,10,10,10,30,10,10,30
B_OS_US_FR_F_US_F_M8B_T05,1,10,10,10,30,5,5,35
B_OS_US_ZH_M_FR_M_M8B_T05,1,10,10,10,30,5,5,35
B_OS_US_ZH_F_FR_M_M8B_T05,1,10,10,10,30,20,20,20
B_OS_US_US_M_FR_M_M8B_T05,1,10,10,10,30,20,20,20
B_OS_US_US_F_FR_M_M8B_T05,1,10,10,10,30,5,5,35
B_OS_US_FR_M_FR_M_M8B_T05,1,10,10,10,30,10,10,30
B_OS_US_FR_F_FR_M_M8B_T05,1,10,10,10,30,5,5,35
B_OS_US_ZH_M_FR_F_M8B_T05,1,10,10,10,30,5,5,35
B_OS_US_ZH_F_FR_F_M8B_T05,1,10,10,10,30,5,5,35
B_OS_US_US_M_FR_F_M8B_T05,1,10,10,10,30,5,5,35
B_OS_US_US_F_FR_F_M8B_T05,1,10,10,10,30,5,5,35
B_OS_US_FR_M_FR_F_M8B_T05,1,10,10,10,30,5,5,35
B_OS_US_FR_F_FR_F_M8B_T05,1,10,10,10,30,10,10,30
A_OS_US_U_U_ZH_M_M8B_T07,1,10,10,5,15,,5,25
A_OS_US_U_U_ZH_F_M8B_T07,1,10,10,5,15,,5,25
A_OS_US_U_U_US_M_M8B_T07,1,10,10,3,9,,7,19
A_OS_US_U_U_US_F_M8B_T07,1,10,10,3,9,,7,19
A_OS_US_U_U_FR_M_M8B_T07,1,10,10,5,15,,5,25
A_OS_US_U_U_FR_F_M8B_T07,1,10,10,5,15,,5,25
A_OS_US_ZH_M_ZH_M_M8B_T07,1,10,10,5,15,,5,25
A_OS_US_ZH_M_ZH_F_M8B_T07,1,10,10,3,9,,7,19
A_OS_US_ZH_M_US_M_M8B_T07,1,10,10,3,9,,7,19
A_OS_US_ZH_M_US_F_M8B_T07,1,10,10,5,15,,5,25
A_OS_US_ZH_M_FR_M_M8B_T07,1,10,10,5,15,,5,25
A_OS_US_ZH_M_FR_F_M8B_T07,1,10,10,5,15,,5,25
A_OS_US_ZH_F_ZH_M_M8B_T07,1,10,10,5,15,,5,25
A_OS_US_ZH_F_ZH_F_M8B_T07,1,10,10,5,15,,5,25
A_OS_US_ZH_F_US_M_M8B_T07,1,10,10,5,15,,5,25
A_OS_US_ZH_F_US_F_M8B_T07,1,10,10,5,15,,5,25
A_OS_US_ZH_F_FR_M_M8B_T07,1,10,10,5,15,,5,25
A_OS_US_ZH_F_FR_F_M8B_T07,1,10,10,5,15,,5,25
A_OS_US_US_M_ZH_M_M8B_T07,1,10,10,5,15,,5,25
A_OS_US_US_M_ZH_F_M8B_T07,1,10,10,5,15,,5,25
A_OS_US_US_M_US_M_M8B_T07,1,10,10,5,15,,5,25
A_OS_US_US_M_US_F_M8B_T07,1,10,10,5,15,,5,25
A_OS_US_US_M_FR_M_M8B_T07,1,10,10,5,15,,5,25
A_OS_US_US_M_FR_F_M8B_T07,1,10,10,5,15,,5,25
A_OS_US_US_F_ZH_M_M8B_T07,1,10,10,5,15,,5,25
A_OS_US_US_F_ZH_F_M8B_T07,1,10,10,3,9,,7,19
A_OS_US_US_F_US_M_M8B_T07,1,10,10,3,9,,7,19
A_OS_US_US_F_US_F_M8B_T07,1,10,10,5,15,,5,25
A_OS_US_US_F_FR_M_M8B_T07,1,10,10,5,15,,5,25
A_OS_US_US_F_FR_F_M8B_T07,1,10,10,5,15,,5,25
A_OS_US_FR_M_ZH_M_M8B_T07,1,10,10,5,15,,5,25
A_OS_US_FR_M_ZH_F_M8B_T07,1,10,10,5,15,,5,25
A_OS_US_FR_M_US_M_M8B_T07,1,10,10,5,15,,5,25
A_OS_US_FR_M_US_F_M8B_T07,1,10,10,3,9,,7,19
A_OS_US_FR_M_FR_M_M8B_T07,1,10,10,3,9,,7,19
A_OS_US_FR_M_FR_F_M8B_T07,1,10,10,5,15,,5,25
A_OS_US_FR_F_ZH_M_M8B_T07,1,10,10,3,9,,7,19
A_OS_US_FR_F_ZH_F_M8B_T07,1,10,10,5,15,,5,25
A_OS_US_FR_F_US_M_M8B_T07,1,10,10,5,15,,5,25
A_OS_US_FR_F_US_F_M8B_T07,1,10,10,5,15,,5,25
A_OS_US_FR_F_FR_M_M8B_T07,1,10,10,5,15,,5,25
A_OS_US_FR_F_FR_F_M8B_T07,1,10,10,5,15,,5,25
B_OS_US_ZH_M_U_U_M8B_T07,1,10,10,0,0,0,10,10
B_OS_US_ZH_F_U_U_M8B_T07,1,10,10,0,0,0,10,10
B_OS_US_US_M_U_U_M8B_T07,1,10,10,0,0,0,10,10
B_OS_US_US_F_U_U_M8B_T07,1,10,10,0,0,0,10,10
B_OS_US_FR_M_U_U_M8B_T07,1,10,10,0,0,0,10,10
B_OS_US_FR_F_U_U_M8B_T07,1,10,10,0,0,0,10,10
B_OS_US_ZH_M_ZH_M_M8B_T07,1,10,10,0,0,0,10,10
B_OS_US_ZH_F_ZH_M_M8B_T07,1,10,10,0,0,0,10,10
B_OS_US_US_M_ZH_M_M8B_T07,1,10,10,0,0,0,10,10
B_OS_US_US_F_ZH_M_M8B_T07,1,10,10,0,0,0,10,10
B_OS_US_FR_M_ZH_M_M8B_T07,1,10,10,0,0,0,10,10
B_OS_US_FR_F_ZH_M_M8B_T07,1,10,10,0,0,0,10,10
B_OS_US_ZH_M_ZH_F_M8B_T07,1,10,10,0,0,0,10,10
B_OS_US_ZH_F_ZH_F_M8B_T07,1,10,10,0,0,0,10,10
B_OS_US_US_M_ZH_F_M8B_T07,1,10,10,0,0,0,10,10
B_OS_US_US_F_ZH_F_M8B_T07,1,10,10,0,0,0,10,10
B_OS_US_FR_M_ZH_F_M8B_T07,1,10,10,0,0,0,10,10
B_OS_US_FR_F_ZH_F_M8B_T07,1,10,10,0,0,0,10,10
B_OS_US_ZH_M_US_M_M8B_T07,1,10,10,0,0,0,10,10
B_OS_US_ZH_F_US_M_M8B_T07,1,10,10,0,0,0,10,10
B_OS_US_US_M_US_M_M8B_T07,1,10,10,0,0,0,10,10
B_OS_US_US_F_US_M_M8B_T07,1,10,10,0,0,0,10,10
B_OS_US_FR_M_US_M_M8B_T07,1,10,10,0,0,0,10,10
B_OS_US_FR_F_US_M_M8B_T07,1,10,10,0,0,0,10,10
B_OS_US_ZH_M_US_F_M8B_T07,1,10,10,0,0,0,10,10
B_OS_US_ZH_F_US_F_M8B_T07,1,10,10,0,0,0,10,10
B_OS_US_US_M_US_F_M8B_T07,1,10,10,0,0,5,15,5
B_OS_US_US_F_US_F_M8B_T07,1,10,10,0,0,0,10,10
B_OS_US_FR_M_US_F_M8B_T07,1,10,10,0,0,0,10,10
B_OS_US_FR_F_US_F_M8B_T07,1,10,10,0,0,0,10,10
B_OS_US_ZH_M_FR_M_M8B_T07,1,10,10,0,0,0,10,10
B_OS_US_ZH_F_FR_M_M8B_T07,1,10,10,0,0,0,10,10
B_OS_US_US_M_FR_M_M8B_T07,1,10,10,0,0,0,10,10
B_OS_US_US_F_FR_M_M8B_T07,1,10,10,0,0,0,10,10
B_OS_US_FR_M_FR_M_M8B_T07,1,10,10,0,0,0,10,10
B_OS_US_FR_F_FR_M_M8B_T07,1,10,10,0,0,0,10,10
B_OS_US_ZH_M_FR_F_M8B_T07,1,10,10,0,0,0,10,10
B_OS_US_ZH_F_FR_F_M8B_T07,1,10,10,0,0,0,10,10
B_OS_US_US_M_FR_F_M8B_T07,1,10,10,0,0,0,10,10
B_OS_US_US_F_FR_F_M8B_T07,1,10,10,0,0,0,10,10
B_OS_US_FR_M_FR_F_M8B_T07,1,10,10,0,0,0,10,10
B_OS_US_FR_F_FR_F_M8B_T07,1,10,10,0,0,0,10,10
B_OS_US_ZH_M_U_U_M8B_T07,1,10,10,2,6,4,12,12
B_OS_US_ZH_F_U_U_M8B_T07,1,10,10,2,6,2,10,14
B_OS_US_US_M_U_U_M8B_T07,1,10,10,2,6,4,12,12
B_OS_US_US_F_U_U_M8B_T07,1,10,10,2,6,2,10,14
B_OS_US_FR_M_U_U_M8B_T07,1,10,10,2,6,3,11,13
B_OS_US_FR_F_U_U_M8B_T07,1,10,10,2,6,2,10,14
B_OS_US_ZH_M_ZH_M_M8B_T07,1,10,10,2,6,2,10,14
B_OS_US_ZH_F_ZH_M_M8B_T07,1,10,10,2,6,2,10,14
B_OS_US_US_M_ZH_M_M8B_T07,1,10,10,2,6,5,13,11
B_OS_US_US_F_ZH_M_M8B_T07,1,10,10,2,6,2,10,14
B_OS_US_FR_M_ZH_M_M8B_T07,1,10,10,2,6,2,10,14
B_OS_US_FR_F_ZH_M_M8B_T07,1,10,10,2,6,2,10,14
B_OS_US_ZH_M_ZH_F_M8B_T07,1,10,10,2,6,2,10,14
B_OS_US_ZH_F_ZH_F_M8B_T07,1,10,10,2,6,5,13,11
B_OS_US_US_M_ZH_F_M8B_T07,1,10,10,2,6,4,12,12
B_OS_US_US_F_ZH_F_M8B_T07,1,10,10,2,6,2,10,14
B_OS_US_FR_M_ZH_F_M8B_T07,1,10,10,2,6,2,10,14
B_OS_US_FR_F_ZH_F_M8B_T07,1,10,10,2,6,5,13,11
B_OS_US_ZH_M_US_M_M8B_T07,1,10,10,2,6,4,12,12
B_OS_US_ZH_F_US_M_M8B_T07,1,10,10,2,6,2,10,14
B_OS_US_US_M_US_M_M8B_T07,1,10,10,2,6,2,10,14
B_OS_US_US_F_US_M_M8B_T07,1,10,10,2,6,4,12,12
B_OS_US_FR_M_US_M_M8B_T07,1,10,10,2,6,2,10,14
B_OS_US_FR_F_US_M_M8B_T07,1,10,10,2,6,2,10,14
B_OS_US_ZH_M_US_F_M8B_T07,1,10,10,2,6,2,10,14
B_OS_US_ZH_F_US_F_M8B_T07,1,10,10,2,6,2,10,14
B_OS_US_US_M_US_F_M8B_T07,1,10,10,2,6,5,13,11
B_OS_US_US_F_US_F_M8B_T07,1,10,10,2,6,5,13,11
B_OS_US_FR_M_US_F_M8B_T07,1,10,10,2,6,2,10,14
B_OS_US_FR_F_US_F_M8B_T07,1,10,10,2,6,2,10,14
B_OS_US_ZH_M_FR_M_M8B_T07,1,10,10,2,6,2,10,14
B_OS_US_ZH_F_FR_M_M8B_T07,1,10,10,2,6,3,11,13
B_OS_US_US_M_FR_M_M8B_T07,1,10,10,2,6,2,10,14
B_OS_US_US_F_FR_M_M8B_T07,1,10,10,2,6,3,11,13
B_OS_US_FR_M_FR_M_M8B_T07,1,10,10,2,6,4,12,12
B_OS_US_FR_F_FR_M_M8B_T07,1,10,10,2,6,1,9,15
B_OS_US_ZH_M_FR_F_M8B_T07,1,10,10,2,6,2,10,14
B_OS_US_ZH_F_FR_F_M8B_T07,1,10,10,2,6,3,11,13
B_OS_US_US_M_FR_F_M8B_T07,1,10,10,2,6,2,10,14
B_OS_US_US_F_FR_F_M8B_T07,1,10,10,2,6,4,12,12
B_OS_US_FR_M_FR_F_M8B_T07,1,10,10,2,6,2,10,14
B_OS_US_FR_F_FR_F_M8B_T07,1,10,10,2,6,2,10,14
B_OS_US_ZH_M_U_U_M8B_T07,1,10,10,5,15,10,15,15
B_OS_US_ZH_F_U_U_M8B_T07,1,10,10,5,15,5,10,20
B_OS_US_US_M_U_U_M8B_T07,1,10,10,5,15,5,10,20
B_OS_US_US_F_U_U_M8B_T07,1,10,10,5,15,5,10,20
B_OS_US_FR_M_U_U_M8B_T07,1,10,10,5,15,5,10,20
B_OS_US_FR_F_U_U_M8B_T07,1,10,10,5,15,5,10,20
B_OS_US_ZH_M_ZH_M_M8B_T07,1,10,10,5,15,10,15,15
B_OS_US_ZH_F_ZH_M_M8B_T07,1,10,10,5,15,10,15,15
B_OS_US_US_M_ZH_M_M8B_T07,1,10,10,5,15,10,15,15
B_OS_US_US_F_ZH_M_M8B_T07,1,10,10,5,15,5,10,20
B_OS_US_FR_M_ZH_M_M8B_T07,1,10,10,5,15,10,15,15
B_OS_US_FR_F_ZH_M_M8B_T07,1,10,10,5,15,5,10,20
B_OS_US_ZH_M_ZH_F_M8B_T07,1,10,10,5,15,10,15,15
B_OS_US_ZH_F_ZH_F_M8B_T07,1,10,10,5,15,10,15,15
B_OS_US_US_M_ZH_F_M8B_T07,1,10,10,5,15,5,10,20
B_OS_US_US_F_ZH_F_M8B_T07,1,10,10,5,15,3,8,22
B_OS_US_FR_M_ZH_F_M8B_T07,1,10,10,5,15,5,10,20
B_OS_US_FR_F_ZH_F_M8B_T07,1,10,10,5,15,5,10,20
B_OS_US_ZH_M_US_M_M8B_T07,1,10,10,5,15,5,10,20
B_OS_US_ZH_F_US_M_M8B_T07,1,10,10,5,15,5,10,20
B_OS_US_US_M_US_M_M8B_T07,1,10,10,5,15,5,10,20
B_OS_US_US_F_US_M_M8B_T07,1,10,10,5,15,5,10,20
B_OS_US_FR_M_US_M_M8B_T07,1,10,10,5,15,5,10,20
B_OS_US_FR_F_US_M_M8B_T07,1,10,10,5,15,10,15,15
B_OS_US_ZH_M_US_F_M8B_T07,1,10,10,5,15,5,10,20
B_OS_US_ZH_F_US_F_M8B_T07,1,10,10,5,15,5,10,20
B_OS_US_US_M_US_F_M8B_T07,1,10,10,5,15,5,10,20
B_OS_US_US_F_US_F_M8B_T07,1,10,10,5,15,10,15,15
B_OS_US_FR_M_US_F_M8B_T07,1,10,10,5,15,5,10,20
B_OS_US_FR_F_US_F_M8B_T07,1,10,10,5,15,5,10,20
B_OS_US_ZH_M_FR_M_M8B_T07,1,10,10,5,15,5,10,20
B_OS_US_ZH_F_FR_M_M8B_T07,1,10,10,5,15,10,15,15
B_OS_US_US_M_FR_M_M8B_T07,1,10,10,5,15,5,10,20
B_OS_US_US_F_FR_M_M8B_T07,1,10,10,5,15,10,15,15
B_OS_US_FR_M_FR_M_M8B_T07,1,10,10,5,15,5,10,20
B_OS_US_FR_F_FR_M_M8B_T07,1,10,10,5,15,10,15,15
B_OS_US_ZH_M_FR_F_M8B_T07,1,10,10,5,15,5,10,20
B_OS_US_ZH_F_FR_F_M8B_T07,1,10,10,5,15,5,10,20
B_OS_US_US_M_FR_F_M8B_T07,1,10,10,5,15,5,10,20
B_OS_US_US_F_FR_F_M8B_T07,1,10,10,5,15,5,10,20
B_OS_US_FR_M_FR_F_M8B_T07,1,10,10,5,15,10,15,15
B_OS_US_FR_F_FR_F_M8B_T07,1,10,10,5,15,3,8,22
B_OS_US_ZH_M_U_U_M8B_T07,1,10,10,8,24,10,12,24
B_OS_US_ZH_F_U_U_M8B_T07,1,10,10,8,24,10,12,24
B_OS_US_US_M_U_U_M8B_T07,1,10,10,8,24,5,7,29
B_OS_US_US_F_U_U_M8B_T07,1,10,10,8,24,10,12,24
B_OS_US_FR_M_U_U_M8B_T07,1,10,10,8,24,10,12,24
B_OS_US_FR_F_U_U_M8B_T07,1,10,10,8,24,5,7,29
B_OS_US_ZH_M_ZH_M_M8B_T07,1,10,10,8,24,10,12,24
B_OS_US_ZH_F_ZH_M_M8B_T07,1,10,10,8,24,10,12,24
B_OS_US_US_M_ZH_M_M8B_T07,1,10,10,8,24,10,12,24
B_OS_US_US_F_ZH_M_M8B_T07,1,10,10,8,24,5,7,29
B_OS_US_FR_M_ZH_M_M8B_T07,1,10,10,8,24,10,12,24
B_OS_US_FR_F_ZH_M_M8B_T07,1,10,10,8,24,10,12,24
B_OS_US_ZH_M_ZH_F_M8B_T07,1,10,10,8,24,10,12,24
B_OS_US_ZH_F_ZH_F_M8B_T07,1,10,10,8,24,5,7,29
B_OS_US_US_M_ZH_F_M8B_T07,1,10,10,8,24,10,12,24
B_OS_US_US_F_ZH_F_M8B_T07,1,10,10,8,24,10,12,24
B_OS_US_FR_M_ZH_F_M8B_T07,1,10,10,8,24,10,12,24
B_OS_US_FR_F_ZH_F_M8B_T07,1,10,10,8,24,5,7,29
B_OS_US_ZH_M_US_M_M8B_T07,1,10,10,8,24,5,7,29
B_OS_US_ZH_F_US_M_M8B_T07,1,10,10,8,24,10,12,24
B_OS_US_US_M_US_M_M8B_T07,1,10,10,8,24,10,12,24
B_OS_US_US_F_US_M_M8B_T07,1,10,10,8,24,5,7,29
B_OS_US_FR_M_US_M_M8B_T07,1,10,10,8,24,10,12,24
B_OS_US_FR_F_US_M_M8B_T07,1,10,10,8,24,10,12,24
B_OS_US_ZH_M_US_F_M8B_T07,1,10,10,8,24,10,12,24
B_OS_US_ZH_F_US_F_M8B_T07,1,10,10,8,24,10,12,24
B_OS_US_US_M_US_F_M8B_T07,1,10,10,8,24,10,12,24
B_OS_US_US_F_US_F_M8B_T07,1,10,10,8,24,10,12,24
B_OS_US_FR_M_US_F_M8B_T07,1,10,10,8,24,10,12,24
B_OS_US_FR_F_US_F_M8B_T07,1,10,10,8,24,10,12,24
B_OS_US_ZH_M_FR_M_M8B_T07,1,10,10,8,24,10,12,24
B_OS_US_ZH_F_FR_M_M8B_T07,1,10,10,8,24,10,12,24
B_OS_US_US_M_FR_M_M8B_T07,1,10,10,8,24,20,22,14
B_OS_US_US_F_FR_M_M8B_T07,1,10,10,8,24,5,7,29
B_OS_US_FR_M_FR_M_M8B_T07,1,10,10,8,24,10,12,24
B_OS_US_FR_F_FR_M_M8B_T07,1,10,10,8,24,10,12,24
B_OS_US_ZH_M_FR_F_M8B_T07,1,10,10,8,24,10,12,24
B_OS_US_ZH_F_FR_F_M8B_T07,1,10,10,8,24,10,12,24
B_OS_US_US_M_FR_F_M8B_T07,1,10,10,8,24,10,12,24
B_OS_US_US_F_FR_F_M8B_T07,1,10,10,8,24,10,12,24
B_OS_US_FR_M_FR_F_M8B_T07,1,10,10,8,24,10,12,24
B_OS_US_FR_F_FR_F_M8B_T07,1,10,10,8,24,10,12,24
B_OS_US_ZH_M_U_U_M8B_T07,1,10,10,10,30,5,5,35
B_OS_US_ZH_F_U_U_M8B_T07,1,10,10,10,30,5,5,35
B_OS_US_US_M_U_U_M8B_T07,1,10,10,10,30,5,5,35
B_OS_US_US_F_U_U_M8B_T07,1,10,10,10,30,10,10,30
B_OS_US_FR_M_U_U_M8B_T07,1,10,10,10,30,10,10,30
B_OS_US_FR_F_U_U_M8B_T07,1,10,10,10,30,10,10,30
B_OS_US_ZH_M_ZH_M_M8B_T07,1,10,10,10,30,10,10,30
B_OS_US_ZH_F_ZH_M_M8B_T07,1,10,10,10,30,5,5,35
B_OS_US_US_M_ZH_M_M8B_T07,1,10,10,10,30,20,20,20
B_OS_US_US_F_ZH_M_M8B_T07,1,10,10,10,30,10,10,30
B_OS_US_FR_M_ZH_M_M8B_T07,1,10,10,10,30,5,5,35
B_OS_US_FR_F_ZH_M_M8B_T07,1,10,10,10,30,10,10,30
B_OS_US_ZH_M_ZH_F_M8B_T07,1,10,10,10,30,20,20,20
B_OS_US_ZH_F_ZH_F_M8B_T07,1,10,10,10,30,10,10,30
B_OS_US_US_M_ZH_F_M8B_T07,1,10,10,10,30,5,5,35
B_OS_US_US_F_ZH_F_M8B_T07,1,10,10,10,30,5,5,35
B_OS_US_FR_M_ZH_F_M8B_T07,1,10,10,10,30,5,5,35
B_OS_US_FR_F_ZH_F_M8B_T07,1,10,10,10,30,20,20,20
B_OS_US_ZH_M_US_M_M8B_T07,1,10,10,10,30,5,5,35
B_OS_US_ZH_F_US_M_M8B_T07,1,10,10,10,30,5,5,35
B_OS_US_US_M_US_M_M8B_T07,1,10,10,10,30,5,5,35
B_OS_US_US_F_US_M_M8B_T07,1,10,10,10,30,10,10,30
B_OS_US_FR_M_US_M_M8B_T07,1,10,10,10,30,10,10,30
B_OS_US_FR_F_US_M_M8B_T07,1,10,10,10,30,5,5,35
B_OS_US_ZH_M_US_F_M8B_T07,1,10,10,10,30,20,20,20
B_OS_US_ZH_F_US_F_M8B_T07,1,10,10,10,30,5,5,35
B_OS_US_US_M_US_F_M8B_T07,1,10,10,10,30,10,10,30
B_OS_US_US_F_US_F_M8B_T07,1,10,10,10,30,10,10,30
B_OS_US_FR_M_US_F_M8B_T07,1,10,10,10,30,5,5,35
B_OS_US_FR_F_US_F_M8B_T07,1,10,10,10,30,10,10,30
B_OS_US_ZH_M_FR_M_M8B_T07,1,10,10,10,30,5,5,35
B_OS_US_ZH_F_FR_M_M8B_T07,1,10,10,10,30,10,10,30
B_OS_US_US_M_FR_M_M8B_T07,1,10,10,10,30,20,20,20
B_OS_US_US_F_FR_M_M8B_T07,1,10,10,10,30,10,10,30
B_OS_US_FR_M_FR_M_M8B_T07,1,10,10,10,30,10,10,30
B_OS_US_FR_F_FR_M_M8B_T07,1,10,10,10,30,5,5,35
B_OS_US_ZH_M_FR_F_M8B_T07,1,10,10,10,30,5,5,35
B_OS_US_ZH_F_FR_F_M8B_T07,1,10,10,10,30,5,5,35
B_OS_US_US_M_FR_F_M8B_T07,1,10,10,10,30,5,5,35
B_OS_US_US_F_FR_F_M8B_T07,1,10,10,10,30,10,10,30
B_OS_US_FR_M_FR_F_M8B_T07,1,10,10,10,30,10,10,30
B_OS_US_FR_F_FR_F_M8B_T07,1,10,10,10,30,5,5,35
A_OS_US_U_U_U_U_MM3_T03,1,10,10,5,15,,5,25
A_OS_US_ZH_M_U_U_MM3_T03,1,10,10,5,15,,5,25
A_OS_US_ZH_F_U_U_MM3_T03,1,10,10,5,15,,5,25
A_OS_US_US_M_U_U_MM3_T03,1,10,10,5,15,,5,25
A_OS_US_US_F_U_U_MM3_T03,1,10,10,5,15,,5,25
A_OS_US_FR_M_U_U_MM3_T03,1,10,10,5,15,,5,25
A_OS_US_FR_F_U_U_MM3_T03,1,10,10,5,15,,5,25
B_OS_US_U_U_U_U_MM3_T03,1,10,10,0,0,0,10,10
B_OS_US_U_U_ZH_M_MM3_T03,1,10,10,0,0,0,10,10
B_OS_US_U_U_ZH_F_MM3_T03,1,10,10,0,0,0,10,10
B_OS_US_U_U_US_M_MM3_T03,1,10,10,0,0,0,10,10
B_OS_US_U_U_US_F_MM3_T03,1,10,10,0,0,0,10,10
B_OS_US_U_U_FR_M_MM3_T03,1,10,10,0,0,0,10,10
B_OS_US_U_U_FR_F_MM3_T03,1,10,10,0,0,0,10,10
B_OS_US_U_U_U_U_MM3_T03,1,10,10,2,6,1,9,15
B_OS_US_U_U_ZH_M_MM3_T03,1,10,10,2,6,1,9,15
B_OS_US_U_U_ZH_F_MM3_T03,1,10,10,2,6,2,10,14
B_OS_US_U_U_US_M_MM3_T03,1,10,10,2,6,1,9,15
B_OS_US_U_U_US_F_MM3_T03,1,10,10,2,6,2,10,14
B_OS_US_U_U_FR_M_MM3_T03,1,10,10,2,6,1,9,15
B_OS_US_U_U_FR_F_MM3_T03,1,10,10,2,6,1,9,15
B_OS_US_U_U_U_U_MM3_T03,1,10,10,5,15,5,10,20
B_OS_US_U_U_ZH_M_MM3_T03,1,10,10,5,15,5,10,20
B_OS_US_U_U_ZH_F_MM3_T03,1,10,10,5,15,5,10,20
B_OS_US_U_U_US_M_MM3_T03,1,10,10,5,15,5,10,20
B_OS_US_U_U_US_F_MM3_T03,1,10,10,5,15,5,10,20
B_OS_US_U_U_FR_M_MM3_T03,1,10,10,5,15,5,10,20
B_OS_US_U_U_FR_F_MM3_T03,1,10,10,5,15,5,10,20
B_OS_US_U_U_U_U_MM3_T03,1,10,10,8,24,4,6,30
B_OS_US_U_U_ZH_M_MM3_T03,1,10,10,8,24,4,6,30
B_OS_US_U_U_ZH_F_MM3_T03,1,10,10,8,24,10,12,24
B_OS_US_U_U_US_M_MM3_T03,1,10,10,8,24,4,6,30
B_OS_US_U_U_US_F_MM3_T03,1,10,10,8,24,4,6,30
B_OS_US_U_U_FR_M_MM3_T03,1,10,10,8,24,4,6,30
B_OS_US_U_U_FR_F_MM3_T03,1,10,10,8,24,4,6,30
B_OS_US_U_U_U_U_MM3_T03,1,10,10,10,30,10,10,30
B_OS_US_U_U_ZH_M_MM3_T03,1,10,10,10,30,10,10,30
B_OS_US_U_U_ZH_F_MM3_T03,1,10,10,10,30,10,10,30
B_OS_US_U_U_US_M_MM3_T03,1,10,10,10,30,10,10,30
B_OS_US_U_U_US_F_MM3_T03,1,10,10,10,30,10,10,30
B_OS_US_U_U_FR_M_MM3_T03,1,10,10,10,30,10,10,30
B_OS_US_U_U_FR_F_MM3_T03,1,10,10,10,30,10,10,30
A_OS_US_U_U_U_U_MM3_T05,1,10,10,5,15,,5,25
A_OS_US_ZH_M_U_U_MM3_T05,1,10,10,5,15,,5,25
A_OS_US_ZH_F_U_U_MM3_T05,1,10,10,5,15,,5,25
A_OS_US_US_M_U_U_MM3_T05,1,10,10,5,15,,5,25
A_OS_US_US_F_U_U_MM3_T05,1,10,10,5,15,,5,25
A_OS_US_FR_M_U_U_MM3_T05,1,10,10,5,15,,5,25
A_OS_US_FR_F_U_U_MM3_T05,1,10,10,5,15,,5,25
B_OS_US_U_U_U_U_MM3_T05,1,10,10,0,0,0,10,10
B_OS_US_U_U_ZH_M_MM3_T05,1,10,10,0,0,0,10,10
B_OS_US_U_U_ZH_F_MM3_T05,1,10,10,0,0,0,10,10
B_OS_US_U_U_US_M_MM3_T05,1,10,10,0,0,0,10,10
B_OS_US_U_U_US_F_MM3_T05,1,10,10,0,0,0,10,10
B_OS_US_U_U_FR_M_MM3_T05,1,10,10,0,0,0,10,10
B_OS_US_U_U_FR_F_MM3_T05,1,10,10,0,0,0,10,10
B_OS_US_U_U_U_U_MM3_T05,1,10,10,2,6,2,10,14
B_OS_US_U_U_ZH_M_MM3_T05,1,10,10,2,6,1,9,15
B_OS_US_U_U_ZH_F_MM3_T05,1,10,10,2,6,2,10,14
B_OS_US_U_U_US_M_MM3_T05,1,10,10,2,6,1,9,15
B_OS_US_U_U_US_F_MM3_T05,1,10,10,2,6,1,9,15
B_OS_US_U_U_FR_M_MM3_T05,1,10,10,2,6,1,9,15
B_OS_US_U_U_FR_F_MM3_T05,1,10,10,2,6,1,9,15
B_OS_US_U_U_U_U_MM3_T05,1,10,10,5,15,5,10,20
B_OS_US_U_U_ZH_M_MM3_T05,1,10,10,5,15,5,10,20
B_OS_US_U_U_ZH_F_MM3_T05,1,10,10,5,15,5,10,20
B_OS_US_U_U_US_M_MM3_T05,1,10,10,5,15,5,10,20
B_OS_US_U_U_US_F_MM3_T05,1,10,10,5,15,5,10,20
B_OS_US_U_U_FR_M_MM3_T05,1,10,10,5,15,5,10,20
B_OS_US_U_U_FR_F_MM3_T05,1,10,10,5,15,5,10,20
B_OS_US_U_U_U_U_MM3_T05,1,10,10,8,24,4,6,30
B_OS_US_U_U_ZH_M_MM3_T05,1,10,10,8,24,4,6,30
B_OS_US_U_U_ZH_F_MM3_T05,1,10,10,8,24,4,6,30
B_OS_US_U_U_US_M_MM3_T05,1,10,10,8,24,4,6,30
B_OS_US_U_U_US_F_MM3_T05,1,10,10,8,24,4,6,30
B_OS_US_U_U_FR_M_MM3_T05,1,10,10,8,24,4,6,30
B_OS_US_U_U_FR_F_MM3_T05,1,10,10,8,24,4,6,30
B_OS_US_U_U_U_U_MM3_T05,1,10,10,10,30,10,10,30
B_OS_US_U_U_ZH_M_MM3_T05,1,10,10,10,30,10,10,30
B_OS_US_U_U_ZH_F_MM3_T05,1,10,10,10,30,10,10,30
B_OS_US_U_U_US_M_MM3_T05,1,10,10,10,30,10,10,30
B_OS_US_U_U_US_F_MM3_T05,1,10,10,10,30,15,15,25
B_OS_US_U_U_FR_M_MM3_T05,1,10,10,10,30,10,10,30
B_OS_US_U_U_FR_F_MM3_T05,1,10,10,10,30,10,10,30
A_OS_US_U_U_U_U_MM3_T07,1,10,10,5,15,,5,25
A_OS_US_ZH_M_U_U_MM3_T07,1,10,10,5,15,,5,25
A_OS_US_ZH_F_U_U_MM3_T07,1,10,10,5,15,,5,25
A_OS_US_US_M_U_U_MM3_T07,1,10,10,5,15,,5,25
A_OS_US_US_F_U_U_MM3_T07,1,10,10,5,15,,5,25
A_OS_US_FR_M_U_U_MM3_T07,1,10,10,5,15,,5,25
A_OS_US_FR_F_U_U_MM3_T07,1,10,10,5,15,,5,25
B_OS_US_U_U_U_U_MM3_T07,1,10,10,0,0,0,10,10
B_OS_US_U_U_ZH_M_MM3_T07,1,10,10,0,0,0,10,10
B_OS_US_U_U_ZH_F_MM3_T07,1,10,10,0,0,0,10,10
B_OS_US_U_U_US_M_MM3_T07,1,10,10,0,0,0,10,10
B_OS_US_U_U_US_F_MM3_T07,1,10,10,0,0,0,10,10
B_OS_US_U_U_FR_M_MM3_T07,1,10,10,0,0,0,10,10
B_OS_US_U_U_FR_F_MM3_T07,1,10,10,0,0,0,10,10
B_OS_US_U_U_U_U_MM3_T07,1,10,10,2,6,2,10,14
B_OS_US_U_U_ZH_M_MM3_T07,1,10,10,2,6,1,9,15
B_OS_US_U_U_ZH_F_MM3_T07,1,10,10,2,6,1,9,15
B_OS_US_U_U_US_M_MM3_T07,1,10,10,2,6,1,9,15
B_OS_US_U_U_US_F_MM3_T07,1,10,10,2,6,1,9,15
B_OS_US_U_U_FR_M_MM3_T07,1,10,10,2,6,2,10,14
B_OS_US_U_U_FR_F_MM3_T07,1,10,10,2,6,1,9,15
B_OS_US_U_U_U_U_MM3_T07,1,10,10,5,15,5,10,20
B_OS_US_U_U_ZH_M_MM3_T07,1,10,10,5,15,5,10,20
B_OS_US_U_U_ZH_F_MM3_T07,1,10,10,5,15,5,10,20
B_OS_US_U_U_US_M_MM3_T07,1,10,10,5,15,5,10,20
B_OS_US_U_U_US_F_MM3_T07,1,10,10,5,15,5,10,20
B_OS_US_U_U_FR_M_MM3_T07,1,10,10,5,15,5,10,20
B_OS_US_U_U_FR_F_MM3_T07,1,10,10,5,15,5,10,20
B_OS_US_U_U_U_U_MM3_T07,1,10,10,8,24,4,6,30
B_OS_US_U_U_ZH_M_MM3_T07,1,10,10,8,24,4,6,30
B_OS_US_U_U_ZH_F_MM3_T07,1,10,10,8,24,4,6,30
B_OS_US_U_U_US_M_MM3_T07,1,10,10,8,24,4,6,30
B_OS_US_U_U_US_F_MM3_T07,1,10,10,8,24,4,6,30
B_OS_US_U_U_FR_M_MM3_T07,1,10,10,8,24,4,6,30
B_OS_US_U_U_FR_F_MM3_T07,1,10,10,8,24,4,6,30
B_OS_US_U_U_U_U_MM3_T07,1,10,10,10,30,10,10,30
B_OS_US_U_U_ZH_M_MM3_T07,1,10,10,10,30,10,10,30
B_OS_US_U_U_ZH_F_MM3_T07,1,10,10,10,30,10,10,30
B_OS_US_U_U_US_M_MM3_T07,1,10,10,10,30,10,10,30
B_OS_US_U_U_US_F_MM3_T07,1,10,10,10,30,10,10,30
B_OS_US_U_U_FR_M_MM3_T07,1,10,10,10,30,10,10,30
B_OS_US_U_U_FR_F_MM3_T07,1,10,10,10,30,10,10,30
A_OS_US_U_U_U_U_MN12_T03,1,10,10,5,15,,5,25
A_OS_US_ZH_M_U_U_MN12_T03,1,10,10,5,15,,5,25
A_OS_US_ZH_F_U_U_MN12_T03,1,10,10,5,15,,5,25
A_OS_US_US_M_U_U_MN12_T03,1,10,10,5,15,,5,25
A_OS_US_US_F_U_U_MN12_T03,1,10,10,5,15,,5,25
A_OS_US_FR_M_U_U_MN12_T03,1,10,10,5,15,,5,25
A_OS_US_FR_F_U_U_MN12_T03,1,10,10,5,15,,5,25
B_OS_US_U_U_U_U_MN12_T03,1,10,10,0,0,0,10,10
B_OS_US_U_U_ZH_M_MN12_T03,1,10,10,0,0,0,10,10
B_OS_US_U_U_ZH_F_MN12_T03,1,10,10,0,0,0,10,10
B_OS_US_U_U_US_M_MN12_T03,1,10,10,0,0,0,10,10
B_OS_US_U_U_US_F_MN12_T03,1,10,10,0,0,0,10,10
B_OS_US_U_U_FR_M_MN12_T03,1,10,10,0,0,0,10,10
B_OS_US_U_U_FR_F_MN12_T03,1,10,10,0,0,0,10,10
B_OS_US_U_U_U_U_MN12_T03,1,10,10,2,6,5,13,11
B_OS_US_U_U_ZH_M_MN12_T03,1,10,10,2,6,2,10,14
B_OS_US_U_U_ZH_F_MN12_T03,1,10,10,2,6,2,10,14
B_OS_US_U_U_US_M_MN12_T03,1,10,10,2,6,2,10,14
B_OS_US_U_U_US_F_MN12_T03,1,10,10,2,6,2,10,14
B_OS_US_U_U_FR_M_MN12_T03,1,10,10,2,6,2,10,14
B_OS_US_U_U_FR_F_MN12_T03,1,10,10,2,6,2,10,14
B_OS_US_U_U_U_U_MN12_T03,1,10,10,5,15,5,10,20
B_OS_US_U_U_ZH_M_MN12_T03,1,10,10,5,15,5,10,20
B_OS_US_U_U_ZH_F_MN12_T03,1,10,10,5,15,5,10,20
B_OS_US_U_U_US_M_MN12_T03,1,10,10,5,15,5,10,20
B_OS_US_U_U_US_F_MN12_T03,1,10,10,5,15,5,10,20
B_OS_US_U_U_FR_M_MN12_T03,1,10,10,5,15,5,10,20
B_OS_US_U_U_FR_F_MN12_T03,1,10,10,5,15,5,10,20
B_OS_US_U_U_U_U_MN12_T03,1,10,10,8,24,5,7,29
B_OS_US_U_U_ZH_M_MN12_T03,1,10,10,8,24,10,12,24
B_OS_US_U_U_ZH_F_MN12_T03,1,10,10,8,24,5,7,29
B_OS_US_U_U_US_M_MN12_T03,1,10,10,8,24,5,7,29
B_OS_US_U_U_US_F_MN12_T03,1,10,10,8,24,5,7,29
B_OS_US_U_U_FR_M_MN12_T03,1,10,10,8,24,5,7,29
B_OS_US_U_U_FR_F_MN12_T03,1,10,10,8,24,5,7,29
B_OS_US_U_U_U_U_MN12_T03,1,10,10,10,30,0,0,40
B_OS_US_U_U_ZH_M_MN12_T03,1,10,10,10,30,5,5,35
B_OS_US_U_U_ZH_F_MN12_T03,1,10,10,10,30,5,5,35
B_OS_US_U_U_US_M_MN12_T03,1,10,10,10,30,5,5,35
B_OS_US_U_U_US_F_MN12_T03,1,10,10,10,30,20,20,20
B_OS_US_U_U_FR_M_MN12_T03,1,10,10,10,30,5,5,35
B_OS_US_U_U_FR_F_MN12_T03,1,10,10,10,30,10,10,30
A_OS_US_U_U_U_U_MN12_T05,1,10,10,5,15,,5,25
A_OS_US_ZH_M_U_U_MN12_T05,1,10,10,5,15,,5,25
A_OS_US_ZH_F_U_U_MN12_T05,1,10,10,5,15,,5,25
A_OS_US_US_M_U_U_MN12_T05,1,10,10,5,15,,5,25
A_OS_US_US_F_U_U_MN12_T05,1,10,10,5,15,,5,25
A_OS_US_FR_M_U_U_MN12_T05,1,10,10,5,15,,5,25
A_OS_US_FR_F_U_U_MN12_T05,1,10,10,5,15,,5,25
B_OS_US_U_U_U_U_MN12_T05,1,10,10,0,0,0,10,10
B_OS_US_U_U_ZH_M_MN12_T05,1,10,10,0,0,0,10,10
B_OS_US_U_U_ZH_F_MN12_T05,1,10,10,0,0,0,10,10
B_OS_US_U_U_US_M_MN12_T05,1,10,10,0,0,0,10,10
B_OS_US_U_U_US_F_MN12_T05,1,10,10,0,0,0,10,10
B_OS_US_U_U_FR_M_MN12_T05,1,10,10,0,0,0,10,10
B_OS_US_U_U_FR_F_MN12_T05,1,10,10,0,0,0,10,10
B_OS_US_U_U_U_U_MN12_T05,1,10,10,2,6,5,13,11
B_OS_US_U_U_ZH_M_MN12_T05,1,10,10,2,6,2,10,14
B_OS_US_U_U_ZH_F_MN12_T05,1,10,10,2,6,2,10,14
B_OS_US_U_U_US_M_MN12_T05,1,10,10,2,6,2,10,14
B_OS_US_U_U_US_F_MN12_T05,1,10,10,2,6,2,10,14
B_OS_US_U_U_FR_M_MN12_T05,1,10,10,2,6,2,10,14
B_OS_US_U_U_FR_F_MN12_T05,1,10,10,2,6,2,10,14
B_OS_US_U_U_U_U_MN12_T05,1,10,10,5,15,5,10,20
B_OS_US_U_U_ZH_M_MN12_T05,1,10,10,5,15,5,10,20
B_OS_US_U_U_ZH_F_MN12_T05,1,10,10,5,15,5,10,20
B_OS_US_U_U_US_M_MN12_T05,1,10,10,5,15,10,15,15
B_OS_US_U_U_US_F_MN12_T05,1,10,10,5,15,5,10,20
B_OS_US_U_U_FR_M_MN12_T05,1,10,10,5,15,10,15,15
B_OS_US_U_U_FR_F_MN12_T05,1,10,10,5,15,5,10,20
B_OS_US_U_U_U_U_MN12_T05,1,10,10,8,24,10,12,24
B_OS_US_U_U_ZH_M_MN12_T05,1,10,10,8,24,10,12,24
B_OS_US_U_U_ZH_F_MN12_T05,1,10,10,8,24,5,7,29
B_OS_US_U_U_US_M_MN12_T05,1,10,10,8,24,4,6,30
B_OS_US_U_U_US_F_MN12_T05,1,10,10,8,24,5,7,29
B_OS_US_U_U_FR_M_MN12_T05,1,10,10,8,24,5,7,29
B_OS_US_U_U_FR_F_MN12_T05,1,10,10,8,24,5,7,29
B_OS_US_U_U_U_U_MN12_T05,1,10,10,10,30,10,10,30
B_OS_US_U_U_ZH_M_MN12_T05,1,10,10,10,30,10,10,30
B_OS_US_U_U_ZH_F_MN12_T05,1,10,10,10,30,5,5,35
B_OS_US_U_U_US_M_MN12_T05,1,10,10,10,30,10,10,30
B_OS_US_U_U_US_F_MN12_T05,1,10,10,10,30,20,20,20
B_OS_US_U_U_FR_M_MN12_T05,1,10,10,10,30,5,5,35
B_OS_US_U_U_FR_F_MN12_T05,1,10,10,10,30,10,10,30
A_OS_US_U_U_U_U_MN12_T07,1,10,10,5,15,,5,25
A_OS_US_ZH_M_U_U_MN12_T07,1,10,10,5,15,,5,25
A_OS_US_ZH_F_U_U_MN12_T07,1,10,10,5,15,,5,25
A_OS_US_US_M_U_U_MN12_T07,1,10,10,5,15,,5,25
A_OS_US_US_F_U_U_MN12_T07,1,10,10,5,15,,5,25
A_OS_US_FR_M_U_U_MN12_T07,1,10,10,5,15,,5,25
A_OS_US_FR_F_U_U_MN12_T07,1,10,10,5,15,,5,25
B_OS_US_U_U_U_U_MN12_T07,1,10,10,0,0,0,10,10
B_OS_US_U_U_ZH_M_MN12_T07,1,10,10,0,0,0,10,10
B_OS_US_U_U_ZH_F_MN12_T07,1,10,10,0,0,0,10,10
B_OS_US_U_U_US_M_MN12_T07,1,10,10,0,0,0,10,10
B_OS_US_U_U_US_F_MN12_T07,1,10,10,0,0,0,10,10
B_OS_US_U_U_FR_M_MN12_T07,1,10,10,0,0,0,10,10
B_OS_US_U_U_FR_F_MN12_T07,1,10,10,0,0,0,10,10
B_OS_US_U_U_U_U_MN12_T07,1,10,10,2,6,2,10,14
B_OS_US_U_U_ZH_M_MN12_T07,1,10,10,2,6,2,10,14
B_OS_US_U_U_ZH_F_MN12_T07,1,10,10,2,6,2,10,14
B_OS_US_U_U_US_M_MN12_T07,1,10,10,2,6,2,10,14
B_OS_US_U_U_US_F_MN12_T07,1,10,10,2,6,2,10,14
B_OS_US_U_U_FR_M_MN12_T07,1,10,10,2,6,2,10,14
B_OS_US_U_U_FR_F_MN12_T07,1,10,10,2,6,2,10,14
B_OS_US_U_U_U_U_MN12_T07,1,10,10,5,15,5,10,20
B_OS_US_U_U_ZH_M_MN12_T07,1,10,10,5,15,5,10,20
B_OS_US_U_U_ZH_F_MN12_T07,1,10,10,5,15,3,8,22
B_OS_US_U_U_US_M_MN12_T07,1,10,10,5,15,5,10,20
B_OS_US_U_U_US_F_MN12_T07,1,10,10,5,15,10,15,15
B_OS_US_U_U_FR_M_MN12_T07,1,10,10,5,15,5,10,20
B_OS_US_U_U_FR_F_MN12_T07,1,10,10,5,15,3,8,22
B_OS_US_U_U_U_U_MN12_T07,1,10,10,8,24,10,12,24
B_OS_US_U_U_ZH_M_MN12_T07,1,10,10,8,24,5,7,29
B_OS_US_U_U_ZH_F_MN12_T07,1,10,10,8,24,5,7,29
B_OS_US_U_U_US_M_MN12_T07,1,10,10,8,24,5,7,29
B_OS_US_U_U_US_F_MN12_T07,1,10,10,8,24,5,7,29
B_OS_US_U_U_FR_M_MN12_T07,1,10,10,8,24,5,7,29
B_OS_US_U_U_FR_F_MN12_T07,1,10,10,8,24,15,17,19
B_OS_US_U_U_U_U_MN12_T07,1,10,10,10,30,0,0,40
B_OS_US_U_U_ZH_M_MN12_T07,1,10,10,10,30,5,5,35
B_OS_US_U_U_ZH_F_MN12_T07,1,10,10,10,30,10,10,30
B_OS_US_U_U_US_M_MN12_T07,1,10,10,10,30,20,20,20
B_OS_US_U_U_US_F_MN12_T07,1,10,10,10,30,5,5,35
B_OS_US_U_U_FR_M_MN12_T07,1,10,10,10,30,0,0,40
B_OS_US_U_U_FR_F_MN12_T07,1,10,10,10,30,20,20,20
A_OS_US_U_U_U_U_M8B_T03,1,10,10,5,15,,5,25
A_OS_US_ZH_M_U_U_M8B_T03,1,10,10,5,15,,5,25
A_OS_US_ZH_F_U_U_M8B_T03,1,10,10,3,9,,7,19
A_OS_US_US_M_U_U_M8B_T03,1,10,10,5,15,,5,25
A_OS_US_US_F_U_U_M8B_T03,1,10,10,5,15,,5,25
A_OS_US_FR_M_U_U_M8B_T03,1,10,10,5,15,,5,25
A_OS_US_FR_F_U_U_M8B_T03,1,10,10,5,15,,5,25
B_OS_US_U_U_U_U_M8B_T03,1,10,10,0,0,0,10,10
B_OS_US_U_U_ZH_M_M8B_T03,1,10,10,0,0,0,10,10
B_OS_US_U_U_ZH_F_M8B_T03,1,10,10,0,0,0,10,10
B_OS_US_U_U_US_M_M8B_T03,1,10,10,0,0,0,10,10
B_OS_US_U_U_US_F_M8B_T03,1,10,10,0,0,0,10,10
B_OS_US_U_U_FR_M_M8B_T03,1,10,10,0,0,0,10,10
B_OS_US_U_U_FR_F_M8B_T03,1,10,10,0,0,0,10,10
B_OS_US_U_U_U_U_M8B_T03,1,10,10,2,6,2,10,14
B_OS_US_U_U_ZH_M_M8B_T03,1,10,10,2,6,2,10,14
B_OS_US_U_U_ZH_F_M8B_T03,1,10,10,2,6,2,10,14
B_OS_US_U_U_US_M_M8B_T03,1,10,10,2,6,2,10,14
B_OS_US_U_U_US_F_M8B_T03,1,10,10,2,6,2,10,14
B_OS_US_U_U_FR_M_M8B_T03,1,10,10,2,6,2,10,14
B_OS_US_U_U_FR_F_M8B_T03,1,10,10,2,6,2,10,14
B_OS_US_U_U_U_U_M8B_T03,1,10,10,5,15,10,15,15
B_OS_US_U_U_ZH_M_M8B_T03,1,10,10,5,15,5,10,20
B_OS_US_U_U_ZH_F_M8B_T03,1,10,10,5,15,5,10,20
B_OS_US_U_U_US_M_M8B_T03,1,10,10,5,15,5,10,20
B_OS_US_U_U_US_F_M8B_T03,1,10,10,5,15,5,10,20
B_OS_US_U_U_FR_M_M8B_T03,1,10,10,5,15,10,15,15
B_OS_US_U_U_FR_F_M8B_T03,1,10,10,5,15,5,10,20
B_OS_US_U_U_U_U_M8B_T03,1,10,10,8,24,10,12,24
B_OS_US_U_U_ZH_M_M8B_T03,1,10,10,8,24,10,12,24
B_OS_US_U_U_ZH_F_M8B_T03,1,10,10,8,24,10,12,24
B_OS_US_U_U_US_M_M8B_T03,1,10,10,8,24,10,12,24
B_OS_US_U_U_US_F_M8B_T03,1,10,10,8,24,10,12,24
B_OS_US_U_U_FR_M_M8B_T03,1,10,10,8,24,10,12,24
B_OS_US_U_U_FR_F_M8B_T03,1,10,10,8,24,10,12,24
B_OS_US_U_U_U_U_M8B_T03,1,10,10,10,30,10,10,30
B_OS_US_U_U_ZH_M_M8B_T03,1,10,10,10,30,10,10,30
B_OS_US_U_U_ZH_F_M8B_T03,1,10,10,10,30,10,10,30
B_OS_US_U_U_US_M_M8B_T03,1,10,10,10,30,5,5,35
B_OS_US_U_U_US_F_M8B_T03,1,10,10,10,30,5,5,35
B_OS_US_U_U_FR_M_M8B_T03,1,10,10,10,30,10,10,30
B_OS_US_U_U_FR_F_M8B_T03,1,10,10,10,30,5,5,35
A_OS_US_U_U_U_U_M8B_T05,1,10,10,5,15,,5,25
A_OS_US_ZH_M_U_U_M8B_T05,1,10,10,5,15,,5,25
A_OS_US_ZH_F_U_U_M8B_T05,1,10,10,5,15,,5,25
A_OS_US_US_M_U_U_M8B_T05,1,10,10,3,9,,7,19
A_OS_US_US_F_U_U_M8B_T05,1,10,10,5,15,,5,25
A_OS_US_FR_M_U_U_M8B_T05,1,10,10,5,15,,5,25
A_OS_US_FR_F_U_U_M8B_T05,1,10,10,5,15,,5,25
B_OS_US_U_U_U_U_M8B_T05,1,10,10,0,0,0,10,10
B_OS_US_U_U_ZH_M_M8B_T05,1,10,10,0,0,0,10,10
B_OS_US_U_U_ZH_F_M8B_T05,1,10,10,0,0,0,10,10
B_OS_US_U_U_US_M_M8B_T05,1,10,10,0,0,0,10,10
B_OS_US_U_U_US_F_M8B_T05,1,10,10,0,0,0,10,10
B_OS_US_U_U_FR_M_M8B_T05,1,10,10,0,0,0,10,10
B_OS_US_U_U_FR_F_M8B_T05,1,10,10,0,0,0,10,10
B_OS_US_U_U_U_U_M8B_T05,1,10,10,2,6,2,10,14
B_OS_US_U_U_ZH_M_M8B_T05,1,10,10,2,6,2,10,14
B_OS_US_U_U_ZH_F_M8B_T05,1,10,10,2,6,5,13,11
B_OS_US_U_U_US_M_M8B_T05,1,10,10,2,6,2,10,14
B_OS_US_U_U_US_F_M8B_T05,1,10,10,2,6,5,13,11
B_OS_US_U_U_FR_M_M8B_T05,1,10,10,2,6,2,10,14
B_OS_US_U_U_FR_F_M8B_T05,1,10,10,2,6,4,12,12
B_OS_US_U_U_U_U_M8B_T05,1,10,10,5,15,10,15,15
B_OS_US_U_U_ZH_M_M8B_T05,1,10,10,5,15,5,10,20
B_OS_US_U_U_ZH_F_M8B_T05,1,10,10,5,15,10,15,15
B_OS_US_U_U_US_M_M8B_T05,1,10,10,5,15,5,10,20
B_OS_US_U_U_US_F_M8B_T05,1,10,10,5,15,5,10,20
B_OS_US_U_U_FR_M_M8B_T05,1,10,10,5,15,5,10,20
B_OS_US_U_U_FR_F_M8B_T05,1,10,10,5,15,5,10,20
B_OS_US_U_U_U_U_M8B_T05,1,10,10,8,24,10,12,24
B_OS_US_U_U_ZH_M_M8B_T05,1,10,10,8,24,10,12,24
B_OS_US_U_U_ZH_F_M8B_T05,1,10,10,8,24,10,12,24
B_OS_US_U_U_US_M_M8B_T05,1,10,10,8,24,5,7,29
B_OS_US_U_U_US_F_M8B_T05,1,10,10,8,24,10,12,24
B_OS_US_U_U_FR_M_M8B_T05,1,10,10,8,24,10,12,24
B_OS_US_U_U_FR_F_M8B_T05,1,10,10,8,24,10,12,24
B_OS_US_U_U_U_U_M8B_T05,1,10,10,10,30,5,5,35
B_OS_US_U_U_ZH_M_M8B_T05,1,10,10,10,30,5,5,35
B_OS_US_U_U_ZH_F_M8B_T05,1,10,10,10,30,10,10,30
B_OS_US_U_U_US_M_M8B_T05,1,10,10,10,30,20,20,20
B_OS_US_U_U_US_F_M8B_T05,1,10,10,10,30,5,5,35
B_OS_US_U_U_FR_M_M8B_T05,1,10,10,10,30,20,20,20
B_OS_US_U_U_FR_F_M8B_T05,1,10,10,10,30,20,20,20
A_OS_US_U_U_U_U_M8B_T07,1,10,10,5,15,,5,25
A_OS_US_ZH_M_U_U_M8B_T07,1,10,10,3,9,,7,19
A_OS_US_ZH_F_U_U_M8B_T07,1,10,10,5,15,,5,25
A_OS_US_US_M_U_U_M8B_T07,1,10,10,5,15,,5,25
A_OS_US_US_F_U_U_M8B_T07,1,10,10,5,15,,5,25
A_OS_US_FR_M_U_U_M8B_T07,1,10,10,5,15,,5,25
A_OS_US_FR_F_U_U_M8B_T07,1,10,10,5,15,,5,25
B_OS_US_U_U_U_U_M8B_T07,1,10,10,0,0,0,10,10
B_OS_US_U_U_ZH_M_M8B_T07,1,10,10,0,0,0,10,10
B_OS_US_U_U_ZH_F_M8B_T07,1,10,10,0,0,0,10,10
B_OS_US_U_U_US_M_M8B_T07,1,10,10,0,0,0,10,10
B_OS_US_U_U_US_F_M8B_T07,1,10,10,0,0,0,10,10
B_OS_US_U_U_FR_M_M8B_T07,1,10,10,0,0,0,10,10
B_OS_US_U_U_FR_F_M8B_T07,1,10,10,0,0,0,10,10
B_OS_US_U_U_U_U_M8B_T07,1,10,10,2,6,4,12,12
B_OS_US_U_U_ZH_M_M8B_T07,1,10,10,2,6,2,10,14
B_OS_US_U_U_ZH_F_M8B_T07,1,10,10,2,6,4,12,12
B_OS_US_U_U_US_M_M8B_T07,1,10,10,2,6,2,10,14
B_OS_US_U_U_US_F_M8B_T07,1,10,10,2,6,2,10,14
B_OS_US_U_U_FR_M_M8B_T07,1,10,10,2,6,5,13,11
B_OS_US_U_U_FR_F_M8B_T07,1,10,10,2,6,3,11,13
B_OS_US_U_U_U_U_M8B_T07,1,10,10,5,15,10,15,15
B_OS_US_U_U_ZH_M_M8B_T07,1,10,10,5,15,5,10,20
B_OS_US_U_U_ZH_F_M8B_T07,1,10,10,5,15,5,10,20
B_OS_US_U_U_US_M_M8B_T07,1,10,10,5,15,5,10,20
B_OS_US_U_U_US_F_M8B_T07,1,10,10,5,15,5,10,20
B_OS_US_U_U_FR_M_M8B_T07,1,10,10,5,15,5,10,20
B_OS_US_U_U_FR_F_M8B_T07,1,10,10,5,15,5,10,20
B_OS_US_U_U_U_U_M8B_T07,1,10,10,8,24,5,7,29
B_OS_US_U_U_ZH_M_M8B_T07,1,10,10,8,24,10,12,24
B_OS_US_U_U_ZH_F_M8B_T07,1,10,10,8,24,10,12,24
B_OS_US_U_U_US_M_M8B_T07,1,10,10,8,24,2,4,32
B_OS_US_U_U_US_F_M8B_T07,1,10,10,8,24,10,12,24
B_OS_US_U_U_FR_M_M8B_T07,1,10,10,8,24,5,7,29
B_OS_US_U_U_FR_F_M8B_T07,1,10,10,8,24,5,7,29
B_OS_US_U_U_U_U_M8B_T07,1,10,10,10,30,10,10,30
B_OS_US_U_U_ZH_M_M8B_T07,1,10,10,10,30,10,10,30
B_OS_US_U_U_ZH_F_M8B_T07,1,10,10,10,30,10,10,30
B_OS_US_U_U_US_M_M8B_T07,1,10,10,10,30,20,20,20
B_OS_US_U_U_US_F_M8B_T07,1,10,10,10,30,10,10,30
B_OS_US_U_U_FR_M_M8B_T07,1,10,10,10,30,10,10,30
B_OS_US_U_U_FR_F_M8B_T07,1,10,10,10,30,10,10,30
