experiment_id,game_round,a_init_1,b_init_1,a_sent_1,b_received_1,b_returned_1,a_final_1,b_final_1,a_init_2,b_init_2,a_sent_2,b_received_2,b_returned_2,a_final_2,b_final_2,a_init_3,b_init_3,a_sent_3,b_received_3,b_returned_3,a_final_3,b_final_3,a_init_4,b_init_4,a_sent_4,b_received_4,b_returned_4,a_final_4,b_final_4,a_init_5,b_init_5,a_sent_5,b_received_5,b_returned_5,a_final_5,b_final_5,a_init_6,b_init_6,a_sent_6,b_received_6,b_returned_6,a_final_6,b_final_6,a_init_7,b_init_7,a_sent_7,b_received_7,b_returned_7,a_final_7,b_final_7
A_RP_FR_U_U_ZH_F_G41_T03,7,10,10,6,18,2,6,26,10,10,6,18,2,6,26,10,10,6,18,2,6,26,10,10,6,18,3,7,25,10,10,6,18,2,6,26,10,10,6,18,2,6,26,10,10,6,18,0,4,28
A_RP_FR_U_U_U_U_G41_T03,7,10,10,5,15,2,7,23,10,10,6,18,3,7,25,10,10,7,21,3,6,28,10,10,8,24,3,5,31,10,10,9,27,3,4,34,10,10,10,30,3,3,37,10,10,10,30,0,0,40
A_RP_FR_U_U_ZH_M_G41_T03,7,10,10,5,15,2,7,23,10,10,4,12,3,9,19,10,10,4,12,2,8,20,10,10,4,12,1,7,21,10,10,3,9,1,8,18,10,10,3,9,1,8,18,10,10,2,6,0,8,16
A_RP_FR_U_U_US_M_G41_T03,7,10,10,5,15,2,7,23,10,10,5,15,2,7,23,10,10,5,15,2,7,23,10,10,5,15,3,8,22,10,10,5,15,0,5,25,10,10,3,9,3,10,16,10,10,2,6,0,8,16
A_RP_FR_U_U_US_F_G41_T03,7,10,10,7,21,3,6,28,10,10,7,21,2,5,29,10,10,6,18,2,6,26,10,10,5,15,2,7,23,10,10,5,15,2,7,23,10,10,5,15,1,6,24,10,10,4,12,0,6,22
A_RP_FR_U_U_FR_F_G41_T03,7,10,10,5,15,1,6,24,10,10,2,6,2,10,14,10,10,3,9,2,9,17,10,10,3,9,3,10,16,10,10,4,12,1,7,21,10,10,3,9,3,10,16,10,10,3,9,0,7,19
A_RP_FR_U_U_FR_M_G41_T03,7,10,10,5,15,2,7,23,10,10,5,15,3,8,22,10,10,5,15,3,8,22,10,10,5,15,1,6,24,10,10,3,9,3,10,16,10,10,4,12,3,9,19,10,10,4,12,0,6,22
A_RP_FR_ZH_M_U_U_G41_T03,7,10,10,5,15,3,8,22,10,10,6,18,1,5,27,10,10,3,9,1,8,18,10,10,2,6,1,9,15,10,10,1,3,2,11,11,10,10,2,6,1,9,15,10,10,1,3,1,10,12
A_RP_FR_ZH_M_US_M_G41_T03,7,10,10,5,15,4,9,21,10,10,6,18,3,7,25,10,10,7,21,2,5,29,10,10,4,12,1,7,21,10,10,3,9,1,8,18,10,10,2,6,3,11,13,10,10,2,6,0,8,16
A_RP_FR_ZH_M_US_F_G41_T03,7,10,10,7,21,3,6,28,10,10,6,18,4,8,24,10,10,6,18,0,4,28,10,10,4,12,4,10,18,10,10,3,9,0,7,19,10,10,2,6,3,11,13,10,10,1,3,0,9,13
A_RP_FR_ZH_M_ZH_M_G41_T03,7,10,10,7,21,3,6,28,10,10,6,18,2,6,26,10,10,5,15,1,6,24,10,10,4,12,1,7,21,10,10,3,9,2,9,17,10,10,2,6,0,8,16,10,10,1,3,1,10,12
A_RP_FR_ZH_M_ZH_F_G41_T03,7,10,10,5,15,1,6,24,10,10,3,9,1,8,18,10,10,2,6,3,11,13,10,10,3,9,2,9,17,10,10,3,9,1,8,18,10,10,2,6,2,10,14,10,10,2,6,0,8,16
A_RP_FR_ZH_M_FR_M_G41_T03,7,10,10,5,15,2,7,23,10,10,6,18,4,8,24,10,10,7,21,2,5,29,10,10,4,12,3,9,19,10,10,5,15,1,6,24,10,10,4,12,2,8,20,10,10,4,12,1,7,21
A_RP_FR_ZH_F_ZH_F_G41_T03,7,10,10,5,15,3,8,22,10,10,6,18,1,5,27,10,10,4,12,1,7,21,10,10,3,9,2,9,17,10,10,3,9,1,8,18,10,10,2,6,1,9,15,10,10,2,6,0,8,16
A_RP_FR_ZH_M_FR_F_G41_T03,7,10,10,5,15,1,6,24,10,10,3,9,2,9,17,10,10,2,6,1,9,15,10,10,2,6,2,10,14,10,10,2,6,1,9,15,10,10,2,6,0,8,16,10,10,1,3,0,9,13
A_RP_FR_ZH_F_U_U_G41_T03,7,10,10,5,15,2,7,23,10,10,4,12,3,9,19,10,10,4,12,2,8,20,10,10,4,12,3,9,19,10,10,4,12,2,8,20,10,10,4,12,3,9,19,10,10,4,12,0,6,22
A_RP_FR_ZH_F_US_M_G41_T03,7,10,10,5,15,3,8,22,10,10,6,18,1,5,27,10,10,3,9,3,10,16,10,10,4,12,3,9,19,10,10,4,12,2,8,20,10,10,4,12,2,8,20,10,10,4,12,0,6,22
A_RP_FR_ZH_F_ZH_M_G41_T03,7,10,10,7,21,3,6,28,10,10,6,18,1,5,27,10,10,4,12,2,8,20,10,10,3,9,0,7,19,10,10,2,6,2,10,14,10,10,3,9,0,7,19,10,10,2,6,1,9,15
A_RP_FR_ZH_F_US_F_G41_T03,7,10,10,5,15,3,8,22,10,10,6,18,1,5,27,10,10,3,9,2,9,17,10,10,4,12,3,9,19,10,10,4,12,2,8,20,10,10,4,12,1,7,21,10,10,3,9,0,7,19
A_RP_FR_ZH_F_FR_M_G41_T03,7,10,10,5,15,2,7,23,10,10,3,9,3,10,16,10,10,4,12,2,8,20,10,10,4,12,3,9,19,10,10,4,12,0,6,22,10,10,2,6,1,9,15,10,10,3,9,0,7,19
A_RP_FR_US_M_U_U_G41_T03,7,10,10,6,18,2,6,26,10,10,4,12,2,8,20,10,10,3,9,4,11,15,10,10,4,12,1,7,21,10,10,4,12,3,9,19,10,10,4,12,1,7,21,10,10,3,9,0,7,19
A_RP_FR_US_M_ZH_F_G41_T03,7,10,10,7,21,1,4,30,10,10,4,12,1,7,21,10,10,2,6,0,8,16,10,10,1,3,1,10,12,10,10,1,3,3,12,10,10,10,1,3,1,10,12,10,10,1,3,0,9,13
A_RP_FR_ZH_F_FR_F_G41_T03,7,10,10,5,15,4,9,21,10,10,6,18,3,7,25,10,10,4,12,3,9,19,10,10,4,12,2,8,20,10,10,4,12,1,7,21,10,10,3,9,2,9,17,10,10,2,6,0,8,16
A_RP_FR_US_M_ZH_M_G41_T03,7,10,10,5,15,1,6,24,10,10,3,9,1,8,18,10,10,2,6,2,10,14,10,10,2,6,0,8,16,10,10,1,3,1,10,12,10,10,1,3,2,11,11,10,10,1,3,0,9,13
A_RP_FR_US_M_US_F_G41_T03,7,10,10,5,15,2,7,23,10,10,5,15,2,7,23,10,10,5,15,3,8,22,10,10,5,15,5,10,20,10,10,5,15,3,8,22,10,10,5,15,1,6,24,10,10,5,15,0,5,25
A_RP_FR_US_M_US_M_G41_T03,7,10,10,5,15,3,8,22,10,10,6,18,3,7,25,10,10,7,21,2,5,29,10,10,6,18,3,7,25,10,10,6,18,2,6,26,10,10,6,18,4,8,24,10,10,6,18,0,4,28
A_RP_FR_US_M_FR_M_G41_T03,7,10,10,7,21,1,4,30,10,10,3,9,1,8,18,10,10,1,3,2,11,11,10,10,0,0,1,11,9,10,10,2,6,3,11,13,10,10,1,3,2,11,11,10,10,1,3,0,9,13
A_RP_FR_US_M_FR_F_G41_T03,7,10,10,6,18,2,6,26,10,10,4,12,3,9,19,10,10,5,15,0,5,25,10,10,3,9,3,10,16,10,10,4,12,1,7,21,10,10,3,9,3,10,16,10,10,3,9,0,7,19
A_RP_FR_US_F_ZH_F_G41_T03,7,10,10,5,15,2,7,23,10,10,5,15,1,6,24,10,10,3,9,3,10,16,10,10,3,9,2,9,17,10,10,4,12,1,7,21,10,10,3,9,2,9,17,10,10,3,9,0,7,19
A_RP_FR_US_F_ZH_M_G41_T03,7,10,10,5,15,1,6,24,10,10,3,9,2,9,17,10,10,2,6,3,11,13,10,10,4,12,2,8,20,10,10,3,9,0,7,19,10,10,2,6,2,10,14,10,10,2,6,0,8,16
A_RP_FR_US_F_U_U_G41_T03,7,10,10,5,15,3,8,22,10,10,6,18,2,6,26,10,10,4,12,1,7,21,10,10,3,9,2,9,17,10,10,3,9,1,8,18,10,10,2,6,1,9,15,10,10,2,6,1,9,15
A_RP_FR_US_F_FR_M_G41_T03,7,10,10,7,21,3,6,28,10,10,6,18,1,5,27,10,10,4,12,0,6,22,10,10,2,6,1,9,15,10,10,1,3,2,11,11,10,10,0,0,3,13,7,10,10,1,3,1,10,12
A_RP_FR_US_F_FR_F_G41_T03,7,10,10,6,18,3,7,25,10,10,6,18,3,7,25,10,10,6,18,3,7,25,10,10,6,18,0,4,28,10,10,3,9,1,8,18,10,10,3,9,2,9,17,10,10,3,9,0,7,19
A_RP_FR_US_F_US_M_G41_T03,7,10,10,7,21,2,5,29,10,10,5,15,6,11,19,10,10,6,18,3,7,25,10,10,6,18,1,5,27,10,10,5,15,2,7,23,10,10,5,15,3,8,22,10,10,5,15,1,6,24
A_RP_FR_US_F_US_F_G41_T03,7,10,10,6,18,3,7,25,10,10,7,21,1,4,30,10,10,4,12,2,8,20,10,10,5,15,1,6,24,10,10,3,9,1,8,18,10,10,2,6,1,9,15,10,10,1,3,1,10,12
A_RP_FR_FR_M_ZH_F_G41_T03,7,10,10,5,15,1,6,24,10,10,3,9,2,9,17,10,10,2,6,2,10,14,10,10,2,6,3,11,13,10,10,2,6,3,11,13,10,10,2,6,1,9,15,10,10,2,6,2,10,14
A_RP_FR_FR_M_U_U_G41_T03,7,10,10,5,15,2,7,23,10,10,6,18,1,5,27,10,10,4,12,1,7,21,10,10,3,9,3,10,16,10,10,3,9,2,9,17,10,10,3,9,4,11,15,10,10,3,9,0,7,19
A_RP_FR_FR_M_US_M_G41_T03,7,10,10,7,21,3,6,28,10,10,5,15,3,8,22,10,10,4,12,1,7,21,10,10,3,9,1,8,18,10,10,2,6,1,9,15,10,10,1,3,1,10,12,10,10,1,3,0,9,13
A_RP_FR_FR_M_ZH_M_G41_T03,7,10,10,5,15,2,7,23,10,10,4,12,3,9,19,10,10,3,9,2,9,17,10,10,3,9,1,8,18,10,10,3,9,3,10,16,10,10,3,9,2,9,17,10,10,3,9,0,7,19
A_RP_FR_FR_M_FR_F_G41_T03,7,10,10,7,21,3,6,28,10,10,6,18,0,4,28,10,10,3,9,2,9,17,10,10,2,6,2,10,14,10,10,2,6,4,12,12,10,10,2,6,1,9,15,10,10,2,6,2,10,14
A_RP_FR_FR_M_US_F_G41_T03,7,10,10,5,15,3,8,22,10,10,6,18,1,5,27,10,10,4,12,2,8,20,10,10,3,9,2,9,17,10,10,3,9,1,8,18,10,10,2,6,2,10,14,10,10,2,6,0,8,16
A_RP_FR_FR_F_U_U_G41_T03,7,10,10,5,15,3,8,22,10,10,6,18,3,7,25,10,10,7,21,2,5,29,10,10,6,18,1,5,27,10,10,4,12,2,8,20,10,10,3,9,3,10,16,10,10,4,12,0,6,22
A_RP_FR_FR_M_FR_M_G41_T03,7,10,10,5,15,2,7,23,10,10,4,12,3,9,19,10,10,4,12,3,9,19,10,10,4,12,1,7,21,10,10,3,9,2,9,17,10,10,3,9,2,9,17,10,10,3,9,0,7,19
A_RP_FR_FR_F_ZH_M_G41_T03,7,10,10,5,15,2,7,23,10,10,4,12,1,7,21,10,10,3,9,2,9,17,10,10,2,6,0,8,16,10,10,1,3,1,10,12,10,10,1,3,2,11,11,10,10,1,3,0,9,13
A_RP_FR_FR_F_ZH_F_G41_T03,7,10,10,5,15,3,8,22,10,10,5,15,2,7,23,10,10,4,12,1,7,21,10,10,3,9,2,9,17,10,10,3,9,2,9,17,10,10,3,9,0,7,19,10,10,2,6,0,8,16
A_RP_FR_FR_F_US_M_G41_T03,7,10,10,7,21,2,5,29,10,10,5,15,2,7,23,10,10,4,12,2,8,20,10,10,3,9,3,10,16,10,10,3,9,2,9,17,10,10,3,9,3,10,16,10,10,3,9,0,7,19
A_RP_FR_FR_F_FR_M_G41_T03,7,10,10,7,21,2,5,29,10,10,5,15,2,7,23,10,10,3,9,2,9,17,10,10,2,6,1,9,15,10,10,1,3,2,11,11,10,10,1,3,1,10,12,10,10,1,3,0,9,13
A_RP_FR_FR_F_US_F_G41_T03,7,10,10,5,15,2,7,23,10,10,4,12,3,9,19,10,10,4,12,3,9,19,10,10,4,12,1,7,21,10,10,3,9,1,8,18,10,10,2,6,1,9,15,10,10,2,6,0,8,16
A_RP_FR_FR_F_FR_F_G41_T03,7,10,10,5,15,2,7,23,10,10,5,15,1,6,24,10,10,3,9,4,11,15,10,10,4,12,1,7,21,10,10,3,9,2,9,17,10,10,3,9,3,10,16,10,10,3,9,0,7,19
B_RP_FR_ZH_M_U_U_G41_T03,7,10,10,0,0,0,10,10,10,10,0,0,0,10,10,10,10,0,0,0,10,10,10,10,0,0,0,10,10,10,10,0,0,0,10,10,10,10,0,0,0,10,10,10,10,1,3,0,9,13
B_RP_FR_U_U_U_U_G41_T03,7,10,10,0,0,0,10,10,10,10,2,6,0,8,16,10,10,0,0,0,10,10,10,10,0,0,0,10,10,10,10,3,9,0,7,19,10,10,2,6,0,8,16,10,10,0,0,0,10,10
B_RP_FR_ZH_F_U_U_G41_T03,7,10,10,0,0,0,10,10,10,10,0,0,0,10,10,10,10,3,9,0,7,19,10,10,0,0,0,10,10,10,10,5,15,0,5,25,10,10,3,9,0,7,19,10,10,0,0,0,10,10
B_RP_FR_FR_M_U_U_G41_T03,7,10,10,0,0,0,10,10,10,10,0,0,0,10,10,10,10,0,0,0,10,10,10,10,2,6,0,8,16,10,10,5,15,0,5,25,10,10,0,0,0,10,10,10,10,0,0,0,10,10
B_RP_FR_US_M_U_U_G41_T03,7,10,10,0,0,0,10,10,10,10,0,0,0,10,10,10,10,2,6,0,8,16,10,10,1,3,0,9,13,10,10,0,0,0,10,10,10,10,0,0,0,10,10,10,10,0,0,0,10,10
B_RP_FR_US_F_U_U_G41_T03,7,10,10,0,0,0,10,10,10,10,0,0,0,10,10,10,10,0,0,0,10,10,10,10,1,3,0,9,13,10,10,2,6,0,8,16,10,10,4,12,0,6,22,10,10,0,0,0,10,10
B_RP_FR_FR_F_U_U_G41_T03,7,10,10,0,0,0,10,10,10,10,1,3,0,9,13,10,10,1,3,0,9,13,10,10,1,3,0,9,13,10,10,3,9,0,7,19,10,10,0,0,0,10,10,10,10,0,0,0,10,10
B_RP_FR_ZH_M_ZH_M_G41_T03,7,10,10,0,0,0,10,10,10,10,0,0,0,10,10,10,10,3,9,0,7,19,10,10,2,6,0,8,16,10,10,3,9,0,7,19,10,10,1,3,0,9,13,10,10,0,0,0,10,10
B_RP_FR_ZH_F_ZH_M_G41_T03,7,10,10,0,0,0,10,10,10,10,2,6,0,8,16,10,10,0,0,0,10,10,10,10,0,0,0,10,10,10,10,2,6,0,8,16,10,10,1,3,0,9,13,10,10,0,0,0,10,10
B_RP_FR_U_U_ZH_M_G41_T03,7,10,10,0,0,0,10,10,10,10,3,9,0,7,19,10,10,0,0,0,10,10,10,10,1,3,0,9,13,10,10,0,0,0,10,10,10,10,1,3,0,9,13,10,10,2,6,0,8,16
B_RP_FR_FR_F_ZH_M_G41_T03,7,10,10,0,0,0,10,10,10,10,0,0,0,10,10,10,10,1,3,0,9,13,10,10,0,0,0,10,10,10,10,0,0,0,10,10,10,10,2,6,0,8,16,10,10,0,0,0,10,10
B_RP_FR_US_F_ZH_M_G41_T03,7,10,10,0,0,0,10,10,10,10,0,0,0,10,10,10,10,2,6,0,8,16,10,10,0,0,0,10,10,10,10,2,6,0,8,16,10,10,1,3,0,9,13,10,10,1,3,0,9,13
B_RP_FR_US_M_ZH_M_G41_T03,7,10,10,0,0,0,10,10,10,10,0,0,0,10,10,10,10,0,0,0,10,10,10,10,2,6,0,8,16,10,10,5,15,0,5,25,10,10,3,9,0,7,19,10,10,0,0,0,10,10
B_RP_FR_FR_M_ZH_M_G41_T03,7,10,10,0,0,0,10,10,10,10,0,0,0,10,10,10,10,3,9,0,7,19,10,10,0,0,0,10,10,10,10,2,6,0,8,16,10,10,0,0,0,10,10,10,10,3,9,0,7,19
B_RP_FR_U_U_ZH_F_G41_T03,7,10,10,0,0,0,10,10,10,10,0,0,0,10,10,10,10,0,0,0,10,10,10,10,6,18,0,4,28,10,10,7,21,0,3,31,10,10,4,12,0,6,22,10,10,0,0,0,10,10
B_RP_FR_ZH_M_ZH_F_G41_T03,7,10,10,0,0,0,10,10,10,10,2,6,1,9,15,10,10,2,6,1,9,15,10,10,0,0,0,10,10,10,10,0,0,0,10,10,10,10,0,0,0,10,10,10,10,0,0,0,10,10
B_RP_FR_ZH_F_ZH_F_G41_T03,7,10,10,0,0,0,10,10,10,10,0,0,0,10,10,10,10,0,0,0,10,10,10,10,0,0,0,10,10,10,10,0,0,0,10,10,10,10,0,0,0,10,10,10,10,2,6,0,8,16
B_RP_FR_US_M_ZH_F_G41_T03,7,10,10,0,0,0,10,10,10,10,0,0,0,10,10,10,10,1,3,0,9,13,10,10,1,3,0,9,13,10,10,4,12,0,6,22,10,10,1,3,0,9,13,10,10,0,0,0,10,10
B_RP_FR_FR_M_ZH_F_G41_T03,7,10,10,0,0,0,10,10,10,10,0,0,0,10,10,10,10,0,0,0,10,10,10,10,0,0,0,10,10,10,10,1,3,0,9,13,10,10,0,0,0,10,10,10,10,0,0,0,10,10
B_RP_FR_U_U_US_M_G41_T03,7,10,10,0,0,0,10,10,10,10,3,9,0,7,19,10,10,7,21,5,8,26,10,10,7,21,5,8,26,10,10,3,9,0,7,19,10,10,0,0,0,10,10,10,10,1,3,0,9,13
B_RP_FR_ZH_M_US_M_G41_T03,7,10,10,0,0,0,10,10,10,10,3,9,1,8,18,10,10,3,9,2,9,17,10,10,2,6,1,9,15,10,10,6,18,3,7,25,10,10,3,9,2,9,17,10,10,3,9,2,9,17
B_RP_FR_FR_F_ZH_F_G41_T03,7,10,10,0,0,0,10,10,10,10,1,3,0,9,13,10,10,3,9,0,7,19,10,10,1,3,0,9,13,10,10,2,6,0,8,16,10,10,2,6,0,8,16,10,10,0,0,0,10,10
B_RP_FR_US_F_ZH_F_G41_T03,7,10,10,0,0,0,10,10,10,10,4,12,2,8,20,10,10,2,6,1,9,15,10,10,4,12,2,8,20,10,10,3,9,1,8,18,10,10,3,9,1,8,18,10,10,4,12,2,8,20
B_RP_FR_ZH_F_US_M_G41_T03,7,10,10,0,0,0,10,10,10,10,1,3,0,9,13,10,10,3,9,0,7,19,10,10,0,0,0,10,10,10,10,1,3,0,9,13,10,10,0,0,0,10,10,10,10,0,0,0,10,10
B_RP_FR_US_M_US_M_G41_T03,7,10,10,0,0,0,10,10,10,10,0,0,0,10,10,10,10,0,0,0,10,10,10,10,0,0,0,10,10,10,10,1,3,0,9,13,10,10,3,9,0,7,19,10,10,3,9,0,7,19
B_RP_FR_FR_F_US_M_G41_T03,7,10,10,0,0,0,10,10,10,10,3,9,0,7,19,10,10,2,6,0,8,16,10,10,2,6,0,8,16,10,10,2,6,0,8,16,10,10,5,15,0,5,25,10,10,0,0,0,10,10
B_RP_FR_US_F_US_M_G41_T03,7,10,10,0,0,0,10,10,10,10,0,0,0,10,10,10,10,0,0,0,10,10,10,10,0,0,0,10,10,10,10,0,0,0,10,10,10,10,0,0,0,10,10,10,10,2,6,0,8,16
B_RP_FR_FR_M_US_M_G41_T03,7,10,10,0,0,0,10,10,10,10,0,0,0,10,10,10,10,1,3,0,9,13,10,10,1,3,0,9,13,10,10,2,6,0,8,16,10,10,1,3,0,9,13,10,10,0,0,0,10,10
B_RP_FR_U_U_US_F_G41_T03,7,10,10,0,0,0,10,10,10,10,0,0,0,10,10,10,10,1,3,0,9,13,10,10,0,0,0,10,10,10,10,0,0,0,10,10,10,10,0,0,0,10,10,10,10,0,0,0,10,10
B_RP_FR_ZH_F_US_F_G41_T03,7,10,10,0,0,0,10,10,10,10,0,0,0,10,10,10,10,0,0,0,10,10,10,10,4,12,0,6,22,10,10,2,6,0,8,16,10,10,1,3,0,9,13,10,10,0,0,0,10,10
B_RP_FR_US_M_US_F_G41_T03,7,10,10,0,0,0,10,10,10,10,0,0,0,10,10,10,10,0,0,0,10,10,10,10,3,9,1,8,18,10,10,2,6,1,9,15,10,10,2,6,1,9,15,10,10,1,3,1,10,12
B_RP_FR_ZH_M_US_F_G41_T03,7,10,10,0,0,0,10,10,10,10,2,6,1,9,15,10,10,6,18,9,13,19,10,10,8,24,12,14,22,10,10,9,27,15,16,22,10,10,10,30,18,18,22,10,10,7,21,12,15,19
B_RP_FR_FR_M_US_F_G41_T03,7,10,10,0,0,0,10,10,10,10,1,3,0,9,13,10,10,0,0,0,10,10,10,10,0,0,0,10,10,10,10,2,6,0,8,16,10,10,3,9,0,7,19,10,10,1,3,0,9,13
B_RP_FR_US_F_US_F_G41_T03,7,10,10,0,0,0,10,10,10,10,0,0,0,10,10,10,10,2,6,0,8,16,10,10,0,0,0,10,10,10,10,2,6,0,8,16,10,10,1,3,0,9,13,10,10,0,0,0,10,10
B_RP_FR_FR_F_US_F_G41_T03,7,10,10,0,0,0,10,10,10,10,2,6,1,9,15,10,10,1,3,0,9,13,10,10,2,6,1,9,15,10,10,3,9,1,8,18,10,10,4,12,2,8,20,10,10,1,3,0,9,13
B_RP_FR_U_U_FR_M_G41_T03,7,10,10,0,0,0,10,10,10,10,0,0,0,10,10,10,10,1,3,0,9,13,10,10,0,0,0,10,10,10,10,1,3,0,9,13,10,10,2,6,0,8,16,10,10,0,0,0,10,10
B_RP_FR_ZH_M_FR_M_G41_T03,7,10,10,0,0,0,10,10,10,10,2,6,0,8,16,10,10,0,0,0,10,10,10,10,0,0,0,10,10,10,10,0,0,0,10,10,10,10,0,0,0,10,10,10,10,1,3,0,9,13
B_RP_FR_ZH_F_FR_M_G41_T03,7,10,10,0,0,0,10,10,10,10,1,3,0,9,13,10,10,3,9,0,7,19,10,10,1,3,0,9,13,10,10,0,0,0,10,10,10,10,0,0,0,10,10,10,10,1,3,0,9,13
B_RP_FR_US_F_FR_M_G41_T03,7,10,10,0,0,0,10,10,10,10,0,0,0,10,10,10,10,0,0,0,10,10,10,10,0,0,0,10,10,10,10,0,0,0,10,10,10,10,0,0,0,10,10,10,10,0,0,0,10,10
B_RP_FR_US_M_FR_M_G41_T03,7,10,10,0,0,0,10,10,10,10,1,3,0,9,13,10,10,1,3,0,9,13,10,10,0,0,0,10,10,10,10,2,6,0,8,16,10,10,2,6,0,8,16,10,10,2,6,0,8,16
B_RP_FR_FR_M_FR_M_G41_T03,7,10,10,0,0,0,10,10,10,10,0,0,0,10,10,10,10,0,0,0,10,10,10,10,0,0,0,10,10,10,10,0,0,0,10,10,10,10,0,0,0,10,10,10,10,0,0,0,10,10
B_RP_FR_FR_F_FR_M_G41_T03,7,10,10,0,0,0,10,10,10,10,0,0,0,10,10,10,10,4,12,0,6,22,10,10,1,3,0,9,13,10,10,0,0,0,10,10,10,10,0,0,0,10,10,10,10,0,0,0,10,10
B_RP_FR_ZH_M_FR_F_G41_T03,7,10,10,0,0,0,10,10,10,10,0,0,0,10,10,10,10,0,0,0,10,10,10,10,2,6,0,8,16,10,10,4,12,0,6,22,10,10,5,15,0,5,25,10,10,2,6,0,8,16
B_RP_FR_ZH_F_FR_F_G41_T03,7,10,10,0,0,0,10,10,10,10,0,0,0,10,10,10,10,3,9,0,7,19,10,10,7,21,0,3,31,10,10,3,9,0,7,19,10,10,0,0,0,10,10,10,10,0,0,0,10,10
B_RP_FR_US_M_FR_F_G41_T03,7,10,10,0,0,0,10,10,10,10,0,0,0,10,10,10,10,2,6,0,8,16,10,10,5,15,0,5,25,10,10,3,9,0,7,19,10,10,1,3,0,9,13,10,10,0,0,0,10,10
B_RP_FR_U_U_FR_F_G41_T03,7,10,10,0,0,0,10,10,10,10,4,12,0,6,22,10,10,7,21,0,3,31,10,10,2,6,0,8,16,10,10,2,6,0,8,16,10,10,0,0,0,10,10,10,10,1,3,0,9,13
B_RP_FR_US_F_FR_F_G41_T03,7,10,10,0,0,0,10,10,10,10,0,0,0,10,10,10,10,1,3,0,9,13,10,10,0,0,0,10,10,10,10,1,3,0,9,13,10,10,6,18,0,4,28,10,10,4,12,0,6,22
B_RP_FR_FR_M_FR_F_G41_T03,7,10,10,0,0,0,10,10,10,10,2,6,0,8,16,10,10,1,3,0,9,13,10,10,0,0,0,10,10,10,10,0,0,0,10,10,10,10,0,0,0,10,10,10,10,0,0,0,10,10
B_RP_FR_FR_F_FR_F_G41_T03,7,10,10,0,0,0,10,10,10,10,1,3,0,9,13,10,10,0,0,0,10,10,10,10,0,0,0,10,10,10,10,0,0,0,10,10,10,10,0,0,0,10,10,10,10,0,0,0,10,10
B_RP_FR_ZH_M_U_U_G41_T03,7,10,10,2,6,1,9,15,10,10,3,9,2,9,17,10,10,4,12,3,9,19,10,10,0,0,0,10,10,10,10,0,0,0,10,10,10,10,0,0,0,10,10,10,10,1,3,1,10,12
B_RP_FR_U_U_U_U_G41_T03,7,10,10,2,6,1,9,15,10,10,5,15,7,12,18,10,10,7,21,10,13,21,10,10,6,18,9,13,19,10,10,8,24,12,14,22,10,10,10,30,15,15,25,10,10,10,30,15,15,25
B_RP_FR_ZH_F_U_U_G41_T03,7,10,10,2,6,1,9,15,10,10,4,12,3,9,19,10,10,5,15,6,11,19,10,10,6,18,9,13,19,10,10,6,18,9,13,19,10,10,5,15,7,12,18,10,10,4,12,5,11,17
B_RP_FR_US_M_U_U_G41_T03,7,10,10,2,6,1,9,15,10,10,2,6,1,9,15,10,10,1,3,0,9,13,10,10,2,6,1,9,15,10,10,2,6,1,9,15,10,10,7,21,3,6,28,10,10,2,6,1,9,15
B_RP_FR_US_F_U_U_G41_T03,7,10,10,2,6,1,9,15,10,10,0,0,0,10,10,10,10,1,3,1,10,12,10,10,1,3,1,10,12,10,10,4,12,2,8,20,10,10,1,3,1,10,12,10,10,0,0,0,10,10
B_RP_FR_FR_M_U_U_G41_T03,7,10,10,2,6,1,9,15,10,10,3,9,2,9,17,10,10,8,24,10,12,24,10,10,8,24,10,12,24,10,10,8,24,10,12,24,10,10,7,21,10,13,21,10,10,9,27,10,11,27
B_RP_FR_U_U_ZH_M_G41_T03,7,10,10,2,6,1,9,15,10,10,2,6,1,9,15,10,10,1,3,0,9,13,10,10,0,0,0,10,10,10,10,2,6,1,9,15,10,10,1,3,0,9,13,10,10,0,0,0,10,10
B_RP_FR_FR_F_U_U_G41_T03,7,10,10,2,6,1,9,15,10,10,1,3,0,9,13,10,10,1,3,0,9,13,10,10,6,18,2,6,26,10,10,4,12,1,7,21,10,10,1,3,0,9,13,10,10,0,0,0,10,10
B_RP_FR_ZH_F_ZH_M_G41_T03,7,10,10,2,6,3,11,13,10,10,2,6,3,11,13,10,10,4,12,6,12,16,10,10,7,21,10,13,21,10,10,8,24,12,14,22,10,10,10,30,15,15,25,10,10,9,27,13,14,24
B_RP_FR_US_F_ZH_M_G41_T03,7,10,10,2,6,2,10,14,10,10,4,12,4,10,18,10,10,7,21,7,10,24,10,10,8,24,8,10,26,10,10,5,15,5,10,20,10,10,0,0,0,10,10,10,10,0,0,0,10,10
B_RP_FR_US_M_ZH_M_G41_T03,7,10,10,2,6,1,9,15,10,10,1,3,0,9,13,10,10,1,3,0,9,13,10,10,1,3,0,9,13,10,10,3,9,1,8,18,10,10,1,3,0,9,13,10,10,0,0,0,10,10
B_RP_FR_ZH_M_ZH_M_G41_T03,7,10,10,2,6,1,9,15,10,10,1,3,0,9,13,10,10,1,3,0,9,13,10,10,1,3,0,9,13,10,10,0,0,0,10,10,10,10,0,0,0,10,10,10,10,0,0,0,10,10
B_RP_FR_FR_M_ZH_M_G41_T03,7,10,10,2,6,1,9,15,10,10,3,9,2,9,17,10,10,6,18,4,8,24,10,10,3,9,2,9,17,10,10,1,3,0,9,13,10,10,3,9,2,9,17,10,10,2,6,1,9,15
B_RP_FR_FR_F_ZH_M_G41_T03,7,10,10,2,6,1,9,15,10,10,1,3,0,9,13,10,10,0,0,0,10,10,10,10,0,0,0,10,10,10,10,3,9,1,8,18,10,10,4,12,1,7,21,10,10,2,6,1,9,15
B_RP_FR_ZH_M_ZH_F_G41_T03,7,10,10,2,6,3,11,13,10,10,3,9,4,11,15,10,10,5,15,7,12,18,10,10,3,9,4,11,15,10,10,4,12,5,11,17,10,10,6,18,8,12,20,10,10,5,15,7,12,18
B_RP_FR_U_U_ZH_F_G41_T03,7,10,10,2,6,1,9,15,10,10,3,9,2,9,17,10,10,5,15,4,9,21,10,10,1,3,0,9,13,10,10,1,3,0,9,13,10,10,4,12,2,8,20,10,10,0,0,0,10,10
B_RP_FR_US_M_ZH_F_G41_T03,7,10,10,2,6,3,11,13,10,10,3,9,4,11,15,10,10,4,12,6,12,16,10,10,7,21,10,13,21,10,10,8,24,12,14,22,10,10,9,27,13,14,24,10,10,4,12,6,12,16
B_RP_FR_ZH_F_ZH_F_G41_T03,7,10,10,2,6,3,11,13,10,10,2,6,3,11,13,10,10,4,12,6,12,16,10,10,9,27,13,14,24,10,10,10,30,15,15,25,10,10,10,30,15,15,25,10,10,8,24,12,14,22
B_RP_FR_US_F_ZH_F_G41_T03,7,10,10,2,6,3,11,13,10,10,2,6,3,11,13,10,10,4,12,6,12,16,10,10,4,12,6,12,16,10,10,7,21,10,13,21,10,10,9,27,13,14,24,10,10,7,21,10,13,21
B_RP_FR_FR_M_ZH_F_G41_T03,7,10,10,2,6,1,9,15,10,10,2,6,1,9,15,10,10,0,0,0,10,10,10,10,2,6,1,9,15,10,10,5,15,2,7,23,10,10,6,18,2,6,26,10,10,0,0,0,10,10
B_RP_FR_U_U_US_M_G41_T03,7,10,10,2,6,1,9,15,10,10,4,12,3,9,19,10,10,5,15,7,12,18,10,10,6,18,9,13,19,10,10,6,18,9,13,19,10,10,6,18,9,13,19,10,10,5,15,7,12,18
B_RP_FR_ZH_F_US_M_G41_T03,7,10,10,2,6,3,11,13,10,10,6,18,9,13,19,10,10,9,27,15,16,22,10,10,9,27,15,16,22,10,10,10,30,15,15,25,10,10,10,30,15,15,25,10,10,7,21,12,15,19
B_RP_FR_FR_F_ZH_F_G41_T03,7,10,10,2,6,1,9,15,10,10,2,6,1,9,15,10,10,1,3,1,10,12,10,10,3,9,2,9,17,10,10,5,15,3,8,22,10,10,3,9,2,9,17,10,10,0,0,0,10,10
B_RP_FR_US_M_US_M_G41_T03,7,10,10,2,6,1,9,15,10,10,2,6,1,9,15,10,10,4,12,2,8,20,10,10,4,12,2,8,20,10,10,3,9,1,8,18,10,10,1,3,0,9,13,10,10,0,0,0,10,10
B_RP_FR_ZH_M_US_M_G41_T03,7,10,10,2,6,1,9,15,10,10,1,3,0,9,13,10,10,0,0,0,10,10,10,10,0,0,0,10,10,10,10,0,0,0,10,10,10,10,2,6,1,9,15,10,10,0,0,0,10,10
B_RP_FR_FR_M_US_M_G41_T03,7,10,10,2,6,2,10,14,10,10,1,3,1,10,12,10,10,3,9,3,10,16,10,10,8,24,8,10,26,10,10,6,18,6,10,22,10,10,6,18,6,10,22,10,10,1,3,1,10,12
B_RP_FR_US_F_US_M_G41_T03,7,10,10,2,6,3,11,13,10,10,6,18,9,13,19,10,10,8,24,12,14,22,10,10,8,24,12,14,22,10,10,10,30,15,15,25,10,10,10,30,15,15,25,10,10,10,30,15,15,25
B_RP_FR_ZH_F_US_F_G41_T03,7,10,10,2,6,3,11,13,10,10,5,15,6,11,19,10,10,10,30,15,15,25,10,10,8,24,12,14,22,10,10,8,24,12,14,22,10,10,10,30,15,15,25,10,10,5,15,6,11,19
B_RP_FR_FR_F_US_M_G41_T03,7,10,10,2,6,2,10,14,10,10,3,9,3,10,16,10,10,9,27,9,10,28,10,10,10,30,10,10,30,10,10,7,21,7,10,24,10,10,5,15,5,10,20,10,10,2,6,2,10,14
B_RP_FR_U_U_US_F_G41_T03,7,10,10,2,6,1,9,15,10,10,1,3,0,9,13,10,10,4,12,2,8,20,10,10,5,15,3,8,22,10,10,3,9,1,8,18,10,10,3,9,1,8,18,10,10,0,0,0,10,10
B_RP_FR_ZH_M_US_F_G41_T03,7,10,10,2,6,1,9,15,10,10,2,6,1,9,15,10,10,6,18,3,7,25,10,10,2,6,1,9,15,10,10,6,18,3,7,25,10,10,6,18,3,7,25,10,10,3,9,1,8,18
B_RP_FR_US_M_US_F_G41_T03,7,10,10,2,6,1,9,15,10,10,2,6,1,9,15,10,10,3,9,2,9,17,10,10,3,9,2,9,17,10,10,3,9,2,9,17,10,10,9,27,6,7,31,10,10,7,21,4,7,27
B_RP_FR_FR_M_US_F_G41_T03,7,10,10,2,6,1,9,15,10,10,2,6,1,9,15,10,10,1,3,0,9,13,10,10,0,0,0,10,10,10,10,2,6,1,9,15,10,10,2,6,1,9,15,10,10,1,3,0,9,13
B_RP_FR_US_F_US_F_G41_T03,7,10,10,2,6,1,9,15,10,10,0,0,0,10,10,10,10,3,9,1,8,18,10,10,0,0,0,10,10,10,10,4,12,2,8,20,10,10,3,9,1,8,18,10,10,0,0,0,10,10
B_RP_FR_U_U_FR_M_G41_T03,7,10,10,2,6,1,9,15,10,10,5,15,7,12,18,10,10,10,30,15,15,25,10,10,10,30,15,15,25,10,10,9,27,13,14,24,10,10,10,30,15,15,25,10,10,10,30,15,15,25
B_RP_FR_FR_F_US_F_G41_T03,7,10,10,2,6,1,9,15,10,10,0,0,0,10,10,10,10,6,18,9,13,19,10,10,7,21,12,15,19,10,10,10,30,18,18,22,10,10,10,30,18,18,22,10,10,6,18,9,13,19
B_RP_FR_ZH_M_FR_M_G41_T03,7,10,10,2,6,1,9,15,10,10,3,9,2,9,17,10,10,4,12,3,9,19,10,10,4,12,3,9,19,10,10,7,21,5,8,26,10,10,5,15,4,9,21,10,10,0,0,0,10,10
B_RP_FR_ZH_F_FR_M_G41_T03,7,10,10,2,6,3,11,13,10,10,7,21,10,13,21,10,10,8,24,12,14,22,10,10,7,21,10,13,21,10,10,10,30,15,15,25,10,10,10,30,15,15,25,10,10,8,24,12,14,22
B_RP_FR_US_M_FR_M_G41_T03,7,10,10,2,6,2,10,14,10,10,2,6,2,10,14,10,10,7,21,10,13,21,10,10,7,21,10,13,21,10,10,5,15,7,12,18,10,10,5,15,7,12,18,10,10,9,27,13,14,24
B_RP_FR_FR_M_FR_M_G41_T03,7,10,10,2,6,1,9,15,10,10,3,9,2,9,17,10,10,4,12,3,9,19,10,10,4,12,3,9,19,10,10,5,15,4,9,21,10,10,5,15,4,9,21,10,10,5,15,4,9,21
B_RP_FR_US_F_FR_M_G41_T03,7,10,10,2,6,1,9,15,10,10,0,0,0,10,10,10,10,2,6,1,9,15,10,10,1,3,0,9,13,10,10,1,3,0,9,13,10,10,3,9,1,8,18,10,10,1,3,0,9,13
B_RP_FR_U_U_FR_F_G41_T03,7,10,10,2,6,1,9,15,10,10,5,15,7,12,18,10,10,7,21,10,13,21,10,10,8,24,12,14,22,10,10,7,21,10,13,21,10,10,5,15,7,12,18,10,10,5,15,7,12,18
B_RP_FR_FR_F_FR_M_G41_T03,7,10,10,2,6,3,11,13,10,10,3,9,4,11,15,10,10,3,9,4,11,15,10,10,7,21,10,13,21,10,10,7,21,10,13,21,10,10,9,27,13,14,24,10,10,7,21,10,13,21
B_RP_FR_US_F_FR_F_G41_T03,7,10,10,2,6,1,9,15,10,10,0,0,0,10,10,10,10,0,0,0,10,10,10,10,3,9,1,8,18,10,10,2,6,1,9,15,10,10,2,6,1,9,15,10,10,0,0,0,10,10
B_RP_FR_ZH_M_FR_F_G41_T03,7,10,10,2,6,3,11,13,10,10,8,24,10,12,24,10,10,8,24,12,14,22,10,10,7,21,10,13,21,10,10,6,18,9,13,19,10,10,5,15,7,12,18,10,10,3,9,4,11,15
B_RP_FR_ZH_F_FR_F_G41_T03,7,10,10,2,6,2,10,14,10,10,5,15,7,12,18,10,10,6,18,10,14,18,10,10,8,24,15,17,19,10,10,10,30,20,20,20,10,10,10,30,20,20,20,10,10,9,27,18,19,19
B_RP_FR_FR_F_FR_F_G41_T03,7,10,10,2,6,1,9,15,10,10,0,0,0,10,10,10,10,1,3,0,9,13,10,10,0,0,0,10,10,10,10,2,6,1,9,15,10,10,5,15,2,7,23,10,10,2,6,1,9,15
B_RP_FR_FR_M_FR_F_G41_T03,7,10,10,2,6,1,9,15,10,10,5,15,3,8,22,10,10,5,15,3,8,22,10,10,3,9,2,9,17,10,10,0,0,0,10,10,10,10,0,0,0,10,10,10,10,0,0,0,10,10
B_RP_FR_US_M_FR_F_G41_T03,7,10,10,2,6,3,11,13,10,10,3,9,4,11,15,10,10,2,6,3,11,13,10,10,0,0,0,10,10,10,10,1,3,1,10,12,10,10,2,6,3,11,13,10,10,3,9,4,11,15
B_RP_FR_U_U_U_U_G41_T03,7,10,10,5,15,8,13,17,10,10,7,21,12,15,19,10,10,8,24,15,17,19,10,10,10,30,20,20,20,10,10,10,30,20,20,20,10,10,10,30,20,20,20,10,10,10,30,20,20,20
B_RP_FR_ZH_M_U_U_G41_T03,7,10,10,5,15,8,13,17,10,10,7,21,10,13,21,10,10,8,24,14,16,20,10,10,10,30,20,20,20,10,10,10,30,20,20,20,10,10,10,30,20,20,20,10,10,10,30,20,20,20
B_RP_FR_US_M_U_U_G41_T03,7,10,10,5,15,8,13,17,10,10,10,30,15,15,25,10,10,9,27,20,21,17,10,10,10,30,20,20,20,10,10,10,30,20,20,20,10,10,10,30,20,20,20,10,10,8,24,18,20,16
B_RP_FR_FR_F_U_U_G41_T03,7,10,10,5,15,8,13,17,10,10,9,27,18,19,19,10,10,10,30,25,25,15,10,10,10,30,25,25,15,10,10,10,30,25,25,15,10,10,10,30,25,25,15,10,10,9,27,18,19,19
B_RP_FR_ZH_F_U_U_G41_T03,7,10,10,5,15,8,13,17,10,10,6,18,9,13,19,10,10,9,27,15,16,22,10,10,10,30,18,18,22,10,10,8,24,13,15,21,10,10,8,24,13,15,21,10,10,9,27,15,16,22
B_RP_FR_US_F_U_U_G41_T03,7,10,10,5,15,8,13,17,10,10,10,30,15,15,25,10,10,10,30,15,15,25,10,10,8,24,12,14,22,10,10,8,24,12,14,22,10,10,8,24,12,14,22,10,10,8,24,12,14,22
B_RP_FR_U_U_ZH_M_G41_T03,7,10,10,5,15,8,13,17,10,10,9,27,15,16,22,10,10,10,30,20,20,20,10,10,10,30,20,20,20,10,10,10,30,20,20,20,10,10,10,30,20,20,20,10,10,10,30,20,20,20
B_RP_FR_FR_M_U_U_G41_T03,7,10,10,5,15,8,13,17,10,10,3,9,4,11,15,10,10,4,12,6,12,16,10,10,6,18,9,13,19,10,10,6,18,9,13,19,10,10,7,21,10,13,21,10,10,6,18,9,13,19
B_RP_FR_ZH_F_ZH_M_G41_T03,7,10,10,5,15,12,17,13,10,10,10,30,25,25,15,10,10,10,30,25,25,15,10,10,10,30,25,25,15,10,10,10,30,25,25,15,10,10,10,30,25,25,15,10,10,10,30,25,25,15
B_RP_FR_US_F_ZH_M_G41_T03,7,10,10,5,15,12,17,13,10,10,10,30,20,20,20,10,10,10,30,20,20,20,10,10,10,30,20,20,20,10,10,10,30,20,20,20,10,10,10,30,20,20,20,10,10,10,30,20,20,20
B_RP_FR_ZH_M_ZH_M_G41_T03,7,10,10,5,15,8,13,17,10,10,10,30,15,15,25,10,10,10,30,15,15,25,10,10,10,30,15,15,25,10,10,9,27,13,14,24,10,10,10,30,15,15,25,10,10,10,30,15,15,25
B_RP_FR_US_M_ZH_M_G41_T03,7,10,10,5,15,8,13,17,10,10,8,24,12,14,22,10,10,8,24,12,14,22,10,10,9,27,13,14,24,10,10,8,24,12,14,22,10,10,8,24,12,14,22,10,10,6,18,9,13,19
B_RP_FR_U_U_ZH_F_G41_T03,7,10,10,5,15,8,13,17,10,10,8,24,12,14,22,10,10,5,15,8,13,17,10,10,10,30,15,15,25,10,10,9,27,13,14,24,10,10,10,30,15,15,25,10,10,10,30,15,15,25
B_RP_FR_FR_F_ZH_M_G41_T03,7,10,10,5,15,12,17,13,10,10,10,30,20,20,20,10,10,10,30,20,20,20,10,10,10,30,20,20,20,10,10,10,30,20,20,20,10,10,10,30,20,20,20,10,10,5,15,12,17,13
B_RP_FR_FR_M_ZH_M_G41_T03,7,10,10,5,15,8,13,17,10,10,10,30,15,15,25,10,10,10,30,15,15,25,10,10,10,30,15,15,25,10,10,10,30,15,15,25,10,10,10,30,15,15,25,10,10,8,24,12,14,22
B_RP_FR_ZH_M_ZH_F_G41_T03,7,10,10,5,15,12,17,13,10,10,9,27,18,19,19,10,10,10,30,30,30,10,10,10,10,30,30,30,10,10,10,10,30,30,30,10,10,10,10,30,30,30,10,10,10,10,30,30,30,10
B_RP_FR_US_M_ZH_F_G41_T03,7,10,10,5,15,8,13,17,10,10,7,21,10,13,21,10,10,8,24,15,17,19,10,10,9,27,18,19,19,10,10,10,30,20,20,20,10,10,8,24,15,17,19,10,10,8,24,15,17,19
B_RP_FR_US_F_ZH_F_G41_T03,7,10,10,5,15,8,13,17,10,10,9,27,15,16,22,10,10,10,30,20,20,20,10,10,8,24,16,18,18,10,10,10,30,20,20,20,10,10,10,30,20,20,20,10,10,10,30,20,20,20
B_RP_FR_FR_F_ZH_F_G41_T03,7,10,10,5,15,12,17,13,10,10,10,30,20,20,20,10,10,10,30,20,20,20,10,10,8,24,16,18,18,10,10,10,30,20,20,20,10,10,10,30,20,20,20,10,10,10,30,20,20,20
B_RP_FR_FR_M_ZH_F_G41_T03,7,10,10,5,15,8,13,17,10,10,10,30,15,15,25,10,10,10,30,20,20,20,10,10,10,30,20,20,20,10,10,8,24,16,18,18,10,10,8,24,16,18,18,10,10,9,27,18,19,19
B_RP_FR_ZH_F_US_M_G41_T03,7,10,10,5,15,10,15,15,10,10,9,27,15,16,22,10,10,5,15,10,15,15,10,10,9,27,15,16,22,10,10,10,30,15,15,25,10,10,6,18,10,14,18,10,10,7,21,10,13,21
B_RP_FR_ZH_M_US_M_G41_T03,7,10,10,5,15,12,17,13,10,10,10,30,20,20,20,10,10,10,30,20,20,20,10,10,10,30,20,20,20,10,10,7,21,14,17,17,10,10,9,27,18,19,19,10,10,10,30,20,20,20
B_RP_FR_U_U_US_M_G41_T03,7,10,10,5,15,8,13,17,10,10,6,18,10,14,18,10,10,9,27,18,19,19,10,10,10,30,20,20,20,10,10,10,30,20,20,20,10,10,8,24,16,18,18,10,10,10,30,20,20,20
B_RP_FR_US_M_US_M_G41_T03,7,10,10,5,15,7,12,18,10,10,2,6,2,10,14,10,10,5,15,7,12,18,10,10,5,15,7,12,18,10,10,7,21,10,13,21,10,10,6,18,8,12,20,10,10,3,9,4,11,15
B_RP_FR_ZH_F_ZH_F_G41_T03,7,10,10,5,15,12,17,13,10,10,9,27,18,19,19,10,10,10,30,27,27,13,10,10,10,30,27,27,13,10,10,10,30,27,27,13,10,10,10,30,27,27,13,10,10,10,30,27,27,13
B_RP_FR_FR_M_US_M_G41_T03,7,10,10,5,15,8,13,17,10,10,5,15,8,13,17,10,10,8,24,15,17,19,10,10,10,30,20,20,20,10,10,10,30,20,20,20,10,10,10,30,20,20,20,10,10,9,27,18,19,19
B_RP_FR_U_U_US_F_G41_T03,7,10,10,5,15,8,13,17,10,10,7,21,10,13,21,10,10,10,30,15,15,25,10,10,6,18,9,13,19,10,10,6,18,9,13,19,10,10,7,21,10,13,21,10,10,10,30,15,15,25
B_RP_FR_ZH_M_US_F_G41_T03,7,10,10,5,15,8,13,17,10,10,7,21,12,15,19,10,10,9,27,18,19,19,10,10,10,30,20,20,20,10,10,10,30,20,20,20,10,10,10,30,20,20,20,10,10,9,27,18,19,19
B_RP_FR_FR_F_US_M_G41_T03,7,10,10,5,15,12,17,13,10,10,10,30,25,25,15,10,10,10,30,25,25,15,10,10,10,30,25,25,15,10,10,10,30,25,25,15,10,10,10,30,25,25,15,10,10,9,27,22,23,15
B_RP_FR_US_F_US_M_G41_T03,7,10,10,5,15,8,13,17,10,10,6,18,10,14,18,10,10,10,30,20,20,20,10,10,9,27,18,19,19,10,10,9,27,18,19,19,10,10,6,18,12,16,16,10,10,5,15,8,13,17
B_RP_FR_ZH_F_US_F_G41_T03,7,10,10,5,15,12,17,13,10,10,10,30,20,20,20,10,10,10,30,20,20,20,10,10,10,30,20,20,20,10,10,10,30,20,20,20,10,10,9,27,18,19,19,10,10,7,21,14,17,17
B_RP_FR_US_M_US_F_G41_T03,7,10,10,5,15,8,13,17,10,10,9,27,15,16,22,10,10,10,30,20,20,20,10,10,9,27,15,16,22,10,10,10,30,20,20,20,10,10,10,30,20,20,20,10,10,10,30,20,20,20
B_RP_FR_FR_M_US_F_G41_T03,7,10,10,5,15,8,13,17,10,10,8,24,12,14,22,10,10,9,27,15,16,22,10,10,10,30,18,18,22,10,10,10,30,18,18,22,10,10,8,24,12,14,22,10,10,5,15,8,13,17
B_RP_FR_ZH_M_FR_M_G41_T03,7,10,10,5,15,10,15,15,10,10,6,18,12,16,16,10,10,10,30,20,20,20,10,10,10,30,20,20,20,10,10,9,27,18,19,19,10,10,10,30,20,20,20,10,10,10,30,20,20,20
B_RP_FR_U_U_FR_M_G41_T03,7,10,10,5,15,8,13,17,10,10,8,24,12,14,22,10,10,6,18,9,13,19,10,10,9,27,14,15,23,10,10,10,30,15,15,25,10,10,4,12,6,12,16,10,10,7,21,10,13,21
B_RP_FR_US_F_US_F_G41_T03,7,10,10,5,15,8,13,17,10,10,6,18,10,14,18,10,10,9,27,15,16,22,10,10,10,30,20,20,20,10,10,9,27,15,16,22,10,10,7,21,12,15,19,10,10,5,15,8,13,17
B_RP_FR_ZH_F_FR_M_G41_T03,7,10,10,5,15,8,13,17,10,10,10,30,15,15,25,10,10,10,30,15,15,25,10,10,9,27,14,15,23,10,10,8,24,11,13,23,10,10,9,27,14,15,23,10,10,7,21,10,13,21
B_RP_FR_FR_F_US_F_G41_T03,7,10,10,5,15,8,13,17,10,10,6,18,10,14,18,10,10,6,18,12,16,16,10,10,10,30,20,20,20,10,10,10,30,20,20,20,10,10,9,27,18,19,19,10,10,9,27,18,19,19
B_RP_FR_US_M_FR_M_G41_T03,7,10,10,5,15,8,13,17,10,10,7,21,12,15,19,10,10,8,24,15,17,19,10,10,9,27,17,18,20,10,10,10,30,19,19,21,10,10,10,30,19,19,21,10,10,10,30,19,19,21
B_RP_FR_US_F_FR_M_G41_T03,7,10,10,5,15,8,13,17,10,10,8,24,12,14,22,10,10,10,30,18,18,22,10,10,10,30,18,18,22,10,10,10,30,18,18,22,10,10,10,30,18,18,22,10,10,10,30,18,18,22
B_RP_FR_FR_F_FR_M_G41_T03,7,10,10,5,15,8,13,17,10,10,8,24,12,14,22,10,10,7,21,10,13,21,10,10,7,21,10,13,21,10,10,8,24,12,14,22,10,10,10,30,15,15,25,10,10,7,21,10,13,21
B_RP_FR_FR_M_FR_M_G41_T03,7,10,10,5,15,8,13,17,10,10,5,15,8,13,17,10,10,4,12,7,13,15,10,10,6,18,9,13,19,10,10,10,30,18,18,22,10,10,8,24,14,16,20,10,10,8,24,14,16,20
B_RP_FR_U_U_FR_F_G41_T03,7,10,10,5,15,8,13,17,10,10,6,18,10,14,18,10,10,7,21,14,17,17,10,10,10,30,20,20,20,10,10,10,30,20,20,20,10,10,10,30,20,20,20,10,10,9,27,18,19,19
B_RP_FR_ZH_F_FR_F_G41_T03,7,10,10,5,15,8,13,17,10,10,8,24,12,14,22,10,10,9,27,15,16,22,10,10,10,30,18,18,22,10,10,10,30,18,18,22,10,10,10,30,18,18,22,10,10,10,30,18,18,22
B_RP_FR_ZH_M_FR_F_G41_T03,7,10,10,5,15,8,13,17,10,10,8,24,12,14,22,10,10,10,30,15,15,25,10,10,9,27,13,14,24,10,10,10,30,15,15,25,10,10,10,30,15,15,25,10,10,5,15,8,13,17
B_RP_FR_US_M_FR_F_G41_T03,7,10,10,5,15,8,13,17,10,10,10,30,15,15,25,10,10,7,21,12,15,19,10,10,8,24,14,16,20,10,10,10,30,15,15,25,10,10,10,30,15,15,25,10,10,7,21,12,15,19
B_RP_FR_US_F_FR_F_G41_T03,7,10,10,5,15,8,13,17,10,10,4,12,6,12,16,10,10,4,12,6,12,16,10,10,6,18,9,13,19,10,10,7,21,10,13,21,10,10,10,30,15,15,25,10,10,9,27,13,14,24
B_RP_FR_FR_M_FR_F_G41_T03,7,10,10,5,15,12,17,13,10,10,10,30,20,20,20,10,10,10,30,20,20,20,10,10,10,30,20,20,20,10,10,10,30,20,20,20,10,10,10,30,20,20,20,10,10,10,30,20,20,20
B_RP_FR_FR_F_FR_F_G41_T03,7,10,10,5,15,12,17,13,10,10,7,21,15,18,16,10,10,10,30,25,25,15,10,10,10,30,25,25,15,10,10,10,30,25,25,15,10,10,10,30,25,25,15,10,10,10,30,25,25,15
B_RP_FR_ZH_F_U_U_G41_T03,7,10,10,8,24,12,14,22,10,10,10,30,15,15,25,10,10,10,30,15,15,25,10,10,6,18,9,13,19,10,10,10,30,15,15,25,10,10,9,27,13,14,24,10,10,7,21,10,13,21
B_RP_FR_U_U_U_U_G41_T03,7,10,10,8,24,12,14,22,10,10,6,18,9,13,19,10,10,7,21,10,13,21,10,10,10,30,15,15,25,10,10,10,30,15,15,25,10,10,10,30,15,15,25,10,10,7,21,10,13,21
B_RP_FR_ZH_M_U_U_G41_T03,7,10,10,8,24,12,14,22,10,10,8,24,10,12,24,10,10,8,24,10,12,24,10,10,7,21,10,13,21,10,10,8,24,10,12,24,10,10,7,21,10,13,21,10,10,9,27,12,13,25
B_RP_FR_US_M_U_U_G41_T03,7,10,10,8,24,12,14,22,10,10,9,27,15,16,22,10,10,10,30,18,18,22,10,10,6,18,9,13,19,10,10,7,21,10,13,21,10,10,8,24,12,14,22,10,10,4,12,6,12,16
B_RP_FR_US_F_U_U_G41_T03,7,10,10,8,24,12,14,22,10,10,10,30,15,15,25,10,10,10,30,15,15,25,10,10,6,18,9,13,19,10,10,8,24,12,14,22,10,10,9,27,13,14,24,10,10,6,18,9,13,19
B_RP_FR_FR_M_U_U_G41_T03,7,10,10,8,24,12,14,22,10,10,4,12,6,12,16,10,10,9,27,14,15,23,10,10,9,27,14,15,23,10,10,8,24,12,14,22,10,10,8,24,12,14,22,10,10,4,12,6,12,16
B_RP_FR_FR_F_U_U_G41_T03,7,10,10,8,24,12,14,22,10,10,9,27,14,15,23,10,10,10,30,15,15,25,10,10,8,24,12,14,22,10,10,8,24,12,14,22,10,10,10,30,15,15,25,10,10,10,30,15,15,25
B_RP_FR_U_U_ZH_M_G41_T03,7,10,10,8,24,12,14,22,10,10,10,30,15,15,25,10,10,9,27,13,14,24,10,10,10,30,15,15,25,10,10,8,24,12,14,22,10,10,10,30,15,15,25,10,10,4,12,6,12,16
B_RP_FR_ZH_M_ZH_M_G41_T03,7,10,10,8,24,12,14,22,10,10,10,30,20,20,20,10,10,10,30,20,20,20,10,10,8,24,12,14,22,10,10,9,27,18,19,19,10,10,8,24,12,14,22,10,10,4,12,6,12,16
B_RP_FR_US_M_ZH_M_G41_T03,7,10,10,8,24,12,14,22,10,10,10,30,15,15,25,10,10,7,21,10,13,21,10,10,9,27,13,14,24,10,10,7,21,10,13,21,10,10,7,21,10,13,21,10,10,1,3,1,10,12
B_RP_FR_ZH_F_ZH_M_G41_T03,7,10,10,8,24,12,14,22,10,10,10,30,20,20,20,10,10,10,30,20,20,20,10,10,10,30,20,20,20,10,10,10,30,20,20,20,10,10,10,30,20,20,20,10,10,10,30,20,20,20
B_RP_FR_US_F_ZH_M_G41_T03,7,10,10,8,24,12,14,22,10,10,10,30,20,20,20,10,10,10,30,20,20,20,10,10,10,30,20,20,20,10,10,10,30,20,20,20,10,10,10,30,20,20,20,10,10,10,30,20,20,20
B_RP_FR_FR_M_ZH_M_G41_T03,7,10,10,8,24,12,14,22,10,10,7,21,10,13,21,10,10,7,21,10,13,21,10,10,5,15,7,12,18,10,10,10,30,15,15,25,10,10,10,30,15,15,25,10,10,9,27,13,14,24
B_RP_FR_FR_F_ZH_M_G41_T03,7,10,10,8,24,12,14,22,10,10,10,30,20,20,20,10,10,10,30,20,20,20,10,10,9,27,18,19,19,10,10,10,30,20,20,20,10,10,10,30,20,20,20,10,10,8,24,12,14,22
B_RP_FR_ZH_M_ZH_F_G41_T03,7,10,10,8,24,12,14,22,10,10,8,24,12,14,22,10,10,7,21,10,13,21,10,10,9,27,13,14,24,10,10,10,30,15,15,25,10,10,8,24,12,14,22,10,10,10,30,15,15,25
B_RP_FR_US_F_ZH_F_G41_T03,7,10,10,8,24,12,14,22,10,10,9,27,15,16,22,10,10,8,24,12,14,22,10,10,9,27,15,16,22,10,10,10,30,15,15,25,10,10,10,30,15,15,25,10,10,8,24,12,14,22
B_RP_FR_U_U_ZH_F_G41_T03,7,10,10,8,24,12,14,22,10,10,10,30,15,15,25,10,10,10,30,15,15,25,10,10,10,30,15,15,25,10,10,10,30,15,15,25,10,10,6,18,9,13,19,10,10,5,15,7,12,18
B_RP_FR_US_M_ZH_F_G41_T03,7,10,10,8,24,12,14,22,10,10,8,24,12,14,22,10,10,10,30,15,15,25,10,10,10,30,15,15,25,10,10,7,21,10,13,21,10,10,6,18,8,12,20,10,10,4,12,5,11,17
B_RP_FR_ZH_F_ZH_F_G41_T03,7,10,10,8,24,12,14,22,10,10,9,27,15,16,22,10,10,10,30,18,18,22,10,10,10,30,18,18,22,10,10,10,30,18,18,22,10,10,10,30,18,18,22,10,10,8,24,12,14,22
B_RP_FR_FR_M_ZH_F_G41_T03,7,10,10,8,24,12,14,22,10,10,9,27,15,16,22,10,10,10,30,18,18,22,10,10,10,30,18,18,22,10,10,10,30,18,18,22,10,10,10,30,18,18,22,10,10,10,30,18,18,22
B_RP_FR_FR_F_ZH_F_G41_T03,7,10,10,8,24,12,14,22,10,10,10,30,15,15,25,10,10,7,21,10,13,21,10,10,9,27,13,14,24,10,10,10,30,15,15,25,10,10,10,30,15,15,25,10,10,10,30,15,15,25
B_RP_FR_ZH_M_US_M_G41_T03,7,10,10,8,24,12,14,22,10,10,10,30,15,15,25,10,10,10,30,15,15,25,10,10,10,30,15,15,25,10,10,5,15,7,12,18,10,10,6,18,9,13,19,10,10,4,12,6,12,16
B_RP_FR_U_U_US_M_G41_T03,7,10,10,8,24,12,14,22,10,10,7,21,10,13,21,10,10,6,18,9,13,19,10,10,8,24,12,14,22,10,10,10,30,15,15,25,10,10,10,30,15,15,25,10,10,5,15,7,12,18
B_RP_FR_ZH_F_US_M_G41_T03,7,10,10,8,24,12,14,22,10,10,9,27,14,15,23,10,10,9,27,14,15,23,10,10,10,30,15,15,25,10,10,10,30,15,15,25,10,10,4,12,6,12,16,10,10,6,18,9,13,19
B_RP_FR_US_F_US_M_G41_T03,7,10,10,8,24,12,14,22,10,10,6,18,9,13,19,10,10,6,18,9,13,19,10,10,9,27,13,14,24,10,10,6,18,9,13,19,10,10,6,18,9,13,19,10,10,6,18,9,13,19
B_RP_FR_US_M_US_M_G41_T03,7,10,10,8,24,12,14,22,10,10,10,30,20,20,20,10,10,10,30,20,20,20,10,10,10,30,20,20,20,10,10,10,30,20,20,20,10,10,10,30,20,20,20,10,10,8,24,12,14,22
B_RP_FR_FR_M_US_M_G41_T03,7,10,10,8,24,12,14,22,10,10,9,27,15,16,22,10,10,9,27,15,16,22,10,10,10,30,15,15,25,10,10,10,30,15,15,25,10,10,9,27,15,16,22,10,10,8,24,12,14,22
B_RP_FR_FR_F_US_M_G41_T03,7,10,10,8,24,12,14,22,10,10,10,30,15,15,25,10,10,5,15,7,12,18,10,10,10,30,15,15,25,10,10,10,30,15,15,25,10,10,10,30,15,15,25,10,10,8,24,12,14,22
B_RP_FR_U_U_US_F_G41_T03,7,10,10,8,24,12,14,22,10,10,9,27,13,14,24,10,10,10,30,15,15,25,10,10,9,27,13,14,24,10,10,10,30,15,15,25,10,10,10,30,15,15,25,10,10,6,18,9,13,19
B_RP_FR_ZH_F_US_F_G41_T03,7,10,10,8,24,12,14,22,10,10,10,30,20,20,20,10,10,10,30,20,20,20,10,10,10,30,20,20,20,10,10,10,30,20,20,20,10,10,10,30,20,20,20,10,10,10,30,20,20,20
B_RP_FR_ZH_M_US_F_G41_T03,7,10,10,8,24,12,14,22,10,10,6,18,10,14,18,10,10,9,27,13,14,24,10,10,9,27,13,14,24,10,10,10,30,14,14,26,10,10,10,30,14,14,26,10,10,9,27,13,14,24
B_RP_FR_US_M_US_F_G41_T03,7,10,10,8,24,12,14,22,10,10,10,30,20,20,20,10,10,10,30,20,20,20,10,10,10,30,20,20,20,10,10,10,30,20,20,20,10,10,7,21,14,17,17,10,10,8,24,16,18,18
B_RP_FR_FR_F_US_F_G41_T03,7,10,10,8,24,12,14,22,10,10,10,30,15,15,25,10,10,8,24,12,14,22,10,10,9,27,13,14,24,10,10,4,12,6,12,16,10,10,6,18,9,13,19,10,10,3,9,4,11,15
B_RP_FR_US_F_US_F_G41_T03,7,10,10,8,24,12,14,22,10,10,10,30,15,15,25,10,10,10,30,15,15,25,10,10,10,30,15,15,25,10,10,10,30,15,15,25,10,10,8,24,12,14,22,10,10,10,30,15,15,25
B_RP_FR_FR_M_US_F_G41_T03,7,10,10,8,24,12,14,22,10,10,9,27,15,16,22,10,10,8,24,12,14,22,10,10,8,24,12,14,22,10,10,9,27,15,16,22,10,10,7,21,10,13,21,10,10,6,18,9,13,19
B_RP_FR_ZH_M_FR_M_G41_T03,7,10,10,8,24,12,14,22,10,10,9,27,15,16,22,10,10,9,27,15,16,22,10,10,9,27,15,16,22,10,10,10,30,15,15,25,10,10,10,30,15,15,25,10,10,8,24,12,14,22
B_RP_FR_ZH_F_FR_M_G41_T03,7,10,10,8,24,12,14,22,10,10,9,27,15,16,22,10,10,8,24,12,14,22,10,10,10,30,15,15,25,10,10,7,21,9,12,22,10,10,7,21,10,13,21,10,10,7,21,10,13,21
B_RP_FR_U_U_FR_M_G41_T03,7,10,10,8,24,12,14,22,10,10,8,24,12,14,22,10,10,10,30,15,15,25,10,10,10,30,15,15,25,10,10,10,30,15,15,25,10,10,10,30,15,15,25,10,10,10,30,15,15,25
B_RP_FR_US_M_FR_M_G41_T03,7,10,10,8,24,12,14,22,10,10,8,24,12,14,22,10,10,10,30,15,15,25,10,10,8,24,12,14,22,10,10,10,30,15,15,25,10,10,8,24,12,14,22,10,10,5,15,6,11,19
B_RP_FR_US_F_FR_M_G41_T03,7,10,10,8,24,12,14,22,10,10,7,21,10,13,21,10,10,7,21,10,13,21,10,10,10,30,15,15,25,10,10,10,30,15,15,25,10,10,10,30,15,15,25,10,10,9,27,13,14,24
B_RP_FR_ZH_M_FR_F_G41_T03,7,10,10,8,24,12,14,22,10,10,10,30,15,15,25,10,10,10,30,15,15,25,10,10,6,18,9,13,19,10,10,6,18,9,13,19,10,10,8,24,12,14,22,10,10,7,21,10,13,21
B_RP_FR_FR_M_FR_M_G41_T03,7,10,10,8,24,12,14,22,10,10,10,30,15,15,25,10,10,9,27,13,14,24,10,10,6,18,9,13,19,10,10,6,18,9,13,19,10,10,10,30,15,15,25,10,10,6,18,9,13,19
B_RP_FR_FR_F_FR_M_G41_T03,7,10,10,8,24,12,14,22,10,10,10,30,20,20,20,10,10,10,30,20,20,20,10,10,10,30,20,20,20,10,10,9,27,18,19,19,10,10,9,27,18,19,19,10,10,9,27,18,19,19
B_RP_FR_ZH_F_FR_F_G41_T03,7,10,10,8,24,14,16,20,10,10,7,21,12,15,19,10,10,10,30,18,18,22,10,10,10,30,18,18,22,10,10,8,24,14,16,20,10,10,7,21,12,15,19,10,10,6,18,10,14,18
B_RP_FR_U_U_FR_F_G41_T03,7,10,10,8,24,12,14,22,10,10,10,30,15,15,25,10,10,10,30,15,15,25,10,10,6,18,9,13,19,10,10,9,27,13,14,24,10,10,10,30,15,15,25,10,10,8,24,12,14,22
B_RP_FR_FR_F_FR_F_G41_T03,7,10,10,8,24,12,14,22,10,10,7,21,10,13,21,10,10,10,30,15,15,25,10,10,8,24,12,14,22,10,10,9,27,13,14,24,10,10,8,24,12,14,22,10,10,6,18,9,13,19
B_RP_FR_US_M_FR_F_G41_T03,7,10,10,8,24,12,14,22,10,10,8,24,12,14,22,10,10,9,27,13,14,24,10,10,6,18,9,13,19,10,10,8,24,12,14,22,10,10,7,21,10,13,21,10,10,8,24,12,14,22
B_RP_FR_FR_M_FR_F_G41_T03,7,10,10,8,24,12,14,22,10,10,8,24,12,14,22,10,10,8,24,12,14,22,10,10,7,21,10,13,21,10,10,6,18,9,13,19,10,10,10,30,15,15,25,10,10,9,27,13,14,24
B_RP_FR_US_F_FR_F_G41_T03,7,10,10,8,24,12,14,22,10,10,8,24,12,14,22,10,10,4,12,6,12,16,10,10,7,21,10,13,21,10,10,6,18,9,13,19,10,10,10,30,15,15,25,10,10,10,30,15,15,25
B_RP_FR_ZH_M_U_U_G41_T03,7,10,10,10,30,15,15,25,10,10,10,30,15,15,25,10,10,10,30,15,15,25,10,10,8,24,12,14,22,10,10,9,27,13,14,24,10,10,9,27,13,14,24,10,10,6,18,9,13,19
B_RP_FR_ZH_F_U_U_G41_T03,7,10,10,10,30,15,15,25,10,10,7,21,10,13,21,10,10,9,27,13,14,24,10,10,6,18,8,12,20,10,10,7,21,10,13,21,10,10,9,27,13,14,24,10,10,7,21,10,13,21
B_RP_FR_U_U_U_U_G41_T03,7,10,10,10,30,15,15,25,10,10,10,30,15,15,25,10,10,10,30,15,15,25,10,10,10,30,15,15,25,10,10,10,30,15,15,25,10,10,10,30,15,15,25,10,10,8,24,12,14,22
B_RP_FR_US_F_U_U_G41_T03,7,10,10,10,30,15,15,25,10,10,9,27,13,14,24,10,10,7,21,10,13,21,10,10,9,27,13,14,24,10,10,10,30,15,15,25,10,10,10,30,15,15,25,10,10,9,27,13,14,24
B_RP_FR_FR_F_U_U_G41_T03,7,10,10,10,30,15,15,25,10,10,8,24,12,14,22,10,10,10,30,18,18,22,10,10,10,30,18,18,22,10,10,8,24,12,14,22,10,10,9,27,15,16,22,10,10,5,15,6,11,19
B_RP_FR_US_M_U_U_G41_T03,7,10,10,10,30,15,15,25,10,10,7,21,10,13,21,10,10,9,27,13,14,24,10,10,7,21,10,13,21,10,10,10,30,15,15,25,10,10,9,27,13,14,24,10,10,7,21,10,13,21
B_RP_FR_FR_M_U_U_G41_T03,7,10,10,10,30,15,15,25,10,10,10,30,15,15,25,10,10,10,30,15,15,25,10,10,8,24,12,14,22,10,10,10,30,15,15,25,10,10,10,30,15,15,25,10,10,9,27,13,14,24
B_RP_FR_ZH_M_ZH_M_G41_T03,7,10,10,10,30,15,15,25,10,10,9,27,13,14,24,10,10,8,24,11,13,23,10,10,10,30,15,15,25,10,10,9,27,13,14,24,10,10,6,18,8,12,20,10,10,7,21,10,13,21
B_RP_FR_U_U_ZH_M_G41_T03,7,10,10,10,30,20,20,20,10,10,10,30,20,20,20,10,10,10,30,20,20,20,10,10,10,30,20,20,20,10,10,10,30,20,20,20,10,10,10,30,20,20,20,10,10,10,30,20,20,20
B_RP_FR_US_M_ZH_M_G41_T03,7,10,10,10,30,15,15,25,10,10,10,30,15,15,25,10,10,9,27,13,14,24,10,10,10,30,15,15,25,10,10,10,30,15,15,25,10,10,10,30,15,15,25,10,10,8,24,12,14,22
B_RP_FR_ZH_F_ZH_M_G41_T03,7,10,10,10,30,20,20,20,10,10,10,30,20,20,20,10,10,10,30,20,20,20,10,10,10,30,20,20,20,10,10,8,24,16,18,18,10,10,10,30,20,20,20,10,10,7,21,14,17,17
B_RP_FR_FR_M_ZH_M_G41_T03,7,10,10,10,30,20,20,20,10,10,10,30,20,20,20,10,10,10,30,20,20,20,10,10,10,30,20,20,20,10,10,10,30,20,20,20,10,10,10,30,20,20,20,10,10,7,21,14,17,17
B_RP_FR_US_F_ZH_M_G41_T03,7,10,10,10,30,15,15,25,10,10,10,30,15,15,25,10,10,10,30,15,15,25,10,10,10,30,15,15,25,10,10,10,30,15,15,25,10,10,7,21,10,13,21,10,10,7,21,10,13,21
B_RP_FR_ZH_M_ZH_F_G41_T03,7,10,10,10,30,20,20,20,10,10,10,30,20,20,20,10,10,10,30,20,20,20,10,10,10,30,20,20,20,10,10,10,30,20,20,20,10,10,10,30,20,20,20,10,10,8,24,16,18,18
B_RP_FR_FR_F_ZH_M_G41_T03,7,10,10,10,30,20,20,20,10,10,10,30,20,20,20,10,10,10,30,20,20,20,10,10,10,30,20,20,20,10,10,10,30,20,20,20,10,10,10,30,20,20,20,10,10,9,27,18,19,19
B_RP_FR_U_U_ZH_F_G41_T03,7,10,10,10,30,15,15,25,10,10,10,30,15,15,25,10,10,9,27,13,14,24,10,10,10,30,15,15,25,10,10,10,30,15,15,25,10,10,6,18,9,13,19,10,10,8,24,12,14,22
B_RP_FR_US_M_ZH_F_G41_T03,7,10,10,10,30,20,20,20,10,10,10,30,20,20,20,10,10,10,30,20,20,20,10,10,10,30,20,20,20,10,10,10,30,20,20,20,10,10,10,30,20,20,20,10,10,10,30,20,20,20
B_RP_FR_ZH_F_ZH_F_G41_T03,7,10,10,10,30,15,15,25,10,10,10,30,20,20,20,10,10,9,27,18,19,19,10,10,10,30,20,20,20,10,10,10,30,20,20,20,10,10,9,27,18,19,19,10,10,10,30,20,20,20
B_RP_FR_FR_M_ZH_F_G41_T03,7,10,10,10,30,20,20,20,10,10,10,30,20,20,20,10,10,10,30,20,20,20,10,10,10,30,20,20,20,10,10,10,30,20,20,20,10,10,10,30,20,20,20,10,10,10,30,20,20,20
B_RP_FR_ZH_M_US_M_G41_T03,7,10,10,10,30,20,20,20,10,10,10,30,20,20,20,10,10,8,24,16,18,18,10,10,10,30,20,20,20,10,10,10,30,20,20,20,10,10,10,30,20,20,20,10,10,10,30,20,20,20
B_RP_FR_US_F_ZH_F_G41_T03,7,10,10,10,30,20,20,20,10,10,10,30,20,20,20,10,10,10,30,20,20,20,10,10,10,30,20,20,20,10,10,10,30,20,20,20,10,10,10,30,20,20,20,10,10,8,24,16,18,18
B_RP_FR_FR_F_ZH_F_G41_T03,7,10,10,10,30,20,20,20,10,10,10,30,20,20,20,10,10,10,30,20,20,20,10,10,10,30,20,20,20,10,10,10,30,20,20,20,10,10,10,30,20,20,20,10,10,8,24,16,18,18
B_RP_FR_ZH_F_US_M_G41_T03,7,10,10,10,30,20,20,20,10,10,10,30,20,20,20,10,10,10,30,20,20,20,10,10,10,30,20,20,20,10,10,10,30,20,20,20,10,10,10,30,20,20,20,10,10,10,30,20,20,20
B_RP_FR_US_M_US_M_G41_T03,7,10,10,10,30,15,15,25,10,10,6,18,9,13,19,10,10,7,21,10,13,21,10,10,6,18,9,13,19,10,10,7,21,10,13,21,10,10,3,9,4,11,15,10,10,1,3,1,10,12
B_RP_FR_FR_M_US_M_G41_T03,7,10,10,10,30,20,20,20,10,10,10,30,20,20,20,10,10,10,30,20,20,20,10,10,10,30,20,20,20,10,10,10,30,20,20,20,10,10,10,30,20,20,20,10,10,9,27,18,19,19
B_RP_FR_U_U_US_M_G41_T03,7,10,10,10,30,15,15,25,10,10,10,30,15,15,25,10,10,9,27,13,14,24,10,10,7,21,10,13,21,10,10,6,18,8,12,20,10,10,7,21,10,13,21,10,10,7,21,10,13,21
B_RP_FR_US_F_US_M_G41_T03,7,10,10,10,30,20,20,20,10,10,10,30,20,20,20,10,10,10,30,20,20,20,10,10,10,30,20,20,20,10,10,10,30,20,20,20,10,10,10,30,20,20,20,10,10,10,30,20,20,20
B_RP_FR_FR_F_US_M_G41_T03,7,10,10,10,30,15,15,25,10,10,10,30,15,15,25,10,10,9,27,13,14,24,10,10,9,27,13,14,24,10,10,10,30,15,15,25,10,10,10,30,15,15,25,10,10,10,30,15,15,25
B_RP_FR_ZH_M_US_F_G41_T03,7,10,10,10,30,20,20,20,10,10,9,27,18,19,19,10,10,10,30,20,20,20,10,10,10,30,20,20,20,10,10,10,30,20,20,20,10,10,10,30,20,20,20,10,10,10,30,20,20,20
B_RP_FR_U_U_US_F_G41_T03,7,10,10,10,30,15,15,25,10,10,10,30,15,15,25,10,10,10,30,15,15,25,10,10,9,27,13,14,24,10,10,6,18,9,13,19,10,10,8,24,12,14,22,10,10,9,27,13,14,24
B_RP_FR_US_M_US_F_G41_T03,7,10,10,10,30,15,15,25,10,10,9,27,13,14,24,10,10,8,24,11,13,23,10,10,8,24,11,13,23,10,10,10,30,15,15,25,10,10,7,21,10,13,21,10,10,5,15,7,12,18
B_RP_FR_FR_M_US_F_G41_T03,7,10,10,10,30,20,20,20,10,10,10,30,20,20,20,10,10,7,21,14,17,17,10,10,10,30,20,20,20,10,10,10,30,20,20,20,10,10,10,30,20,20,20,10,10,10,30,20,20,20
B_RP_FR_ZH_F_US_F_G41_T03,7,10,10,10,30,20,20,20,10,10,10,30,20,20,20,10,10,10,30,20,20,20,10,10,10,30,20,20,20,10,10,10,30,20,20,20,10,10,10,30,20,20,20,10,10,10,30,20,20,20
B_RP_FR_ZH_M_FR_M_G41_T03,7,10,10,10,30,20,20,20,10,10,10,30,20,20,20,10,10,10,30,20,20,20,10,10,10,30,20,20,20,10,10,10,30,20,20,20,10,10,10,30,20,20,20,10,10,10,30,20,20,20
B_RP_FR_ZH_F_FR_M_G41_T03,7,10,10,10,30,15,15,25,10,10,10,30,15,15,25,10,10,7,21,10,13,21,10,10,8,24,12,14,22,10,10,7,21,10,13,21,10,10,7,21,10,13,21,10,10,9,27,13,14,24
B_RP_FR_FR_F_US_F_G41_T03,7,10,10,10,30,20,20,20,10,10,10,30,20,20,20,10,10,10,30,20,20,20,10,10,10,30,20,20,20,10,10,10,30,20,20,20,10,10,10,30,20,20,20,10,10,10,30,20,20,20
B_RP_FR_US_M_FR_M_G41_T03,7,10,10,10,30,15,15,25,10,10,10,30,15,15,25,10,10,10,30,15,15,25,10,10,8,24,12,14,22,10,10,9,27,13,14,24,10,10,10,30,15,15,25,10,10,6,18,9,13,19
B_RP_FR_US_F_US_F_G41_T03,7,10,10,10,30,20,20,20,10,10,10,30,20,20,20,10,10,10,30,20,20,20,10,10,10,30,20,20,20,10,10,10,30,20,20,20,10,10,10,30,20,20,20,10,10,10,30,20,20,20
B_RP_FR_U_U_FR_M_G41_T03,7,10,10,10,30,15,15,25,10,10,10,30,15,15,25,10,10,8,24,12,14,22,10,10,9,27,13,14,24,10,10,10,30,15,15,25,10,10,10,30,15,15,25,10,10,7,21,10,13,21
B_RP_FR_US_F_FR_M_G41_T03,7,10,10,10,30,20,20,20,10,10,10,30,20,20,20,10,10,10,30,20,20,20,10,10,10,30,20,20,20,10,10,10,30,20,20,20,10,10,7,21,14,17,17,10,10,9,27,18,19,19
B_RP_FR_FR_F_FR_M_G41_T03,7,10,10,10,30,20,20,20,10,10,10,30,20,20,20,10,10,10,30,20,20,20,10,10,10,30,20,20,20,10,10,10,30,20,20,20,10,10,10,30,20,20,20,10,10,10,30,20,20,20
B_RP_FR_FR_M_FR_M_G41_T03,7,10,10,10,30,15,15,25,10,10,7,21,10,13,21,10,10,8,24,12,14,22,10,10,9,27,13,14,24,10,10,7,21,10,13,21,10,10,7,21,10,13,21,10,10,7,21,10,13,21
B_RP_FR_U_U_FR_F_G41_T03,7,10,10,10,30,15,15,25,10,10,9,27,13,14,24,10,10,10,30,15,15,25,10,10,10,30,15,15,25,10,10,10,30,15,15,25,10,10,10,30,15,15,25,10,10,5,15,8,13,17
B_RP_FR_ZH_M_FR_F_G41_T03,7,10,10,10,30,20,20,20,10,10,10,30,20,20,20,10,10,7,21,14,17,17,10,10,9,27,18,19,19,10,10,10,30,20,20,20,10,10,7,21,14,17,17,10,10,8,24,16,18,18
B_RP_FR_ZH_F_FR_F_G41_T03,7,10,10,10,30,20,20,20,10,10,10,30,20,20,20,10,10,7,21,14,17,17,10,10,8,24,16,18,18,10,10,10,30,20,20,20,10,10,10,30,20,20,20,10,10,10,30,20,20,20
B_RP_FR_US_F_FR_F_G41_T03,7,10,10,10,30,15,15,25,10,10,10,30,15,15,25,10,10,9,27,13,14,24,10,10,10,30,15,15,25,10,10,8,24,12,14,22,10,10,9,27,13,14,24,10,10,10,30,15,15,25
B_RP_FR_US_M_FR_F_G41_T03,7,10,10,10,30,15,15,25,10,10,8,24,12,14,22,10,10,10,30,15,15,25,10,10,7,21,10,13,21,10,10,7,21,10,13,21,10,10,10,30,15,15,25,10,10,10,30,15,15,25
B_RP_FR_FR_F_FR_F_G41_T03,7,10,10,10,30,15,15,25,10,10,8,24,12,14,22,10,10,10,30,15,15,25,10,10,8,24,12,14,22,10,10,5,15,7,12,18,10,10,6,18,9,13,19,10,10,8,24,12,14,22
B_RP_FR_FR_M_FR_F_G41_T03,7,10,10,10,30,15,15,25,10,10,8,24,12,14,22,10,10,8,24,12,14,22,10,10,10,30,15,15,25,10,10,8,24,12,14,22,10,10,7,21,10,13,21,10,10,9,27,13,14,24
A_RP_FR_U_U_ZH_M_G41_T05,7,10,10,5,15,2,7,23,10,10,4,12,1,7,21,10,10,3,9,2,9,17,10,10,2,6,1,9,15,10,10,2,6,3,11,13,10,10,2,6,2,10,14,10,10,2,6,0,8,16
A_RP_FR_U_U_US_F_G41_T05,7,10,10,5,15,2,7,23,10,10,4,12,1,7,21,10,10,3,9,1,8,18,10,10,2,6,3,11,13,10,10,2,6,2,10,14,10,10,2,6,0,8,16,10,10,1,3,0,9,13
A_RP_FR_U_U_U_U_G41_T05,7,10,10,5,15,1,6,24,10,10,2,6,2,10,14,10,10,3,9,2,9,17,10,10,3,9,1,8,18,10,10,2,6,0,8,16,10,10,1,3,2,11,11,10,10,1,3,0,9,13
A_RP_FR_U_U_US_M_G41_T05,7,10,10,5,15,3,8,22,10,10,5,15,3,8,22,10,10,5,15,2,7,23,10,10,4,12,2,8,20,10,10,4,12,1,7,21,10,10,3,9,1,8,18,10,10,2,6,0,8,16
A_RP_FR_U_U_FR_M_G41_T05,7,10,10,5,15,2,7,23,10,10,6,18,2,6,26,10,10,6,18,1,5,27,10,10,4,12,2,8,20,10,10,4,12,1,7,21,10,10,3,9,1,8,18,10,10,3,9,1,8,18
A_RP_FR_ZH_M_U_U_G41_T05,7,10,10,6,18,2,6,26,10,10,5,15,1,6,24,10,10,4,12,3,9,19,10,10,3,9,1,8,18,10,10,2,6,2,10,14,10,10,2,6,0,8,16,10,10,1,3,0,9,13
A_RP_FR_ZH_M_ZH_M_G41_T05,7,10,10,5,15,3,8,22,10,10,6,18,4,8,24,10,10,7,21,4,7,27,10,10,8,24,3,5,31,10,10,7,21,2,5,29,10,10,6,18,3,7,25,10,10,5,15,1,6,24
A_RP_FR_U_U_ZH_F_G41_T05,7,10,10,5,15,2,7,23,10,10,4,12,0,6,22,10,10,2,6,2,10,14,10,10,2,6,2,10,14,10,10,2,6,3,11,13,10,10,3,9,3,10,16,10,10,3,9,0,7,19
A_RP_FR_U_U_FR_F_G41_T05,7,10,10,5,15,2,7,23,10,10,4,12,2,8,20,10,10,3,9,2,9,17,10,10,2,6,4,12,12,10,10,2,6,3,11,13,10,10,2,6,4,12,12,10,10,2,6,2,10,14
A_RP_FR_ZH_M_US_F_G41_T05,7,10,10,7,21,3,6,28,10,10,5,15,3,8,22,10,10,5,15,1,6,24,10,10,3,9,2,9,17,10,10,4,12,1,7,21,10,10,3,9,2,9,17,10,10,3,9,1,8,18
A_RP_FR_ZH_M_ZH_F_G41_T05,7,10,10,6,18,3,7,25,10,10,7,21,2,5,29,10,10,5,15,2,7,23,10,10,4,12,1,7,21,10,10,4,12,1,7,21,10,10,3,9,2,9,17,10,10,3,9,0,7,19
A_RP_FR_ZH_M_US_M_G41_T05,7,10,10,5,15,3,8,22,10,10,5,15,3,8,22,10,10,5,15,4,9,21,10,10,5,15,3,8,22,10,10,5,15,1,6,24,10,10,3,9,2,9,17,10,10,3,9,0,7,19
A_RP_FR_ZH_M_FR_M_G41_T05,7,10,10,7,21,3,6,28,10,10,5,15,2,7,23,10,10,4,12,2,8,20,10,10,3,9,1,8,18,10,10,2,6,1,9,15,10,10,1,3,2,11,11,10,10,0,0,0,10,10
A_RP_FR_ZH_M_FR_F_G41_T05,7,10,10,6,18,2,6,26,10,10,4,12,3,9,19,10,10,5,15,3,8,22,10,10,5,15,3,8,22,10,10,5,15,2,7,23,10,10,4,12,3,9,19,10,10,5,15,0,5,25
A_RP_FR_ZH_F_ZH_M_G41_T05,7,10,10,7,21,3,6,28,10,10,5,15,0,5,25,10,10,2,6,1,9,15,10,10,1,3,2,11,11,10,10,0,0,3,13,7,10,10,1,3,4,13,9,10,10,1,3,0,9,13
A_RP_FR_ZH_F_US_M_G41_T05,7,10,10,5,15,2,7,23,10,10,4,12,2,8,20,10,10,3,9,2,9,17,10,10,2,6,2,10,14,10,10,1,3,2,11,11,10,10,0,0,1,11,9,10,10,0,0,0,10,10
A_RP_FR_ZH_F_U_U_G41_T05,7,10,10,5,15,2,7,23,10,10,4,12,2,8,20,10,10,3,9,0,7,19,10,10,2,6,2,10,14,10,10,1,3,1,10,12,10,10,1,3,2,11,11,10,10,0,0,0,10,10
A_RP_FR_ZH_F_ZH_F_G41_T05,7,10,10,5,15,2,7,23,10,10,4,12,0,6,22,10,10,2,6,2,10,14,10,10,1,3,2,11,11,10,10,1,3,1,10,12,10,10,1,3,3,12,10,10,10,1,3,1,10,12
A_RP_FR_ZH_F_US_F_G41_T05,7,10,10,5,15,2,7,23,10,10,4,12,2,8,20,10,10,3,9,1,8,18,10,10,2,6,1,9,15,10,10,2,6,2,10,14,10,10,2,6,1,9,15,10,10,2,6,0,8,16
A_RP_FR_US_M_U_U_G41_T05,7,10,10,7,21,3,6,28,10,10,6,18,1,5,27,10,10,4,12,1,7,21,10,10,2,6,2,10,14,10,10,1,3,1,10,12,10,10,0,0,0,10,10,10,10,0,0,1,11,9
A_RP_FR_ZH_F_FR_F_G41_T05,7,10,10,5,15,2,7,23,10,10,4,12,0,6,22,10,10,2,6,3,11,13,10,10,3,9,2,9,17,10,10,3,9,2,9,17,10,10,2,6,0,8,16,10,10,1,3,0,9,13
A_RP_FR_US_M_ZH_M_G41_T05,7,10,10,5,15,3,8,22,10,10,6,18,2,6,26,10,10,4,12,2,8,20,10,10,4,12,1,7,21,10,10,3,9,3,10,16,10,10,3,9,2,9,17,10,10,3,9,0,7,19
A_RP_FR_ZH_F_FR_M_G41_T05,7,10,10,5,15,2,7,23,10,10,4,12,1,7,21,10,10,3,9,2,9,17,10,10,2,6,2,10,14,10,10,1,3,0,9,13,10,10,1,3,2,11,11,10,10,2,6,0,8,16
A_RP_FR_US_M_ZH_F_G41_T05,7,10,10,6,18,3,7,25,10,10,7,21,2,5,29,10,10,5,15,3,8,22,10,10,5,15,3,8,22,10,10,5,15,1,6,24,10,10,4,12,2,8,20,10,10,4,12,0,6,22
A_RP_FR_US_M_US_M_G41_T05,7,10,10,5,15,3,8,22,10,10,6,18,1,5,27,10,10,4,12,0,6,22,10,10,2,6,2,10,14,10,10,3,9,3,10,16,10,10,3,9,3,10,16,10,10,3,9,1,8,18
A_RP_FR_US_M_US_F_G41_T05,7,10,10,5,15,1,6,24,10,10,3,9,1,8,18,10,10,2,6,0,8,16,10,10,1,3,1,10,12,10,10,1,3,1,10,12,10,10,1,3,0,9,13,10,10,0,0,0,10,10
A_RP_FR_US_M_FR_M_G41_T05,7,10,10,7,21,3,6,28,10,10,7,21,0,3,31,10,10,3,9,3,10,16,10,10,2,6,1,9,15,10,10,2,6,1,9,15,10,10,2,6,2,10,14,10,10,2,6,0,8,16
A_RP_FR_US_F_U_U_G41_T05,7,10,10,6,18,2,6,26,10,10,4,12,3,9,19,10,10,5,15,3,8,22,10,10,5,15,1,6,24,10,10,4,12,2,8,20,10,10,4,12,2,8,20,10,10,4,12,1,7,21
A_RP_FR_US_M_FR_F_G41_T05,7,10,10,6,18,2,6,26,10,10,4,12,1,7,21,10,10,3,9,4,11,15,10,10,5,15,3,8,22,10,10,5,15,2,7,23,10,10,4,12,2,8,20,10,10,4,12,2,8,20
A_RP_FR_US_F_ZH_F_G41_T05,7,10,10,5,15,3,8,22,10,10,5,15,2,7,23,10,10,4,12,2,8,20,10,10,4,12,1,7,21,10,10,3,9,1,8,18,10,10,2,6,3,11,13,10,10,2,6,0,8,16
A_RP_FR_US_F_ZH_M_G41_T05,7,10,10,6,18,2,6,26,10,10,4,12,1,7,21,10,10,3,9,1,8,18,10,10,2,6,3,11,13,10,10,2,6,2,10,14,10,10,2,6,2,10,14,10,10,2,6,0,8,16
A_RP_FR_US_F_US_M_G41_T05,7,10,10,7,21,2,5,29,10,10,5,15,1,6,24,10,10,3,9,2,9,17,10,10,2,6,1,9,15,10,10,2,6,3,11,13,10,10,2,6,2,10,14,10,10,2,6,0,8,16
A_RP_FR_US_F_FR_F_G41_T05,7,10,10,6,18,2,6,26,10,10,4,12,1,7,21,10,10,3,9,1,8,18,10,10,2,6,2,10,14,10,10,2,6,3,11,13,10,10,2,6,2,10,14,10,10,2,6,0,8,16
A_RP_FR_US_F_US_F_G41_T05,7,10,10,5,15,2,7,23,10,10,5,15,3,8,22,10,10,5,15,2,7,23,10,10,5,15,4,9,21,10,10,5,15,1,6,24,10,10,3,9,1,8,18,10,10,2,6,0,8,16
A_RP_FR_US_F_FR_M_G41_T05,7,10,10,5,15,2,7,23,10,10,4,12,2,8,20,10,10,3,9,3,10,16,10,10,3,9,1,8,18,10,10,3,9,1,8,18,10,10,2,6,3,11,13,10,10,2,6,0,8,16
A_RP_FR_FR_M_ZH_F_G41_T05,7,10,10,5,15,2,7,23,10,10,4,12,2,8,20,10,10,3,9,1,8,18,10,10,2,6,2,10,14,10,10,2,6,1,9,15,10,10,2,6,2,10,14,10,10,2,6,0,8,16
A_RP_FR_FR_M_U_U_G41_T05,7,10,10,5,15,2,7,23,10,10,4,12,2,8,20,10,10,3,9,2,9,17,10,10,2,6,1,9,15,10,10,1,3,1,10,12,10,10,0,0,1,11,9,10,10,0,0,0,10,10
A_RP_FR_FR_M_US_M_G41_T05,7,10,10,7,21,3,6,28,10,10,6,18,2,6,26,10,10,5,15,3,8,22,10,10,4,12,0,6,22,10,10,2,6,2,10,14,10,10,3,9,3,10,16,10,10,3,9,0,7,19
A_RP_FR_FR_M_FR_M_G41_T05,7,10,10,6,18,2,6,26,10,10,4,12,3,9,19,10,10,5,15,1,6,24,10,10,4,12,2,8,20,10,10,4,12,3,9,19,10,10,4,12,2,8,20,10,10,4,12,0,6,22
A_RP_FR_FR_M_ZH_M_G41_T05,7,10,10,5,15,2,7,23,10,10,4,12,0,6,22,10,10,2,6,1,9,15,10,10,1,3,2,11,11,10,10,1,3,2,11,11,10,10,1,3,0,9,13,10,10,0,0,0,10,10
A_RP_FR_FR_M_FR_F_G41_T05,7,10,10,6,18,2,6,26,10,10,6,18,4,8,24,10,10,6,18,2,6,26,10,10,6,18,2,6,26,10,10,4,12,1,7,21,10,10,4,12,3,9,19,10,10,4,12,0,6,22
A_RP_FR_FR_F_U_U_G41_T05,7,10,10,7,21,3,6,28,10,10,6,18,0,4,28,10,10,2,6,3,11,13,10,10,1,3,0,9,13,10,10,0,0,1,11,9,10,10,1,3,1,10,12,10,10,1,3,1,10,12
A_RP_FR_FR_M_US_F_G41_T05,7,10,10,5,15,2,7,23,10,10,4,12,2,8,20,10,10,3,9,2,9,17,10,10,2,6,0,8,16,10,10,1,3,1,10,12,10,10,0,0,3,13,7,10,10,2,6,3,11,13
A_RP_FR_FR_F_ZH_M_G41_T05,7,10,10,5,15,2,7,23,10,10,4,12,1,7,21,10,10,3,9,1,8,18,10,10,2,6,2,10,14,10,10,2,6,2,10,14,10,10,2,6,0,8,16,10,10,1,3,0,9,13
A_RP_FR_FR_F_US_F_G41_T05,7,10,10,5,15,3,8,22,10,10,5,15,2,7,23,10,10,4,12,3,9,19,10,10,4,12,3,9,19,10,10,4,12,2,8,20,10,10,4,12,2,8,20,10,10,4,12,0,6,22
A_RP_FR_FR_F_FR_F_G41_T05,7,10,10,5,15,4,9,21,10,10,6,18,3,7,25,10,10,7,21,2,5,29,10,10,4,12,1,7,21,10,10,3,9,2,9,17,10,10,2,6,3,11,13,10,10,3,9,0,7,19
A_RP_FR_FR_F_ZH_F_G41_T05,7,10,10,5,15,2,7,23,10,10,5,15,2,7,23,10,10,5,15,0,5,25,10,10,2,6,1,9,15,10,10,2,6,2,10,14,10,10,2,6,1,9,15,10,10,2,6,0,8,16
A_RP_FR_FR_F_FR_M_G41_T05,7,10,10,7,21,3,6,28,10,10,5,15,5,10,20,10,10,6,18,1,5,27,10,10,4,12,0,6,22,10,10,3,9,3,10,16,10,10,2,6,2,10,14,10,10,1,3,0,9,13
A_RP_FR_FR_F_US_M_G41_T05,7,10,10,5,15,1,6,24,10,10,3,9,3,10,16,10,10,4,12,2,8,20,10,10,4,12,1,7,21,10,10,3,9,1,8,18,10,10,3,9,3,10,16,10,10,3,9,0,7,19
B_RP_FR_U_U_U_U_G41_T05,7,10,10,0,0,0,10,10,10,10,0,0,0,10,10,10,10,0,0,0,10,10,10,10,0,0,0,10,10,10,10,0,0,0,10,10,10,10,0,0,0,10,10,10,10,1,3,0,9,13
B_RP_FR_FR_M_U_U_G41_T05,7,10,10,0,0,0,10,10,10,10,1,3,0,9,13,10,10,0,0,0,10,10,10,10,5,15,0,5,25,10,10,4,12,0,6,22,10,10,2,6,0,8,16,10,10,0,0,0,10,10
B_RP_FR_US_M_U_U_G41_T05,7,10,10,0,0,0,10,10,10,10,1,3,0,9,13,10,10,0,0,0,10,10,10,10,4,12,0,6,22,10,10,2,6,0,8,16,10,10,0,0,0,10,10,10,10,0,0,0,10,10
B_RP_FR_US_F_U_U_G41_T05,7,10,10,0,0,0,10,10,10,10,2,6,0,8,16,10,10,3,9,0,7,19,10,10,1,3,0,9,13,10,10,0,0,0,10,10,10,10,1,3,0,9,13,10,10,0,0,0,10,10
B_RP_FR_ZH_F_U_U_G41_T05,7,10,10,0,0,0,10,10,10,10,3,9,1,8,18,10,10,3,9,1,8,18,10,10,2,6,1,9,15,10,10,1,3,1,10,12,10,10,0,0,0,10,10,10,10,0,0,0,10,10
B_RP_FR_U_U_ZH_M_G41_T05,7,10,10,0,0,0,10,10,10,10,2,6,0,8,16,10,10,1,3,0,9,13,10,10,0,0,0,10,10,10,10,0,0,0,10,10,10,10,0,0,0,10,10,10,10,0,0,0,10,10
B_RP_FR_FR_F_U_U_G41_T05,7,10,10,0,0,0,10,10,10,10,3,9,1,8,18,10,10,2,6,1,9,15,10,10,2,6,1,9,15,10,10,3,9,1,8,18,10,10,4,12,2,8,20,10,10,3,9,1,8,18
B_RP_FR_ZH_M_U_U_G41_T05,7,10,10,0,0,0,10,10,10,10,1,3,0,9,13,10,10,4,12,0,6,22,10,10,0,0,0,10,10,10,10,3,9,0,7,19,10,10,0,0,0,10,10,10,10,0,0,0,10,10
B_RP_FR_ZH_F_ZH_M_G41_T05,7,10,10,0,0,0,10,10,10,10,4,12,2,8,20,10,10,5,15,3,8,22,10,10,2,6,1,9,15,10,10,0,0,0,10,10,10,10,3,9,1,8,18,10,10,6,18,3,7,25
B_RP_FR_US_M_ZH_M_G41_T05,7,10,10,0,0,0,10,10,10,10,3,9,1,8,18,10,10,3,9,1,8,18,10,10,5,15,2,7,23,10,10,0,0,0,10,10,10,10,0,0,0,10,10,10,10,0,0,0,10,10
B_RP_FR_ZH_M_ZH_M_G41_T05,7,10,10,0,0,0,10,10,10,10,0,0,0,10,10,10,10,0,0,0,10,10,10,10,0,0,0,10,10,10,10,2,6,0,8,16,10,10,1,3,0,9,13,10,10,0,0,0,10,10
B_RP_FR_US_F_ZH_M_G41_T05,7,10,10,0,0,0,10,10,10,10,0,0,0,10,10,10,10,5,15,0,5,25,10,10,6,18,0,4,28,10,10,1,3,0,9,13,10,10,1,3,0,9,13,10,10,0,0,0,10,10
B_RP_FR_FR_F_ZH_M_G41_T05,7,10,10,0,0,0,10,10,10,10,1,3,0,9,13,10,10,1,3,0,9,13,10,10,1,3,0,9,13,10,10,1,3,0,9,13,10,10,0,0,0,10,10,10,10,0,0,0,10,10
B_RP_FR_FR_M_ZH_M_G41_T05,7,10,10,0,0,0,10,10,10,10,0,0,0,10,10,10,10,3,9,0,7,19,10,10,4,12,0,6,22,10,10,2,6,0,8,16,10,10,2,6,0,8,16,10,10,1,3,0,9,13
B_RP_FR_ZH_F_ZH_F_G41_T05,7,10,10,0,0,0,10,10,10,10,1,3,0,9,13,10,10,4,12,0,6,22,10,10,2,6,0,8,16,10,10,2,6,0,8,16,10,10,0,0,0,10,10,10,10,0,0,0,10,10
B_RP_FR_ZH_M_ZH_F_G41_T05,7,10,10,0,0,0,10,10,10,10,0,0,0,10,10,10,10,0,0,0,10,10,10,10,0,0,0,10,10,10,10,3,9,0,7,19,10,10,1,3,0,9,13,10,10,0,0,0,10,10
B_RP_FR_US_M_ZH_F_G41_T05,7,10,10,0,0,0,10,10,10,10,1,3,0,9,13,10,10,5,15,0,5,25,10,10,1,3,0,9,13,10,10,1,3,0,9,13,10,10,3,9,0,7,19,10,10,0,0,0,10,10
B_RP_FR_U_U_ZH_F_G41_T05,7,10,10,0,0,0,10,10,10,10,0,0,0,10,10,10,10,3,9,0,7,19,10,10,0,0,0,10,10,10,10,2,6,0,8,16,10,10,5,15,0,5,25,10,10,2,6,0,8,16
B_RP_FR_FR_F_ZH_F_G41_T05,7,10,10,0,0,0,10,10,10,10,0,0,0,10,10,10,10,0,0,0,10,10,10,10,0,0,0,10,10,10,10,0,0,0,10,10,10,10,4,12,0,6,22,10,10,0,0,0,10,10
B_RP_FR_US_F_ZH_F_G41_T05,7,10,10,0,0,0,10,10,10,10,1,3,0,9,13,10,10,2,6,0,8,16,10,10,0,0,0,10,10,10,10,3,9,0,7,19,10,10,0,0,0,10,10,10,10,0,0,0,10,10
B_RP_FR_U_U_US_M_G41_T05,7,10,10,0,0,0,10,10,10,10,0,0,0,10,10,10,10,0,0,0,10,10,10,10,1,3,0,9,13,10,10,0,0,0,10,10,10,10,2,6,0,8,16,10,10,0,0,0,10,10
B_RP_FR_US_M_US_M_G41_T05,7,10,10,0,0,0,10,10,10,10,3,9,0,7,19,10,10,3,9,0,7,19,10,10,5,15,0,5,25,10,10,3,9,0,7,19,10,10,2,6,0,8,16,10,10,2,6,0,8,16
B_RP_FR_ZH_M_US_M_G41_T05,7,10,10,0,0,0,10,10,10,10,0,0,0,10,10,10,10,0,0,0,10,10,10,10,2,6,0,8,16,10,10,1,3,0,9,13,10,10,0,0,0,10,10,10,10,0,0,0,10,10
B_RP_FR_FR_M_ZH_F_G41_T05,7,10,10,0,0,0,10,10,10,10,4,12,0,6,22,10,10,4,12,0,6,22,10,10,2,6,0,8,16,10,10,0,0,0,10,10,10,10,1,3,0,9,13,10,10,0,0,0,10,10
B_RP_FR_FR_F_US_M_G41_T05,7,10,10,0,0,0,10,10,10,10,1,3,0,9,13,10,10,0,0,0,10,10,10,10,4,12,0,6,22,10,10,3,9,0,7,19,10,10,2,6,0,8,16,10,10,4,12,0,6,22
B_RP_FR_ZH_F_US_M_G41_T05,7,10,10,0,0,0,10,10,10,10,1,3,0,9,13,10,10,0,0,0,10,10,10,10,5,15,0,5,25,10,10,4,12,0,6,22,10,10,0,0,0,10,10,10,10,0,0,0,10,10
B_RP_FR_US_F_US_M_G41_T05,7,10,10,0,0,0,10,10,10,10,3,9,1,8,18,10,10,5,15,4,9,21,10,10,4,12,3,9,19,10,10,2,6,1,9,15,10,10,1,3,0,9,13,10,10,0,0,0,10,10
B_RP_FR_ZH_M_US_F_G41_T05,7,10,10,0,0,0,10,10,10,10,2,6,0,8,16,10,10,0,0,0,10,10,10,10,1,3,0,9,13,10,10,3,9,0,7,19,10,10,1,3,0,9,13,10,10,0,0,0,10,10
B_RP_FR_ZH_F_US_F_G41_T05,7,10,10,0,0,0,10,10,10,10,1,3,0,9,13,10,10,1,3,0,9,13,10,10,2,6,0,8,16,10,10,1,3,0,9,13,10,10,6,18,0,4,28,10,10,0,0,0,10,10
B_RP_FR_FR_M_US_M_G41_T05,7,10,10,0,0,0,10,10,10,10,2,6,0,8,16,10,10,0,0,0,10,10,10,10,0,0,0,10,10,10,10,0,0,0,10,10,10,10,3,9,0,7,19,10,10,4,12,0,6,22
B_RP_FR_U_U_US_F_G41_T05,7,10,10,0,0,0,10,10,10,10,3,9,0,7,19,10,10,0,0,0,10,10,10,10,0,0,0,10,10,10,10,0,0,0,10,10,10,10,1,3,0,9,13,10,10,1,3,0,9,13
B_RP_FR_US_F_US_F_G41_T05,7,10,10,0,0,0,10,10,10,10,3,9,2,9,17,10,10,4,12,3,9,19,10,10,4,12,3,9,19,10,10,3,9,2,9,17,10,10,2,6,1,9,15,10,10,0,0,0,10,10
B_RP_FR_US_M_US_F_G41_T05,7,10,10,0,0,0,10,10,10,10,0,0,0,10,10,10,10,1,3,0,9,13,10,10,4,12,0,6,22,10,10,3,9,0,7,19,10,10,0,0,0,10,10,10,10,2,6,0,8,16
B_RP_FR_FR_F_US_F_G41_T05,7,10,10,0,0,0,10,10,10,10,1,3,0,9,13,10,10,0,0,0,10,10,10,10,3,9,0,7,19,10,10,3,9,0,7,19,10,10,2,6,0,8,16,10,10,0,0,0,10,10
B_RP_FR_FR_M_US_F_G41_T05,7,10,10,0,0,0,10,10,10,10,4,12,6,12,16,10,10,8,24,12,14,22,10,10,8,24,12,14,22,10,10,8,24,12,14,22,10,10,7,21,10,13,21,10,10,10,30,15,15,25
B_RP_FR_US_F_FR_M_G41_T05,7,10,10,0,0,0,10,10,10,10,0,0,0,10,10,10,10,2,6,0,8,16,10,10,3,9,0,7,19,10,10,2,6,0,8,16,10,10,1,3,0,9,13,10,10,2,6,0,8,16
B_RP_FR_U_U_FR_M_G41_T05,7,10,10,0,0,0,10,10,10,10,0,0,0,10,10,10,10,1,3,0,9,13,10,10,0,0,0,10,10,10,10,0,0,0,10,10,10,10,3,9,0,7,19,10,10,0,0,0,10,10
B_RP_FR_ZH_F_FR_M_G41_T05,7,10,10,0,0,0,10,10,10,10,3,9,1,8,18,10,10,2,6,1,9,15,10,10,0,0,0,10,10,10,10,0,0,0,10,10,10,10,0,0,0,10,10,10,10,0,0,0,10,10
B_RP_FR_ZH_M_FR_M_G41_T05,7,10,10,0,0,0,10,10,10,10,1,3,0,9,13,10,10,3,9,0,7,19,10,10,0,0,0,10,10,10,10,1,3,0,9,13,10,10,1,3,0,9,13,10,10,0,0,0,10,10
B_RP_FR_US_M_FR_M_G41_T05,7,10,10,0,0,0,10,10,10,10,1,3,0,9,13,10,10,3,9,0,7,19,10,10,5,15,0,5,25,10,10,3,9,0,7,19,10,10,2,6,0,8,16,10,10,4,12,0,6,22
B_RP_FR_FR_M_FR_M_G41_T05,7,10,10,0,0,0,10,10,10,10,1,3,0,9,13,10,10,3,9,0,7,19,10,10,2,6,0,8,16,10,10,3,9,0,7,19,10,10,2,6,0,8,16,10,10,2,6,0,8,16
B_RP_FR_FR_F_FR_M_G41_T05,7,10,10,0,0,0,10,10,10,10,0,0,0,10,10,10,10,0,0,0,10,10,10,10,4,12,0,6,22,10,10,3,9,0,7,19,10,10,3,9,0,7,19,10,10,0,0,0,10,10
B_RP_FR_U_U_FR_F_G41_T05,7,10,10,0,0,0,10,10,10,10,1,3,0,9,13,10,10,5,15,0,5,25,10,10,0,0,0,10,10,10,10,8,24,0,2,34,10,10,6,18,0,4,28,10,10,0,0,0,10,10
B_RP_FR_ZH_M_FR_F_G41_T05,7,10,10,0,0,0,10,10,10,10,2,6,1,9,15,10,10,2,6,1,9,15,10,10,0,0,0,10,10,10,10,0,0,0,10,10,10,10,2,6,1,9,15,10,10,5,15,2,7,23
B_RP_FR_FR_M_FR_F_G41_T05,7,10,10,0,0,0,10,10,10,10,0,0,0,10,10,10,10,2,6,0,8,16,10,10,2,6,0,8,16,10,10,0,0,0,10,10,10,10,1,3,0,9,13,10,10,0,0,0,10,10
B_RP_FR_ZH_F_FR_F_G41_T05,7,10,10,0,0,0,10,10,10,10,4,12,2,8,20,10,10,2,6,1,9,15,10,10,0,0,0,10,10,10,10,1,3,0,9,13,10,10,5,15,2,7,23,10,10,1,3,0,9,13
B_RP_FR_US_F_FR_F_G41_T05,7,10,10,0,0,0,10,10,10,10,1,3,0,9,13,10,10,2,6,0,8,16,10,10,3,9,0,7,19,10,10,0,0,0,10,10,10,10,4,12,0,6,22,10,10,0,0,0,10,10
B_RP_FR_US_M_FR_F_G41_T05,7,10,10,0,0,0,10,10,10,10,3,9,1,8,18,10,10,2,6,1,9,15,10,10,1,3,0,9,13,10,10,3,9,1,8,18,10,10,0,0,0,10,10,10,10,0,0,0,10,10
B_RP_FR_FR_F_FR_F_G41_T05,7,10,10,0,0,0,10,10,10,10,4,12,2,8,20,10,10,5,15,3,8,22,10,10,5,15,3,8,22,10,10,4,12,2,8,20,10,10,0,0,0,10,10,10,10,0,0,0,10,10
B_RP_FR_U_U_U_U_G41_T05,7,10,10,2,6,1,9,15,10,10,4,12,2,8,20,10,10,5,15,3,8,22,10,10,5,15,3,8,22,10,10,7,21,4,7,27,10,10,2,6,1,9,15,10,10,0,0,0,10,10
B_RP_FR_ZH_M_U_U_G41_T05,7,10,10,2,6,1,9,15,10,10,3,9,2,9,17,10,10,3,9,2,9,17,10,10,2,6,1,9,15,10,10,0,0,0,10,10,10,10,4,12,2,8,20,10,10,2,6,1,9,15
B_RP_FR_ZH_F_U_U_G41_T05,7,10,10,2,6,1,9,15,10,10,2,6,1,9,15,10,10,0,0,0,10,10,10,10,3,9,1,8,18,10,10,1,3,1,10,12,10,10,4,12,2,8,20,10,10,0,0,0,10,10
B_RP_FR_FR_M_U_U_G41_T05,7,10,10,2,6,1,9,15,10,10,4,12,4,10,18,10,10,3,9,3,10,16,10,10,4,12,4,10,18,10,10,6,18,6,10,22,10,10,3,9,3,10,16,10,10,3,9,3,10,16
B_RP_FR_US_M_U_U_G41_T05,7,10,10,2,6,1,9,15,10,10,5,15,7,12,18,10,10,9,27,13,14,24,10,10,8,24,11,13,23,10,10,10,30,15,15,25,10,10,8,24,11,13,23,10,10,4,12,5,11,17
B_RP_FR_US_F_U_U_G41_T05,7,10,10,2,6,1,9,15,10,10,0,0,0,10,10,10,10,0,0,0,10,10,10,10,0,0,0,10,10,10,10,0,0,0,10,10,10,10,2,6,1,9,15,10,10,0,0,0,10,10
B_RP_FR_U_U_ZH_M_G41_T05,7,10,10,2,6,3,11,13,10,10,5,15,7,12,18,10,10,4,12,6,12,16,10,10,9,27,13,14,24,10,10,10,30,15,15,25,10,10,10,30,15,15,25,10,10,9,27,13,14,24
B_RP_FR_FR_F_U_U_G41_T05,7,10,10,2,6,1,9,15,10,10,0,0,0,10,10,10,10,3,9,2,9,17,10,10,1,3,0,9,13,10,10,0,0,0,10,10,10,10,2,6,1,9,15,10,10,0,0,0,10,10
B_RP_FR_ZH_M_ZH_M_G41_T05,7,10,10,2,6,1,9,15,10,10,6,18,9,13,19,10,10,7,21,10,13,21,10,10,10,30,18,18,22,10,10,10,30,18,18,22,10,10,10,30,18,18,22,10,10,10,30,18,18,22
B_RP_FR_FR_M_ZH_M_G41_T05,7,10,10,2,6,2,10,14,10,10,2,6,2,10,14,10,10,2,6,2,10,14,10,10,1,3,1,10,12,10,10,2,6,2,10,14,10,10,4,12,4,10,18,10,10,2,6,2,10,14
B_RP_FR_ZH_F_ZH_M_G41_T05,7,10,10,2,6,3,11,13,10,10,4,12,6,12,16,10,10,6,18,9,13,19,10,10,6,18,9,13,19,10,10,7,21,10,13,21,10,10,8,24,12,14,22,10,10,10,30,15,15,25
B_RP_FR_FR_F_ZH_M_G41_T05,7,10,10,2,6,3,11,13,10,10,2,6,3,11,13,10,10,6,18,9,13,19,10,10,6,18,9,13,19,10,10,6,18,9,13,19,10,10,10,30,15,15,25,10,10,8,24,12,14,22
B_RP_FR_US_M_ZH_M_G41_T05,7,10,10,2,6,1,9,15,10,10,6,18,3,7,25,10,10,5,15,2,7,23,10,10,0,0,0,10,10,10,10,1,3,0,9,13,10,10,0,0,0,10,10,10,10,0,0,0,10,10
B_RP_FR_US_F_ZH_M_G41_T05,7,10,10,2,6,1,9,15,10,10,3,9,2,9,17,10,10,4,12,3,9,19,10,10,4,12,3,9,19,10,10,4,12,3,9,19,10,10,4,12,3,9,19,10,10,0,0,0,10,10
B_RP_FR_U_U_ZH_F_G41_T05,7,10,10,2,6,1,9,15,10,10,0,0,0,10,10,10,10,0,0,0,10,10,10,10,1,3,0,9,13,10,10,4,12,2,8,20,10,10,6,18,3,7,25,10,10,0,0,0,10,10
B_RP_FR_ZH_M_ZH_F_G41_T05,7,10,10,2,6,1,9,15,10,10,2,6,1,9,15,10,10,1,3,0,9,13,10,10,0,0,0,10,10,10,10,6,18,2,6,26,10,10,2,6,1,9,15,10,10,0,0,0,10,10
B_RP_FR_US_M_ZH_F_G41_T05,7,10,10,2,6,1,9,15,10,10,0,0,0,10,10,10,10,0,0,0,10,10,10,10,3,9,1,8,18,10,10,2,6,1,9,15,10,10,1,3,0,9,13,10,10,0,0,0,10,10
B_RP_FR_US_F_ZH_F_G41_T05,7,10,10,2,6,1,9,15,10,10,6,18,4,8,24,10,10,7,21,5,8,26,10,10,3,9,2,9,17,10,10,1,3,1,10,12,10,10,5,15,3,8,22,10,10,2,6,1,9,15
B_RP_FR_ZH_F_ZH_F_G41_T05,7,10,10,2,6,1,9,15,10,10,0,0,0,10,10,10,10,0,0,0,10,10,10,10,0,0,0,10,10,10,10,1,3,0,9,13,10,10,1,3,0,9,13,10,10,0,0,0,10,10
B_RP_FR_FR_F_ZH_F_G41_T05,7,10,10,2,6,1,9,15,10,10,3,9,2,9,17,10,10,0,0,0,10,10,10,10,3,9,2,9,17,10,10,0,0,0,10,10,10,10,0,0,0,10,10,10,10,0,0,0,10,10
B_RP_FR_FR_M_ZH_F_G41_T05,7,10,10,2,6,1,9,15,10,10,2,6,1,9,15,10,10,1,3,0,9,13,10,10,1,3,0,9,13,10,10,0,0,0,10,10,10,10,3,9,1,8,18,10,10,2,6,1,9,15
B_RP_FR_ZH_M_US_M_G41_T05,7,10,10,2,6,1,9,15,10,10,4,12,2,8,20,10,10,2,6,1,9,15,10,10,3,9,1,8,18,10,10,5,15,2,7,23,10,10,7,21,3,6,28,10,10,2,6,1,9,15
B_RP_FR_U_U_US_M_G41_T05,7,10,10,2,6,1,9,15,10,10,3,9,2,9,17,10,10,5,15,3,8,22,10,10,5,15,3,8,22,10,10,7,21,5,8,26,10,10,4,12,2,8,20,10,10,0,0,0,10,10
B_RP_FR_ZH_F_US_M_G41_T05,7,10,10,2,6,4,12,12,10,10,8,24,12,14,22,10,10,10,30,20,20,20,10,10,6,18,12,16,16,10,10,9,27,18,19,19,10,10,10,30,20,20,20,10,10,10,30,20,20,20
B_RP_FR_US_M_US_M_G41_T05,7,10,10,2,6,1,9,15,10,10,3,9,2,9,17,10,10,3,9,2,9,17,10,10,3,9,2,9,17,10,10,1,3,0,9,13,10,10,0,0,0,10,10,10,10,0,0,0,10,10
B_RP_FR_US_F_US_M_G41_T05,7,10,10,2,6,1,9,15,10,10,1,3,0,9,13,10,10,0,0,0,10,10,10,10,0,0,0,10,10,10,10,2,6,1,9,15,10,10,0,0,0,10,10,10,10,0,0,0,10,10
B_RP_FR_U_U_US_F_G41_T05,7,10,10,2,6,1,9,15,10,10,3,9,2,9,17,10,10,6,18,9,13,19,10,10,10,30,15,15,25,10,10,8,24,12,14,22,10,10,10,30,15,15,25,10,10,7,21,10,13,21
B_RP_FR_FR_M_US_M_G41_T05,7,10,10,2,6,1,9,15,10,10,4,12,2,8,20,10,10,3,9,1,8,18,10,10,0,0,0,10,10,10,10,1,3,0,9,13,10,10,0,0,0,10,10,10,10,0,0,0,10,10
B_RP_FR_FR_F_US_M_G41_T05,7,10,10,2,6,2,10,14,10,10,5,15,7,12,18,10,10,4,12,6,12,16,10,10,9,27,15,16,22,10,10,9,27,15,16,22,10,10,10,30,16,16,24,10,10,10,30,16,16,24
B_RP_FR_US_M_US_F_G41_T05,7,10,10,2,6,1,9,15,10,10,0,0,0,10,10,10,10,0,0,0,10,10,10,10,2,6,1,9,15,10,10,2,6,1,9,15,10,10,4,12,2,8,20,10,10,2,6,1,9,15
B_RP_FR_ZH_F_US_F_G41_T05,7,10,10,2,6,3,11,13,10,10,5,15,6,11,19,10,10,8,24,10,12,24,10,10,9,27,13,14,24,10,10,8,24,11,13,23,10,10,10,30,15,15,25,10,10,5,15,7,12,18
B_RP_FR_ZH_M_US_F_G41_T05,7,10,10,2,6,1,9,15,10,10,2,6,1,9,15,10,10,2,6,1,9,15,10,10,5,15,2,7,23,10,10,3,9,1,8,18,10,10,4,12,1,7,21,10,10,3,9,1,8,18
B_RP_FR_FR_M_US_F_G41_T05,7,10,10,2,6,1,9,15,10,10,0,0,0,10,10,10,10,0,0,0,10,10,10,10,0,0,0,10,10,10,10,2,6,1,9,15,10,10,5,15,2,7,23,10,10,0,0,0,10,10
B_RP_FR_US_F_US_F_G41_T05,7,10,10,2,6,3,11,13,10,10,2,6,3,11,13,10,10,4,12,6,12,16,10,10,5,15,7,12,18,10,10,8,24,12,14,22,10,10,8,24,12,14,22,10,10,9,27,13,14,24
B_RP_FR_ZH_M_FR_M_G41_T05,7,10,10,2,6,1,9,15,10,10,0,0,0,10,10,10,10,0,0,0,10,10,10,10,0,0,0,10,10,10,10,0,0,0,10,10,10,10,1,3,0,9,13,10,10,1,3,0,9,13
B_RP_FR_U_U_FR_M_G41_T05,7,10,10,2,6,1,9,15,10,10,2,6,1,9,15,10,10,4,12,2,8,20,10,10,4,12,2,8,20,10,10,6,18,3,7,25,10,10,2,6,1,9,15,10,10,3,9,1,8,18
B_RP_FR_FR_F_US_F_G41_T05,7,10,10,2,6,3,11,13,10,10,1,3,0,9,13,10,10,3,9,4,11,15,10,10,3,9,4,11,15,10,10,8,24,10,12,24,10,10,5,15,6,11,19,10,10,0,0,0,10,10
B_RP_FR_ZH_F_FR_M_G41_T05,7,10,10,2,6,2,10,14,10,10,3,9,3,10,16,10,10,2,6,2,10,14,10,10,7,21,7,10,24,10,10,8,24,8,10,26,10,10,9,27,9,10,28,10,10,6,18,6,10,22
B_RP_FR_US_M_FR_M_G41_T05,7,10,10,2,6,3,11,13,10,10,2,6,3,11,13,10,10,6,18,9,13,19,10,10,5,15,7,12,18,10,10,6,18,9,13,19,10,10,10,30,15,15,25,10,10,10,30,15,15,25
B_RP_FR_FR_M_FR_M_G41_T05,7,10,10,2,6,3,11,13,10,10,4,12,6,12,16,10,10,10,30,15,15,25,10,10,10,30,15,15,25,10,10,10,30,15,15,25,10,10,10,30,15,15,25,10,10,10,30,15,15,25
B_RP_FR_US_F_FR_M_G41_T05,7,10,10,2,6,3,11,13,10,10,4,12,6,12,16,10,10,7,21,10,13,21,10,10,8,24,12,14,22,10,10,8,24,12,14,22,10,10,10,30,15,15,25,10,10,9,27,13,14,24
B_RP_FR_FR_F_FR_M_G41_T05,7,10,10,2,6,1,9,15,10,10,3,9,2,9,17,10,10,4,12,3,9,19,10,10,4,12,3,9,19,10,10,5,15,4,9,21,10,10,5,15,4,9,21,10,10,3,9,2,9,17
B_RP_FR_ZH_F_FR_F_G41_T05,7,10,10,2,6,1,9,15,10,10,3,9,2,9,17,10,10,1,3,0,9,13,10,10,0,0,0,10,10,10,10,0,0,0,10,10,10,10,1,3,0,9,13,10,10,0,0,0,10,10
B_RP_FR_U_U_FR_F_G41_T05,7,10,10,2,6,1,9,15,10,10,4,12,2,8,20,10,10,7,21,3,6,28,10,10,2,6,1,9,15,10,10,2,6,1,9,15,10,10,0,0,0,10,10,10,10,0,0,0,10,10
B_RP_FR_US_M_FR_F_G41_T05,7,10,10,2,6,2,10,14,10,10,1,3,1,10,12,10,10,2,6,2,10,14,10,10,5,15,5,10,20,10,10,5,15,5,10,20,10,10,6,18,6,10,22,10,10,4,12,4,10,18
B_RP_FR_US_F_FR_F_G41_T05,7,10,10,2,6,1,9,15,10,10,2,6,1,9,15,10,10,4,12,2,8,20,10,10,0,0,0,10,10,10,10,0,0,0,10,10,10,10,0,0,0,10,10,10,10,0,0,0,10,10
B_RP_FR_ZH_M_FR_F_G41_T05,7,10,10,2,6,1,9,15,10,10,1,3,0,9,13,10,10,1,3,0,9,13,10,10,1,3,0,9,13,10,10,0,0,0,10,10,10,10,2,6,1,9,15,10,10,0,0,0,10,10
B_RP_FR_FR_M_FR_F_G41_T05,7,10,10,2,6,1,9,15,10,10,1,3,0,9,13,10,10,4,12,2,8,20,10,10,8,24,4,6,30,10,10,7,21,3,6,28,10,10,6,18,3,7,25,10,10,1,3,0,9,13
B_RP_FR_FR_F_FR_F_G41_T05,7,10,10,2,6,1,9,15,10,10,3,9,2,9,17,10,10,5,15,3,8,22,10,10,3,9,2,9,17,10,10,4,12,2,8,20,10,10,4,12,2,8,20,10,10,2,6,1,9,15
B_RP_FR_U_U_U_U_G41_T05,7,10,10,5,15,8,13,17,10,10,7,21,12,15,19,10,10,7,21,12,15,19,10,10,10,30,18,18,22,10,10,10,30,18,18,22,10,10,10,30,18,18,22,10,10,7,21,12,15,19
B_RP_FR_ZH_M_U_U_G41_T05,7,10,10,5,15,8,13,17,10,10,9,27,15,16,22,10,10,9,27,15,16,22,10,10,9,27,15,16,22,10,10,10,30,17,17,23,10,10,10,30,17,17,23,10,10,10,30,17,17,23
B_RP_FR_ZH_F_U_U_G41_T05,7,10,10,5,15,8,13,17,10,10,8,24,12,14,22,10,10,7,21,10,13,21,10,10,9,27,13,14,24,10,10,10,30,15,15,25,10,10,10,30,15,15,25,10,10,5,15,8,13,17
B_RP_FR_US_M_U_U_G41_T05,7,10,10,5,15,8,13,17,10,10,6,18,10,14,18,10,10,10,30,20,20,20,10,10,10,30,20,20,20,10,10,10,30,20,20,20,10,10,10,30,20,20,20,10,10,8,24,16,18,18
B_RP_FR_FR_M_U_U_G41_T05,7,10,10,5,15,8,13,17,10,10,10,30,18,18,22,10,10,10,30,18,18,22,10,10,10,30,18,18,22,10,10,10,30,18,18,22,10,10,10,30,18,18,22,10,10,8,24,14,16,20
B_RP_FR_FR_F_U_U_G41_T05,7,10,10,5,15,8,13,17,10,10,8,24,12,14,22,10,10,10,30,20,20,20,10,10,10,30,20,20,20,10,10,10,30,20,20,20,10,10,10,30,20,20,20,10,10,10,30,20,20,20
B_RP_FR_US_F_U_U_G41_T05,7,10,10,5,15,12,17,13,10,10,8,24,18,20,16,10,10,10,30,28,28,12,10,10,10,30,28,28,12,10,10,10,30,28,28,12,10,10,10,30,28,28,12,10,10,10,30,28,28,12
B_RP_FR_ZH_F_ZH_M_G41_T05,7,10,10,5,15,8,13,17,10,10,8,24,12,14,22,10,10,9,27,15,16,22,10,10,10,30,18,18,22,10,10,10,30,18,18,22,10,10,10,30,18,18,22,10,10,9,27,15,16,22
B_RP_FR_U_U_ZH_M_G41_T05,7,10,10,5,15,8,13,17,10,10,7,21,10,13,21,10,10,7,21,10,13,21,10,10,10,30,15,15,25,10,10,10,30,15,15,25,10,10,6,18,9,13,19,10,10,9,27,13,14,24
B_RP_FR_US_M_ZH_M_G41_T05,7,10,10,5,15,8,13,17,10,10,7,21,10,13,21,10,10,7,21,10,13,21,10,10,6,18,9,13,19,10,10,8,24,12,14,22,10,10,7,21,10,13,21,10,10,7,21,10,13,21
B_RP_FR_ZH_M_ZH_M_G41_T05,7,10,10,5,15,8,13,17,10,10,8,24,15,17,19,10,10,10,30,25,25,15,10,10,10,30,25,25,15,10,10,10,30,25,25,15,10,10,10,30,25,25,15,10,10,10,30,25,25,15
B_RP_FR_FR_M_ZH_M_G41_T05,7,10,10,5,15,12,17,13,10,10,8,24,18,20,16,10,10,8,24,18,20,16,10,10,10,30,24,24,16,10,10,10,30,24,24,16,10,10,10,30,24,24,16,10,10,10,30,24,24,16
B_RP_FR_US_F_ZH_M_G41_T05,7,10,10,5,15,8,13,17,10,10,8,24,15,17,19,10,10,10,30,25,25,15,10,10,10,30,25,25,15,10,10,10,30,25,25,15,10,10,10,30,25,25,15,10,10,10,30,25,25,15
B_RP_FR_FR_F_ZH_M_G41_T05,7,10,10,5,15,8,13,17,10,10,3,9,2,9,17,10,10,6,18,9,13,19,10,10,7,21,12,15,19,10,10,10,30,15,15,25,10,10,10,30,15,15,25,10,10,10,30,15,15,25
B_RP_FR_ZH_F_ZH_F_G41_T05,7,10,10,5,15,10,15,15,10,10,5,15,10,15,15,10,10,8,24,15,17,19,10,10,10,30,20,20,20,10,10,10,30,20,20,20,10,10,10,30,20,20,20,10,10,10,30,20,20,20
B_RP_FR_U_U_ZH_F_G41_T05,7,10,10,5,15,8,13,17,10,10,8,24,12,14,22,10,10,9,27,14,15,23,10,10,9,27,13,14,24,10,10,10,30,15,15,25,10,10,10,30,15,15,25,10,10,6,18,9,13,19
B_RP_FR_US_M_ZH_F_G41_T05,7,10,10,5,15,8,13,17,10,10,10,30,15,15,25,10,10,10,30,15,15,25,10,10,10,30,15,15,25,10,10,10,30,15,15,25,10,10,10,30,15,15,25,10,10,10,30,15,15,25
B_RP_FR_ZH_M_ZH_F_G41_T05,7,10,10,5,15,8,13,17,10,10,7,21,10,13,21,10,10,6,18,9,13,19,10,10,8,24,12,14,22,10,10,10,30,15,15,25,10,10,9,27,13,14,24,10,10,6,18,9,13,19
B_RP_FR_FR_M_ZH_F_G41_T05,7,10,10,5,15,8,13,17,10,10,7,21,12,15,19,10,10,9,27,18,19,19,10,10,10,30,20,20,20,10,10,10,30,20,20,20,10,10,10,30,20,20,20,10,10,10,30,20,20,20
B_RP_FR_US_F_ZH_F_G41_T05,7,10,10,5,15,8,13,17,10,10,10,30,15,15,25,10,10,10,30,15,15,25,10,10,9,27,14,15,23,10,10,8,24,12,14,22,10,10,8,24,12,14,22,10,10,9,27,14,15,23
B_RP_FR_ZH_M_US_M_G41_T05,7,10,10,5,15,12,17,13,10,10,8,24,15,17,19,10,10,10,30,20,20,20,10,10,10,30,20,20,20,10,10,10,30,20,20,20,10,10,10,30,20,20,20,10,10,10,30,20,20,20
B_RP_FR_FR_F_ZH_F_G41_T05,7,10,10,5,15,8,13,17,10,10,10,30,20,20,20,10,10,10,30,20,20,20,10,10,10,30,20,20,20,10,10,10,30,20,20,20,10,10,8,24,16,18,18,10,10,9,27,18,19,19
B_RP_FR_U_U_US_M_G41_T05,7,10,10,5,15,8,13,17,10,10,9,27,13,14,24,10,10,9,27,13,14,24,10,10,8,24,12,14,22,10,10,6,18,9,13,19,10,10,9,27,13,14,24,10,10,7,21,10,13,21
B_RP_FR_ZH_F_US_M_G41_T05,7,10,10,5,15,8,13,17,10,10,8,24,12,14,22,10,10,10,30,15,15,25,10,10,10,30,15,15,25,10,10,10,30,15,15,25,10,10,10,30,15,15,25,10,10,6,18,9,13,19
B_RP_FR_US_F_US_M_G41_T05,7,10,10,5,15,8,13,17,10,10,9,27,15,16,22,10,10,10,30,20,20,20,10,10,10,30,20,20,20,10,10,10,30,20,20,20,10,10,10,30,20,20,20,10,10,10,30,20,20,20
B_RP_FR_US_M_US_M_G41_T05,7,10,10,5,15,8,13,17,10,10,8,24,12,14,22,10,10,8,24,12,14,22,10,10,8,24,12,14,22,10,10,9,27,13,14,24,10,10,10,30,14,14,26,10,10,5,15,8,13,17
B_RP_FR_FR_F_US_M_G41_T05,7,10,10,5,15,12,17,13,10,10,8,24,15,17,19,10,10,10,30,20,20,20,10,10,10,30,20,20,20,10,10,10,30,20,20,20,10,10,10,30,20,20,20,10,10,10,30,20,20,20
B_RP_FR_FR_M_US_M_G41_T05,7,10,10,5,15,8,13,17,10,10,10,30,15,15,25,10,10,9,27,20,21,17,10,10,8,24,18,20,16,10,10,10,30,15,15,25,10,10,10,30,15,15,25,10,10,5,15,8,13,17
B_RP_FR_ZH_M_US_F_G41_T05,7,10,10,5,15,10,15,15,10,10,10,30,20,20,20,10,10,10,30,20,20,20,10,10,10,30,20,20,20,10,10,10,30,20,20,20,10,10,10,30,20,20,20,10,10,10,30,20,20,20
B_RP_FR_U_U_US_F_G41_T05,7,10,10,5,15,8,13,17,10,10,8,24,12,14,22,10,10,10,30,15,15,25,10,10,10,30,15,15,25,10,10,5,15,8,13,17,10,10,8,24,12,14,22,10,10,6,18,9,13,19
B_RP_FR_US_M_US_F_G41_T05,7,10,10,5,15,8,13,17,10,10,8,24,14,16,20,10,10,9,27,18,19,19,10,10,10,30,20,20,20,10,10,9,27,18,19,19,10,10,10,30,20,20,20,10,10,10,30,20,20,20
B_RP_FR_ZH_F_US_F_G41_T05,7,10,10,5,15,12,17,13,10,10,10,30,20,20,20,10,10,10,30,20,20,20,10,10,10,30,20,20,20,10,10,10,30,20,20,20,10,10,10,30,20,20,20,10,10,8,24,16,18,18
B_RP_FR_FR_M_US_F_G41_T05,7,10,10,5,15,8,13,17,10,10,4,12,7,13,15,10,10,8,24,15,17,19,10,10,10,30,20,20,20,10,10,10,30,20,20,20,10,10,10,30,20,20,20,10,10,10,30,20,20,20
B_RP_FR_U_U_FR_M_G41_T05,7,10,10,5,15,8,13,17,10,10,10,30,15,15,25,10,10,9,27,18,19,19,10,10,10,30,18,18,22,10,10,10,30,18,18,22,10,10,10,30,18,18,22,10,10,10,30,18,18,22
B_RP_FR_US_F_US_F_G41_T05,7,10,10,5,15,8,13,17,10,10,10,30,15,15,25,10,10,10,30,15,15,25,10,10,10,30,15,15,25,10,10,9,27,13,14,24,10,10,10,30,15,15,25,10,10,6,18,9,13,19
B_RP_FR_ZH_M_FR_M_G41_T05,7,10,10,5,15,8,13,17,10,10,7,21,10,13,21,10,10,9,27,15,16,22,10,10,10,30,18,18,22,10,10,10,30,18,18,22,10,10,10,30,18,18,22,10,10,6,18,10,14,18
B_RP_FR_FR_F_US_F_G41_T05,7,10,10,5,15,8,13,17,10,10,8,24,12,14,22,10,10,8,24,12,14,22,10,10,6,18,9,13,19,10,10,7,21,10,13,21,10,10,7,21,10,13,21,10,10,4,12,6,12,16
B_RP_FR_US_M_FR_M_G41_T05,7,10,10,5,15,8,13,17,10,10,9,27,13,14,24,10,10,10,30,15,15,25,10,10,10,30,15,15,25,10,10,10,30,15,15,25,10,10,10,30,15,15,25,10,10,6,18,9,13,19
B_RP_FR_ZH_F_FR_M_G41_T05,7,10,10,5,15,10,15,15,10,10,9,27,15,16,22,10,10,10,30,20,20,20,10,10,10,30,20,20,20,10,10,10,30,20,20,20,10,10,10,30,20,20,20,10,10,10,30,20,20,20
B_RP_FR_US_F_FR_M_G41_T05,7,10,10,5,15,8,13,17,10,10,9,27,13,14,24,10,10,4,12,6,12,16,10,10,8,24,12,14,22,10,10,7,21,10,13,21,10,10,7,21,10,13,21,10,10,5,15,8,13,17
B_RP_FR_FR_M_FR_M_G41_T05,7,10,10,5,15,8,13,17,10,10,10,30,15,15,25,10,10,8,24,12,14,22,10,10,9,27,13,14,24,10,10,7,21,10,13,21,10,10,5,15,8,13,17,10,10,3,9,5,12,14
B_RP_FR_ZH_M_FR_F_G41_T05,7,10,10,5,15,8,13,17,10,10,7,21,12,15,19,10,10,8,24,15,17,19,10,10,8,24,15,17,19,10,10,10,30,20,20,20,10,10,9,27,17,18,20,10,10,10,30,20,20,20
B_RP_FR_FR_F_FR_M_G41_T05,7,10,10,5,15,10,15,15,10,10,10,30,20,20,20,10,10,10,30,20,20,20,10,10,10,30,20,20,20,10,10,8,24,16,18,18,10,10,10,30,20,20,20,10,10,4,12,8,14,14
B_RP_FR_U_U_FR_F_G41_T05,7,10,10,5,15,10,15,15,10,10,8,24,15,17,19,10,10,10,30,20,20,20,10,10,10,30,20,20,20,10,10,10,30,20,20,20,10,10,10,30,20,20,20,10,10,10,30,20,20,20
B_RP_FR_ZH_F_FR_F_G41_T05,7,10,10,5,15,10,15,15,10,10,10,30,20,20,20,10,10,10,30,20,20,20,10,10,10,30,20,20,20,10,10,10,30,20,20,20,10,10,10,30,20,20,20,10,10,10,30,20,20,20
B_RP_FR_US_M_FR_F_G41_T05,7,10,10,5,15,8,13,17,10,10,8,24,12,14,22,10,10,10,30,20,20,20,10,10,9,27,18,19,19,10,10,10,30,20,20,20,10,10,10,30,20,20,20,10,10,10,30,20,20,20
B_RP_FR_US_F_FR_F_G41_T05,7,10,10,5,15,8,13,17,10,10,8,24,12,14,22,10,10,9,27,18,19,19,10,10,10,30,20,20,20,10,10,10,30,20,20,20,10,10,10,30,20,20,20,10,10,9,27,18,19,19
B_RP_FR_FR_F_FR_F_G41_T05,7,10,10,5,15,7,12,18,10,10,6,18,9,13,19,10,10,10,30,18,18,22,10,10,10,30,18,18,22,10,10,9,27,16,17,21,10,10,10,30,18,18,22,10,10,9,27,16,17,21
B_RP_FR_FR_M_FR_F_G41_T05,7,10,10,5,15,12,17,13,10,10,10,30,20,20,20,10,10,10,30,20,20,20,10,10,10,30,20,20,20,10,10,10,30,20,20,20,10,10,10,30,20,20,20,10,10,10,30,20,20,20
B_RP_FR_ZH_M_U_U_G41_T05,7,10,10,8,24,12,14,22,10,10,8,24,12,14,22,10,10,7,21,10,13,21,10,10,7,21,10,13,21,10,10,9,27,13,14,24,10,10,10,30,15,15,25,10,10,4,12,6,12,16
B_RP_FR_U_U_U_U_G41_T05,7,10,10,8,24,12,14,22,10,10,6,18,9,13,19,10,10,7,21,10,13,21,10,10,10,30,15,15,25,10,10,7,21,10,13,21,10,10,10,30,15,15,25,10,10,7,21,10,13,21
B_RP_FR_ZH_F_U_U_G41_T05,7,10,10,8,24,12,14,22,10,10,10,30,15,15,25,10,10,5,15,7,12,18,10,10,5,15,7,12,18,10,10,9,27,13,14,24,10,10,10,30,15,15,25,10,10,7,21,10,13,21
B_RP_FR_US_M_U_U_G41_T05,7,10,10,8,24,12,14,22,10,10,5,15,7,12,18,10,10,8,24,12,14,22,10,10,8,24,12,14,22,10,10,9,27,13,14,24,10,10,9,27,13,14,24,10,10,8,24,12,14,22
B_RP_FR_FR_M_U_U_G41_T05,7,10,10,8,24,12,14,22,10,10,6,18,9,13,19,10,10,8,24,12,14,22,10,10,8,24,12,14,22,10,10,10,30,15,15,25,10,10,10,30,15,15,25,10,10,7,21,10,13,21
B_RP_FR_U_U_ZH_M_G41_T05,7,10,10,8,24,12,14,22,10,10,9,27,15,16,22,10,10,10,30,18,18,22,10,10,10,30,18,18,22,10,10,7,21,9,12,22,10,10,9,27,15,16,22,10,10,8,24,12,14,22
B_RP_FR_US_F_U_U_G41_T05,7,10,10,8,24,12,14,22,10,10,9,27,13,14,24,10,10,6,18,9,13,19,10,10,7,21,10,13,21,10,10,10,30,15,15,25,10,10,10,30,15,15,25,10,10,10,30,15,15,25
B_RP_FR_FR_F_U_U_G41_T05,7,10,10,8,24,12,14,22,10,10,10,30,20,20,20,10,10,10,30,20,20,20,10,10,10,30,20,20,20,10,10,10,30,20,20,20,10,10,9,27,18,19,19,10,10,10,30,20,20,20
B_RP_FR_ZH_F_ZH_M_G41_T05,7,10,10,8,24,12,14,22,10,10,7,21,10,13,21,10,10,8,24,12,14,22,10,10,9,27,13,14,24,10,10,8,24,12,14,22,10,10,10,30,15,15,25,10,10,9,27,13,14,24
B_RP_FR_ZH_M_ZH_M_G41_T05,7,10,10,8,24,12,14,22,10,10,9,27,15,16,22,10,10,7,21,10,13,21,10,10,7,21,10,13,21,10,10,10,30,16,16,24,10,10,10,30,16,16,24,10,10,7,21,10,13,21
B_RP_FR_US_F_ZH_M_G41_T05,7,10,10,8,24,12,14,22,10,10,10,30,18,18,22,10,10,9,27,15,16,22,10,10,8,24,12,14,22,10,10,7,21,9,12,22,10,10,9,27,15,16,22,10,10,8,24,12,14,22
B_RP_FR_US_M_ZH_M_G41_T05,7,10,10,8,24,12,14,22,10,10,9,27,18,19,19,10,10,10,30,30,30,10,10,10,10,30,30,30,10,10,10,10,30,30,30,10,10,10,10,30,30,30,10,10,10,10,30,30,30,10
B_RP_FR_FR_M_ZH_M_G41_T05,7,10,10,8,24,12,14,22,10,10,9,27,15,16,22,10,10,10,30,18,18,22,10,10,10,30,18,18,22,10,10,10,30,18,18,22,10,10,10,30,18,18,22,10,10,10,30,18,18,22
B_RP_FR_FR_F_ZH_M_G41_T05,7,10,10,8,24,12,14,22,10,10,9,27,15,16,22,10,10,9,27,15,16,22,10,10,10,30,15,15,25,10,10,10,30,15,15,25,10,10,10,30,15,15,25,10,10,6,18,9,13,19
B_RP_FR_ZH_F_ZH_F_G41_T05,7,10,10,8,24,12,14,22,10,10,8,24,12,14,22,10,10,8,24,12,14,22,10,10,9,27,13,14,24,10,10,8,24,12,14,22,10,10,9,27,13,14,24,10,10,8,24,12,14,22
B_RP_FR_ZH_M_ZH_F_G41_T05,7,10,10,8,24,12,14,22,10,10,10,30,15,15,25,10,10,9,27,13,14,24,10,10,8,24,12,14,22,10,10,9,27,13,14,24,10,10,8,24,12,14,22,10,10,6,18,9,13,19
B_RP_FR_US_M_ZH_F_G41_T05,7,10,10,8,24,12,14,22,10,10,7,21,10,13,21,10,10,9,27,13,14,24,10,10,6,18,9,13,19,10,10,8,24,12,14,22,10,10,9,27,13,14,24,10,10,7,21,10,13,21
B_RP_FR_U_U_ZH_F_G41_T05,7,10,10,8,24,12,14,22,10,10,8,24,12,14,22,10,10,8,24,12,14,22,10,10,7,21,10,13,21,10,10,8,24,12,14,22,10,10,10,30,15,15,25,10,10,10,30,15,15,25
B_RP_FR_FR_M_ZH_F_G41_T05,7,10,10,8,24,12,14,22,10,10,8,24,12,14,22,10,10,10,30,15,15,25,10,10,10,30,15,15,25,10,10,10,30,15,15,25,10,10,7,21,10,13,21,10,10,10,30,15,15,25
B_RP_FR_US_F_ZH_F_G41_T05,7,10,10,8,24,12,14,22,10,10,5,15,6,11,19,10,10,6,18,8,12,20,10,10,6,18,8,12,20,10,10,6,18,8,12,20,10,10,8,24,12,14,22,10,10,6,18,8,12,20
B_RP_FR_FR_F_ZH_F_G41_T05,7,10,10,8,24,12,14,22,10,10,7,21,10,13,21,10,10,10,30,15,15,25,10,10,10,30,15,15,25,10,10,7,21,10,13,21,10,10,10,30,15,15,25,10,10,9,27,13,14,24
B_RP_FR_U_U_US_M_G41_T05,7,10,10,8,24,12,14,22,10,10,10,30,15,15,25,10,10,8,24,12,14,22,10,10,9,27,13,14,24,10,10,9,27,13,14,24,10,10,10,30,15,15,25,10,10,5,15,7,12,18
B_RP_FR_ZH_F_US_M_G41_T05,7,10,10,8,24,12,14,22,10,10,10,30,15,15,25,10,10,10,30,15,15,25,10,10,10,30,15,15,25,10,10,10,30,15,15,25,10,10,8,24,12,14,22,10,10,8,24,12,14,22
B_RP_FR_FR_F_US_M_G41_T05,7,10,10,8,24,12,14,22,10,10,10,30,20,20,20,10,10,10,30,20,20,20,10,10,8,24,12,14,22,10,10,9,27,18,19,19,10,10,8,24,12,14,22,10,10,7,21,10,13,21
B_RP_FR_US_M_US_M_G41_T05,7,10,10,8,24,12,14,22,10,10,10,30,15,15,25,10,10,9,27,13,14,24,10,10,7,21,10,13,21,10,10,6,18,9,13,19,10,10,10,30,15,15,25,10,10,10,30,15,15,25
B_RP_FR_ZH_M_US_M_G41_T05,7,10,10,8,24,12,14,22,10,10,10,30,15,15,25,10,10,8,24,12,14,22,10,10,10,30,15,15,25,10,10,10,30,15,15,25,10,10,7,21,10,13,21,10,10,8,24,12,14,22
B_RP_FR_FR_M_US_M_G41_T05,7,10,10,8,24,12,14,22,10,10,9,27,15,16,22,10,10,10,30,18,18,22,10,10,10,30,18,18,22,10,10,9,27,15,16,22,10,10,10,30,18,18,22,10,10,10,30,18,18,22
B_RP_FR_US_M_US_F_G41_T05,7,10,10,8,24,12,14,22,10,10,8,24,12,14,22,10,10,7,21,10,13,21,10,10,9,27,13,14,24,10,10,7,21,10,13,21,10,10,7,21,10,13,21,10,10,8,24,12,14,22
B_RP_FR_ZH_M_US_F_G41_T05,7,10,10,8,24,12,14,22,10,10,10,30,15,15,25,10,10,10,30,15,15,25,10,10,10,30,15,15,25,10,10,8,24,12,14,22,10,10,8,24,12,14,22,10,10,7,21,10,13,21
B_RP_FR_U_U_US_F_G41_T05,7,10,10,8,24,12,14,22,10,10,10,30,15,15,25,10,10,10,30,15,15,25,10,10,7,21,10,13,21,10,10,10,30,15,15,25,10,10,10,30,15,15,25,10,10,10,30,15,15,25
B_RP_FR_FR_M_US_F_G41_T05,7,10,10,8,24,12,14,22,10,10,10,30,15,15,25,10,10,10,30,15,15,25,10,10,9,27,13,14,24,10,10,10,30,15,15,25,10,10,10,30,15,15,25,10,10,8,24,12,14,22
B_RP_FR_ZH_F_US_F_G41_T05,7,10,10,8,24,12,14,22,10,10,6,18,9,13,19,10,10,5,15,8,13,17,10,10,10,30,15,15,25,10,10,8,24,12,14,22,10,10,9,27,13,14,24,10,10,3,9,5,12,14
B_RP_FR_US_F_US_M_G41_T05,7,10,10,8,24,12,14,22,10,10,9,27,15,16,22,10,10,10,30,18,18,22,10,10,10,30,18,18,22,10,10,10,30,18,18,22,10,10,10,30,18,18,22,10,10,9,27,15,16,22
B_RP_FR_ZH_M_FR_M_G41_T05,7,10,10,8,24,12,14,22,10,10,10,30,18,18,22,10,10,10,30,18,18,22,10,10,10,30,18,18,22,10,10,10,30,18,18,22,10,10,9,27,16,17,21,10,10,10,30,18,18,22
B_RP_FR_US_F_US_F_G41_T05,7,10,10,8,24,12,14,22,10,10,10,30,20,20,20,10,10,10,30,20,20,20,10,10,9,27,18,19,19,10,10,10,30,20,20,20,10,10,10,30,20,20,20,10,10,9,27,18,19,19
B_RP_FR_U_U_FR_M_G41_T05,7,10,10,8,24,12,14,22,10,10,8,24,12,14,22,10,10,10,30,15,15,25,10,10,10,30,15,15,25,10,10,9,27,13,14,24,10,10,7,21,10,13,21,10,10,5,15,7,12,18
B_RP_FR_US_M_FR_M_G41_T05,7,10,10,8,24,12,14,22,10,10,5,15,7,12,18,10,10,10,30,15,15,25,10,10,9,27,13,14,24,10,10,9,27,13,14,24,10,10,8,24,12,14,22,10,10,7,21,10,13,21
B_RP_FR_ZH_F_FR_M_G41_T05,7,10,10,8,24,12,14,22,10,10,9,27,18,19,19,10,10,9,27,18,19,19,10,10,10,30,20,20,20,10,10,10,30,20,20,20,10,10,10,30,20,20,20,10,10,10,30,20,20,20
B_RP_FR_U_U_FR_F_G41_T05,7,10,10,8,24,12,14,22,10,10,7,21,10,13,21,10,10,10,30,15,15,25,10,10,9,27,13,14,24,10,10,10,30,15,15,25,10,10,9,27,13,14,24,10,10,8,24,12,14,22
B_RP_FR_FR_M_FR_M_G41_T05,7,10,10,8,24,12,14,22,10,10,7,21,10,13,21,10,10,10,30,15,15,25,10,10,10,30,15,15,25,10,10,10,30,15,15,25,10,10,10,30,15,15,25,10,10,5,15,7,12,18
B_RP_FR_FR_F_US_F_G41_T05,7,10,10,8,24,12,14,22,10,10,10,30,18,18,22,10,10,10,30,18,18,22,10,10,10,30,18,18,22,10,10,10,30,18,18,22,10,10,10,30,18,18,22,10,10,9,27,15,16,22
B_RP_FR_US_F_FR_M_G41_T05,7,10,10,8,24,12,14,22,10,10,7,21,10,13,21,10,10,8,24,12,14,22,10,10,9,27,13,14,24,10,10,9,27,13,14,24,10,10,9,27,13,14,24,10,10,4,12,6,12,16
B_RP_FR_ZH_F_FR_F_G41_T05,7,10,10,8,24,12,14,22,10,10,8,24,12,14,22,10,10,8,24,12,14,22,10,10,10,30,15,15,25,10,10,7,21,10,13,21,10,10,6,18,9,13,19,10,10,6,18,9,13,19
B_RP_FR_FR_F_FR_M_G41_T05,7,10,10,8,24,12,14,22,10,10,8,24,12,14,22,10,10,8,24,12,14,22,10,10,9,27,13,14,24,10,10,9,27,13,14,24,10,10,8,24,12,14,22,10,10,7,21,11,14,20
B_RP_FR_US_M_FR_F_G41_T05,7,10,10,8,24,12,14,22,10,10,6,18,10,14,18,10,10,9,27,14,15,23,10,10,10,30,15,15,25,10,10,10,30,15,15,25,10,10,8,24,12,14,22,10,10,6,18,10,14,18
B_RP_FR_ZH_M_FR_F_G41_T05,7,10,10,8,24,12,14,22,10,10,10,30,15,15,25,10,10,10,30,15,15,25,10,10,10,30,15,15,25,10,10,10,30,15,15,25,10,10,10,30,15,15,25,10,10,6,18,9,13,19
B_RP_FR_US_F_FR_F_G41_T05,7,10,10,8,24,12,14,22,10,10,10,30,20,20,20,10,10,10,30,20,20,20,10,10,10,30,20,20,20,10,10,10,30,20,20,20,10,10,10,30,20,20,20,10,10,10,30,20,20,20
B_RP_FR_FR_F_FR_F_G41_T05,7,10,10,8,24,12,14,22,10,10,10,30,20,20,20,10,10,10,30,20,20,20,10,10,10,30,20,20,20,10,10,8,24,12,14,22,10,10,6,18,8,12,20,10,10,4,12,4,10,18
B_RP_FR_FR_M_FR_F_G41_T05,7,10,10,8,24,12,14,22,10,10,10,30,15,15,25,10,10,10,30,15,15,25,10,10,6,18,9,13,19,10,10,7,21,10,13,21,10,10,9,27,13,14,24,10,10,6,18,9,13,19
B_RP_FR_U_U_U_U_G41_T05,7,10,10,10,30,20,20,20,10,10,10,30,20,20,20,10,10,10,30,20,20,20,10,10,10,30,20,20,20,10,10,7,21,14,17,17,10,10,10,30,20,20,20,10,10,10,30,20,20,20
B_RP_FR_US_M_U_U_G41_T05,7,10,10,10,30,15,15,25,10,10,10,30,15,15,25,10,10,10,30,15,15,25,10,10,10,30,15,15,25,10,10,6,18,9,13,19,10,10,6,18,9,13,19,10,10,6,18,9,13,19
B_RP_FR_ZH_M_U_U_G41_T05,7,10,10,10,30,15,15,25,10,10,9,27,14,15,23,10,10,10,30,15,15,25,10,10,10,30,15,15,25,10,10,10,30,15,15,25,10,10,7,21,10,13,21,10,10,5,15,7,12,18
B_RP_FR_ZH_F_U_U_G41_T05,7,10,10,10,30,20,20,20,10,10,10,30,20,20,20,10,10,8,24,16,18,18,10,10,10,30,20,20,20,10,10,10,30,20,20,20,10,10,10,30,20,20,20,10,10,10,30,20,20,20
B_RP_FR_US_F_U_U_G41_T05,7,10,10,10,30,15,15,25,10,10,7,21,10,13,21,10,10,8,24,12,14,22,10,10,9,27,13,14,24,10,10,6,18,9,13,19,10,10,10,30,15,15,25,10,10,9,27,13,14,24
B_RP_FR_U_U_ZH_M_G41_T05,7,10,10,10,30,15,15,25,10,10,10,30,15,15,25,10,10,10,30,15,15,25,10,10,10,30,15,15,25,10,10,8,24,12,14,22,10,10,7,21,10,13,21,10,10,7,21,10,13,21
B_RP_FR_FR_M_U_U_G41_T05,7,10,10,10,30,15,15,25,10,10,10,30,15,15,25,10,10,9,27,13,14,24,10,10,10,30,15,15,25,10,10,10,30,15,15,25,10,10,10,30,15,15,25,10,10,8,24,12,14,22
B_RP_FR_FR_F_U_U_G41_T05,7,10,10,10,30,15,15,25,10,10,10,30,15,15,25,10,10,10,30,15,15,25,10,10,9,27,13,14,24,10,10,10,30,15,15,25,10,10,6,18,7,11,21,10,10,3,9,3,10,16
B_RP_FR_ZH_M_ZH_M_G41_T05,7,10,10,10,30,20,20,20,10,10,10,30,20,20,20,10,10,10,30,20,20,20,10,10,10,30,20,20,20,10,10,10,30,20,20,20,10,10,9,27,18,19,19,10,10,9,27,18,19,19
B_RP_FR_ZH_F_ZH_M_G41_T05,7,10,10,10,30,20,20,20,10,10,10,30,20,20,20,10,10,10,30,20,20,20,10,10,10,30,20,20,20,10,10,10,30,20,20,20,10,10,10,30,20,20,20,10,10,9,27,18,19,19
B_RP_FR_US_M_ZH_M_G41_T05,7,10,10,10,30,20,20,20,10,10,10,30,20,20,20,10,10,9,27,18,19,19,10,10,10,30,20,20,20,10,10,10,30,20,20,20,10,10,10,30,20,20,20,10,10,10,30,20,20,20
B_RP_FR_FR_F_ZH_M_G41_T05,7,10,10,10,30,15,15,25,10,10,10,30,20,20,20,10,10,8,24,18,20,16,10,10,10,30,18,18,22,10,10,10,30,18,18,22,10,10,9,27,17,18,20,10,10,10,30,18,18,22
B_RP_FR_US_F_ZH_M_G41_T05,7,10,10,10,30,20,20,20,10,10,10,30,20,20,20,10,10,10,30,20,20,20,10,10,10,30,20,20,20,10,10,10,30,20,20,20,10,10,10,30,20,20,20,10,10,9,27,17,18,20
B_RP_FR_FR_M_ZH_M_G41_T05,7,10,10,10,30,15,15,25,10,10,10,30,15,15,25,10,10,10,30,15,15,25,10,10,10,30,15,15,25,10,10,10,30,15,15,25,10,10,7,21,10,13,21,10,10,9,27,13,14,24
B_RP_FR_U_U_ZH_F_G41_T05,7,10,10,10,30,15,15,25,10,10,5,15,7,12,18,10,10,5,15,7,12,18,10,10,9,27,13,14,24,10,10,9,27,13,14,24,10,10,7,21,10,13,21,10,10,3,9,4,11,15
B_RP_FR_ZH_M_ZH_F_G41_T05,7,10,10,10,30,15,15,25,10,10,10,30,15,15,25,10,10,8,24,12,14,22,10,10,10,30,15,15,25,10,10,10,30,15,15,25,10,10,10,30,15,15,25,10,10,9,27,13,14,24
B_RP_FR_US_F_ZH_F_G41_T05,7,10,10,10,30,15,15,25,10,10,10,30,15,15,25,10,10,10,30,15,15,25,10,10,9,27,13,14,24,10,10,7,21,10,13,21,10,10,6,18,8,12,20,10,10,2,6,3,11,13
B_RP_FR_ZH_F_ZH_F_G41_T05,7,10,10,10,30,20,20,20,10,10,9,27,18,19,19,10,10,7,21,14,17,17,10,10,10,30,20,20,20,10,10,10,30,20,20,20,10,10,10,30,20,20,20,10,10,7,21,14,17,17
B_RP_FR_FR_M_ZH_F_G41_T05,7,10,10,10,30,20,20,20,10,10,10,30,20,20,20,10,10,9,27,18,19,19,10,10,10,30,20,20,20,10,10,10,30,20,20,20,10,10,10,30,20,20,20,10,10,10,30,20,20,20
B_RP_FR_US_M_ZH_F_G41_T05,7,10,10,10,30,15,15,25,10,10,9,27,12,13,25,10,10,9,27,12,13,25,10,10,9,27,12,13,25,10,10,9,27,12,13,25,10,10,7,21,9,12,22,10,10,4,12,6,12,16
B_RP_FR_FR_F_ZH_F_G41_T05,7,10,10,10,30,20,20,20,10,10,10,30,20,20,20,10,10,9,27,18,19,19,10,10,9,27,18,19,19,10,10,10,30,20,20,20,10,10,10,30,20,20,20,10,10,10,30,20,20,20
B_RP_FR_ZH_M_US_M_G41_T05,7,10,10,10,30,20,20,20,10,10,10,30,20,20,20,10,10,9,27,18,19,19,10,10,9,27,18,19,19,10,10,10,30,20,20,20,10,10,10,30,20,20,20,10,10,9,27,18,19,19
B_RP_FR_US_M_US_M_G41_T05,7,10,10,10,30,15,15,25,10,10,10,30,20,20,20,10,10,10,30,20,20,20,10,10,10,30,20,20,20,10,10,10,30,20,20,20,10,10,10,30,20,20,20,10,10,8,24,16,18,18
B_RP_FR_U_U_US_M_G41_T05,7,10,10,10,30,20,20,20,10,10,10,30,20,20,20,10,10,10,30,20,20,20,10,10,10,30,20,20,20,10,10,9,27,18,19,19,10,10,8,24,16,18,18,10,10,9,27,18,19,19
B_RP_FR_US_F_US_M_G41_T05,7,10,10,10,30,15,15,25,10,10,8,24,12,14,22,10,10,10,30,15,15,25,10,10,10,30,15,15,25,10,10,10,30,15,15,25,10,10,10,30,15,15,25,10,10,9,27,13,14,24
B_RP_FR_FR_F_US_M_G41_T05,7,10,10,10,30,20,20,20,10,10,10,30,20,20,20,10,10,10,30,20,20,20,10,10,10,30,20,20,20,10,10,10,30,20,20,20,10,10,10,30,20,20,20,10,10,10,30,20,20,20
B_RP_FR_ZH_F_US_M_G41_T05,7,10,10,10,30,15,15,25,10,10,8,24,12,14,22,10,10,10,30,15,15,25,10,10,10,30,15,15,25,10,10,7,21,10,13,21,10,10,9,27,13,14,24,10,10,9,27,13,14,24
B_RP_FR_ZH_M_US_F_G41_T05,7,10,10,10,30,15,15,25,10,10,10,30,20,20,20,10,10,10,30,20,20,20,10,10,10,30,20,20,20,10,10,10,30,20,20,20,10,10,10,30,20,20,20,10,10,10,30,20,20,20
B_RP_FR_FR_M_US_M_G41_T05,7,10,10,10,30,20,20,20,10,10,10,30,20,20,20,10,10,10,30,20,20,20,10,10,10,30,20,20,20,10,10,10,30,20,20,20,10,10,10,30,20,20,20,10,10,8,24,16,18,18
B_RP_FR_U_U_US_F_G41_T05,7,10,10,10,30,15,15,25,10,10,8,24,12,14,22,10,10,4,12,6,12,16,10,10,7,21,10,13,21,10,10,9,27,13,14,24,10,10,10,30,15,15,25,10,10,7,21,10,13,21
B_RP_FR_ZH_F_US_F_G41_T05,7,10,10,10,30,20,20,20,10,10,10,30,20,20,20,10,10,9,27,18,19,19,10,10,10,30,20,20,20,10,10,10,30,20,20,20,10,10,10,30,20,20,20,10,10,10,30,20,20,20
B_RP_FR_US_M_US_F_G41_T05,7,10,10,10,30,15,15,25,10,10,10,30,15,15,25,10,10,10,30,15,15,25,10,10,10,30,15,15,25,10,10,10,30,15,15,25,10,10,10,30,15,15,25,10,10,8,24,12,14,22
B_RP_FR_US_F_US_F_G41_T05,7,10,10,10,30,15,15,25,10,10,8,24,14,16,20,10,10,10,30,15,15,25,10,10,10,30,15,15,25,10,10,10,30,15,15,25,10,10,10,30,15,15,25,10,10,7,21,11,14,20
B_RP_FR_FR_M_US_F_G41_T05,7,10,10,10,30,20,20,20,10,10,10,30,20,20,20,10,10,10,30,20,20,20,10,10,10,30,20,20,20,10,10,10,30,20,20,20,10,10,10,30,20,20,20,10,10,10,30,20,20,20
B_RP_FR_FR_F_US_F_G41_T05,7,10,10,10,30,15,15,25,10,10,10,30,15,15,25,10,10,10,30,15,15,25,10,10,10,30,15,15,25,10,10,9,27,13,14,24,10,10,10,30,15,15,25,10,10,8,24,12,14,22
B_RP_FR_ZH_M_FR_M_G41_T05,7,10,10,10,30,20,20,20,10,10,10,30,20,20,20,10,10,10,30,20,20,20,10,10,10,30,20,20,20,10,10,10,30,20,20,20,10,10,10,30,20,20,20,10,10,10,30,20,20,20
B_RP_FR_ZH_F_FR_M_G41_T05,7,10,10,10,30,20,20,20,10,10,10,30,20,20,20,10,10,10,30,20,20,20,10,10,10,30,20,20,20,10,10,10,30,20,20,20,10,10,10,30,20,20,20,10,10,9,27,18,19,19
B_RP_FR_US_M_FR_M_G41_T05,7,10,10,10,30,20,20,20,10,10,10,30,20,20,20,10,10,10,30,20,20,20,10,10,10,30,20,20,20,10,10,10,30,20,20,20,10,10,9,27,18,19,19,10,10,7,21,14,17,17
B_RP_FR_U_U_FR_M_G41_T05,7,10,10,10,30,15,15,25,10,10,7,21,10,13,21,10,10,10,30,15,15,25,10,10,10,30,15,15,25,10,10,10,30,15,15,25,10,10,10,30,15,15,25,10,10,8,24,12,14,22
B_RP_FR_US_F_FR_M_G41_T05,7,10,10,10,30,15,15,25,10,10,6,18,9,13,19,10,10,6,18,9,13,19,10,10,9,27,13,14,24,10,10,8,24,12,14,22,10,10,10,30,15,15,25,10,10,7,21,10,13,21
B_RP_FR_FR_M_FR_M_G41_T05,7,10,10,10,30,15,15,25,10,10,10,30,15,15,25,10,10,10,30,15,15,25,10,10,10,30,15,15,25,10,10,9,27,13,14,24,10,10,9,27,13,14,24,10,10,6,18,9,13,19
B_RP_FR_ZH_F_FR_F_G41_T05,7,10,10,10,30,20,20,20,10,10,10,30,20,20,20,10,10,10,30,20,20,20,10,10,10,30,20,20,20,10,10,8,24,16,18,18,10,10,10,30,20,20,20,10,10,8,24,16,18,18
B_RP_FR_U_U_FR_F_G41_T05,7,10,10,10,30,15,15,25,10,10,9,27,13,14,24,10,10,6,18,9,13,19,10,10,8,24,12,14,22,10,10,8,24,12,14,22,10,10,7,21,10,13,21,10,10,7,21,10,13,21
B_RP_FR_FR_F_FR_M_G41_T05,7,10,10,10,30,20,20,20,10,10,10,30,20,20,20,10,10,10,30,20,20,20,10,10,10,30,20,20,20,10,10,10,30,20,20,20,10,10,10,30,20,20,20,10,10,9,27,18,19,19
B_RP_FR_FR_F_FR_F_G41_T05,7,10,10,10,30,20,20,20,10,10,10,30,20,20,20,10,10,10,30,20,20,20,10,10,10,30,20,20,20,10,10,10,30,20,20,20,10,10,9,27,18,19,19,10,10,10,30,20,20,20
B_RP_FR_ZH_M_FR_F_G41_T05,7,10,10,10,30,20,20,20,10,10,10,30,20,20,20,10,10,10,30,20,20,20,10,10,10,30,20,20,20,10,10,10,30,20,20,20,10,10,9,27,18,19,19,10,10,8,24,16,18,18
B_RP_FR_FR_M_FR_F_G41_T05,7,10,10,10,30,20,20,20,10,10,10,30,20,20,20,10,10,10,30,20,20,20,10,10,10,30,20,20,20,10,10,10,30,20,20,20,10,10,10,30,20,20,20,10,10,10,30,20,20,20
B_RP_FR_US_F_FR_F_G41_T05,7,10,10,10,30,20,20,20,10,10,10,30,20,20,20,10,10,10,30,20,20,20,10,10,10,30,20,20,20,10,10,10,30,20,20,20,10,10,10,30,20,20,20,10,10,8,24,16,18,18
B_RP_FR_US_M_FR_F_G41_T05,7,10,10,10,30,15,15,25,10,10,10,30,15,15,25,10,10,10,30,15,15,25,10,10,10,30,15,15,25,10,10,10,30,15,15,25,10,10,7,21,10,13,21,10,10,6,18,8,12,20
A_RP_FR_U_U_U_U_G41_T07,7,10,10,7,21,2,5,29,10,10,4,12,2,8,20,10,10,3,9,0,7,19,10,10,1,3,2,11,11,10,10,2,6,1,9,15,10,10,1,3,2,11,11,10,10,1,3,0,9,13
A_RP_FR_U_U_ZH_M_G41_T07,7,10,10,5,15,4,9,21,10,10,7,21,1,4,30,10,10,3,9,1,8,18,10,10,2,6,1,9,15,10,10,1,3,1,10,12,10,10,1,3,1,10,12,10,10,1,3,0,9,13
A_RP_FR_U_U_US_M_G41_T07,7,10,10,5,15,2,7,23,10,10,5,15,4,9,21,10,10,5,15,1,6,24,10,10,3,9,3,10,16,10,10,4,12,1,7,21,10,10,3,9,2,9,17,10,10,3,9,0,7,19
A_RP_FR_U_U_ZH_F_G41_T07,7,10,10,5,15,3,8,22,10,10,6,18,1,5,27,10,10,4,12,2,8,20,10,10,4,12,2,8,20,10,10,4,12,3,9,19,10,10,4,12,3,9,19,10,10,4,12,0,6,22
A_RP_FR_U_U_US_F_G41_T07,7,10,10,5,15,2,7,23,10,10,4,12,3,9,19,10,10,3,9,1,8,18,10,10,2,6,2,10,14,10,10,2,6,1,9,15,10,10,1,3,1,10,12,10,10,1,3,0,9,13
A_RP_FR_U_U_FR_M_G41_T07,7,10,10,5,15,2,7,23,10,10,4,12,2,8,20,10,10,4,12,3,9,19,10,10,4,12,3,9,19,10,10,4,12,0,6,22,10,10,2,6,1,9,15,10,10,2,6,1,9,15
A_RP_FR_U_U_FR_F_G41_T07,7,10,10,5,15,3,8,22,10,10,5,15,3,8,22,10,10,5,15,1,6,24,10,10,3,9,2,9,17,10,10,3,9,2,9,17,10,10,3,9,0,7,19,10,10,1,3,0,9,13
A_RP_FR_ZH_M_ZH_M_G41_T07,7,10,10,5,15,2,7,23,10,10,6,18,1,5,27,10,10,4,12,3,9,19,10,10,4,12,3,9,19,10,10,4,12,1,7,21,10,10,4,12,4,10,18,10,10,4,12,0,6,22
A_RP_FR_ZH_M_U_U_G41_T07,7,10,10,5,15,2,7,23,10,10,3,9,3,10,16,10,10,4,12,2,8,20,10,10,4,12,1,7,21,10,10,4,12,2,8,20,10,10,4,12,1,7,21,10,10,4,12,0,6,22
A_RP_FR_ZH_M_ZH_F_G41_T07,7,10,10,5,15,3,8,22,10,10,6,18,3,7,25,10,10,6,18,3,7,25,10,10,6,18,3,7,25,10,10,6,18,2,6,26,10,10,5,15,0,5,25,10,10,3,9,0,7,19
A_RP_FR_ZH_M_US_M_G41_T07,7,10,10,5,15,2,7,23,10,10,4,12,3,9,19,10,10,4,12,1,7,21,10,10,3,9,1,8,18,10,10,2,6,0,8,16,10,10,1,3,2,11,11,10,10,1,3,0,9,13
A_RP_FR_ZH_M_FR_M_G41_T07,7,10,10,6,18,2,6,26,10,10,4,12,3,9,19,10,10,5,15,2,7,23,10,10,4,12,1,7,21,10,10,3,9,2,9,17,10,10,4,12,2,8,20,10,10,4,12,0,6,22
A_RP_FR_ZH_M_US_F_G41_T07,7,10,10,5,15,2,7,23,10,10,4,12,3,9,19,10,10,4,12,1,7,21,10,10,3,9,2,9,17,10,10,3,9,3,10,16,10,10,3,9,1,8,18,10,10,3,9,0,7,19
A_RP_FR_ZH_M_FR_F_G41_T07,7,10,10,5,15,2,7,23,10,10,4,12,2,8,20,10,10,3,9,2,9,17,10,10,2,6,2,10,14,10,10,1,3,2,11,11,10,10,0,0,0,10,10,10,10,0,0,0,10,10
A_RP_FR_ZH_F_ZH_F_G41_T07,7,10,10,5,15,4,9,21,10,10,5,15,1,6,24,10,10,3,9,2,9,17,10,10,3,9,2,9,17,10,10,3,9,3,10,16,10,10,3,9,0,7,19,10,10,2,6,0,8,16
A_RP_FR_ZH_F_ZH_M_G41_T07,7,10,10,5,15,2,7,23,10,10,4,12,0,6,22,10,10,2,6,3,11,13,10,10,2,6,0,8,16,10,10,1,3,0,9,13,10,10,0,0,1,11,9,10,10,0,0,0,10,10
A_RP_FR_ZH_F_U_U_G41_T07,7,10,10,6,18,2,6,26,10,10,4,12,1,7,21,10,10,2,6,3,11,13,10,10,3,9,1,8,18,10,10,2,6,1,9,15,10,10,1,3,0,9,13,10,10,1,3,0,9,13
A_RP_FR_ZH_F_US_M_G41_T07,7,10,10,6,18,3,7,25,10,10,7,21,4,7,27,10,10,8,24,1,3,33,10,10,5,15,4,9,21,10,10,6,18,2,6,26,10,10,6,18,2,6,26,10,10,5,15,0,5,25
A_RP_FR_ZH_F_US_F_G41_T07,7,10,10,5,15,2,7,23,10,10,4,12,1,7,21,10,10,3,9,2,9,17,10,10,3,9,2,9,17,10,10,3,9,1,8,18,10,10,2,6,2,10,14,10,10,2,6,0,8,16
A_RP_FR_US_M_ZH_M_G41_T07,7,10,10,5,15,3,8,22,10,10,6,18,1,5,27,10,10,3,9,3,10,16,10,10,4,12,1,7,21,10,10,3,9,0,7,19,10,10,2,6,1,9,15,10,10,1,3,0,9,13
A_RP_FR_US_M_U_U_G41_T07,7,10,10,7,21,3,6,28,10,10,5,15,1,6,24,10,10,4,12,1,7,21,10,10,3,9,1,8,18,10,10,2,6,1,9,15,10,10,1,3,2,11,11,10,10,0,0,0,10,10
A_RP_FR_ZH_F_FR_F_G41_T07,7,10,10,6,18,1,5,27,10,10,4,12,2,8,20,10,10,3,9,0,7,19,10,10,1,3,1,10,12,10,10,2,6,1,9,15,10,10,2,6,3,11,13,10,10,2,6,0,8,16
A_RP_FR_ZH_F_FR_M_G41_T07,7,10,10,7,21,3,6,28,10,10,6,18,2,6,26,10,10,5,15,2,7,23,10,10,4,12,1,7,21,10,10,3,9,2,9,17,10,10,2,6,0,8,16,10,10,1,3,0,9,13
A_RP_FR_US_M_ZH_F_G41_T07,7,10,10,6,18,3,7,25,10,10,7,21,4,7,27,10,10,8,24,3,5,31,10,10,7,21,2,5,29,10,10,6,18,2,6,26,10,10,5,15,2,7,23,10,10,5,15,0,5,25
A_RP_FR_US_M_US_F_G41_T07,7,10,10,5,15,2,7,23,10,10,4,12,2,8,20,10,10,3,9,2,9,17,10,10,2,6,1,9,15,10,10,1,3,1,10,12,10,10,0,0,4,14,6,10,10,1,3,1,10,12
A_RP_FR_US_M_FR_M_G41_T07,7,10,10,7,21,4,7,27,10,10,7,21,2,5,29,10,10,5,15,2,7,23,10,10,4,12,1,7,21,10,10,3,9,4,11,15,10,10,3,9,2,9,17,10,10,3,9,0,7,19
A_RP_FR_US_M_US_M_G41_T07,7,10,10,7,21,2,5,29,10,10,5,15,3,8,22,10,10,4,12,3,9,19,10,10,4,12,2,8,20,10,10,4,12,1,7,21,10,10,3,9,2,9,17,10,10,3,9,0,7,19
A_RP_FR_US_F_U_U_G41_T07,7,10,10,5,15,2,7,23,10,10,4,12,2,8,20,10,10,3,9,1,8,18,10,10,2,6,0,8,16,10,10,1,3,1,10,12,10,10,0,0,1,11,9,10,10,0,0,0,10,10
A_RP_FR_US_F_ZH_M_G41_T07,7,10,10,5,15,2,7,23,10,10,4,12,1,7,21,10,10,3,9,1,8,18,10,10,2,6,2,10,14,10,10,2,6,2,10,14,10,10,2,6,2,10,14,10,10,2,6,0,8,16
A_RP_FR_US_M_FR_F_G41_T07,7,10,10,6,18,3,7,25,10,10,7,21,3,6,28,10,10,5,15,2,7,23,10,10,5,15,1,6,24,10,10,4,12,1,7,21,10,10,3,9,3,10,16,10,10,4,12,0,6,22
A_RP_FR_US_F_US_M_G41_T07,7,10,10,7,21,1,4,30,10,10,4,12,2,8,20,10,10,2,6,2,10,14,10,10,2,6,2,10,14,10,10,2,6,0,8,16,10,10,1,3,3,12,10,10,10,1,3,0,9,13
A_RP_FR_US_F_ZH_F_G41_T07,7,10,10,7,21,2,5,29,10,10,5,15,1,6,24,10,10,3,9,3,10,16,10,10,2,6,0,8,16,10,10,1,3,2,11,11,10,10,2,6,1,9,15,10,10,2,6,0,8,16
A_RP_FR_US_F_US_F_G41_T07,7,10,10,6,18,3,7,25,10,10,6,18,2,6,26,10,10,4,12,2,8,20,10,10,3,9,1,8,18,10,10,2,6,0,8,16,10,10,1,3,2,11,11,10,10,1,3,2,11,11
A_RP_FR_FR_M_U_U_G41_T07,7,10,10,6,18,2,6,26,10,10,4,12,0,6,22,10,10,2,6,2,10,14,10,10,3,9,0,7,19,10,10,1,3,2,11,11,10,10,1,3,1,10,12,10,10,1,3,0,9,13
A_RP_FR_US_F_FR_M_G41_T07,7,10,10,6,18,2,6,26,10,10,5,15,1,6,24,10,10,4,12,2,8,20,10,10,4,12,2,8,20,10,10,4,12,2,8,20,10,10,4,12,3,9,19,10,10,4,12,0,6,22
A_RP_FR_FR_M_ZH_M_G41_T07,7,10,10,5,15,3,8,22,10,10,6,18,2,6,26,10,10,4,12,0,6,22,10,10,2,6,3,11,13,10,10,3,9,3,10,16,10,10,2,6,3,11,13,10,10,2,6,0,8,16
A_RP_FR_US_F_FR_F_G41_T07,7,10,10,5,15,3,8,22,10,10,6,18,0,4,28,10,10,2,6,2,10,14,10,10,3,9,3,10,16,10,10,3,9,2,9,17,10,10,2,6,3,11,13,10,10,2,6,0,8,16
A_RP_FR_FR_M_US_F_G41_T07,7,10,10,5,15,3,8,22,10,10,6,18,3,7,25,10,10,7,21,3,6,28,10,10,8,24,2,4,32,10,10,7,21,1,4,30,10,10,5,15,2,7,23,10,10,4,12,0,6,22
A_RP_FR_FR_M_ZH_F_G41_T07,7,10,10,5,15,2,7,23,10,10,4,12,3,9,19,10,10,4,12,2,8,20,10,10,4,12,3,9,19,10,10,4,12,3,9,19,10,10,4,12,2,8,20,10,10,4,12,0,6,22
A_RP_FR_FR_M_US_M_G41_T07,7,10,10,7,21,2,5,29,10,10,5,15,1,6,24,10,10,3,9,3,10,16,10,10,2,6,2,10,14,10,10,2,6,2,10,14,10,10,2,6,3,11,13,10,10,2,6,0,8,16
A_RP_FR_FR_M_FR_M_G41_T07,7,10,10,5,15,2,7,23,10,10,6,18,3,7,25,10,10,7,21,2,5,29,10,10,6,18,2,6,26,10,10,5,15,2,7,23,10,10,5,15,3,8,22,10,10,5,15,0,5,25
A_RP_FR_FR_F_U_U_G41_T07,7,10,10,5,15,2,7,23,10,10,5,15,2,7,23,10,10,5,15,0,5,25,10,10,2,6,3,11,13,10,10,1,3,2,11,11,10,10,1,3,2,11,11,10,10,0,0,0,10,10
A_RP_FR_FR_F_ZH_M_G41_T07,7,10,10,5,15,1,6,24,10,10,3,9,2,9,17,10,10,2,6,1,9,15,10,10,2,6,2,10,14,10,10,2,6,0,8,16,10,10,1,3,3,12,10,10,10,2,6,0,8,16
A_RP_FR_FR_M_FR_F_G41_T07,7,10,10,7,21,2,5,29,10,10,5,15,3,8,22,10,10,6,18,3,7,25,10,10,6,18,2,6,26,10,10,5,15,2,7,23,10,10,5,15,2,7,23,10,10,5,15,1,6,24
A_RP_FR_FR_F_ZH_F_G41_T07,7,10,10,5,15,2,7,23,10,10,4,12,2,8,20,10,10,3,9,3,10,16,10,10,3,9,1,8,18,10,10,3,9,1,8,18,10,10,2,6,3,11,13,10,10,2,6,0,8,16
A_RP_FR_FR_F_FR_M_G41_T07,7,10,10,7,21,3,6,28,10,10,6,18,1,5,27,10,10,4,12,2,8,20,10,10,3,9,0,7,19,10,10,2,6,2,10,14,10,10,2,6,1,9,15,10,10,2,6,0,8,16
A_RP_FR_FR_F_US_M_G41_T07,7,10,10,5,15,2,7,23,10,10,4,12,2,8,20,10,10,3,9,3,10,16,10,10,3,9,2,9,17,10,10,3,9,2,9,17,10,10,3,9,1,8,18,10,10,3,9,0,7,19
A_RP_FR_FR_F_FR_F_G41_T07,7,10,10,6,18,3,7,25,10,10,7,21,1,4,30,10,10,4,12,0,6,22,10,10,2,6,2,10,14,10,10,3,9,0,7,19,10,10,1,3,3,12,10,10,10,2,6,1,9,15
A_RP_FR_FR_F_US_F_G41_T07,7,10,10,5,15,2,7,23,10,10,4,12,2,8,20,10,10,3,9,0,7,19,10,10,2,6,2,10,14,10,10,1,3,2,11,11,10,10,2,6,1,9,15,10,10,1,3,0,9,13
B_RP_FR_U_U_U_U_G41_T07,7,10,10,0,0,0,10,10,10,10,0,0,0,10,10,10,10,0,0,0,10,10,10,10,0,0,0,10,10,10,10,1,3,0,9,13,10,10,2,6,0,8,16,10,10,0,0,0,10,10
B_RP_FR_ZH_F_U_U_G41_T07,7,10,10,0,0,0,10,10,10,10,1,3,0,9,13,10,10,0,0,0,10,10,10,10,2,6,0,8,16,10,10,2,6,0,8,16,10,10,0,0,0,10,10,10,10,0,0,0,10,10
B_RP_FR_ZH_M_U_U_G41_T07,7,10,10,0,0,0,10,10,10,10,0,0,0,10,10,10,10,0,0,0,10,10,10,10,1,3,0,9,13,10,10,3,9,0,7,19,10,10,5,15,0,5,25,10,10,2,6,0,8,16
B_RP_FR_US_M_U_U_G41_T07,7,10,10,0,0,0,10,10,10,10,1,3,0,9,13,10,10,3,9,0,7,19,10,10,0,0,0,10,10,10,10,0,0,0,10,10,10,10,2,6,0,8,16,10,10,0,0,0,10,10
B_RP_FR_US_F_U_U_G41_T07,7,10,10,0,0,0,10,10,10,10,0,0,0,10,10,10,10,2,6,0,8,16,10,10,1,3,0,9,13,10,10,3,9,0,7,19,10,10,4,12,0,6,22,10,10,0,0,0,10,10
B_RP_FR_FR_F_U_U_G41_T07,7,10,10,0,0,0,10,10,10,10,1,3,0,9,13,10,10,0,0,0,10,10,10,10,1,3,0,9,13,10,10,0,0,0,10,10,10,10,0,0,0,10,10,10,10,0,0,0,10,10
B_RP_FR_FR_M_U_U_G41_T07,7,10,10,0,0,0,10,10,10,10,0,0,0,10,10,10,10,2,6,0,8,16,10,10,0,0,0,10,10,10,10,0,0,0,10,10,10,10,0,0,0,10,10,10,10,1,3,0,9,13
B_RP_FR_ZH_F_ZH_M_G41_T07,7,10,10,0,0,0,10,10,10,10,0,0,0,10,10,10,10,0,0,0,10,10,10,10,0,0,0,10,10,10,10,5,15,0,5,25,10,10,2,6,0,8,16,10,10,0,0,0,10,10
B_RP_FR_U_U_ZH_M_G41_T07,7,10,10,0,0,0,10,10,10,10,4,12,0,6,22,10,10,0,0,0,10,10,10,10,2,6,0,8,16,10,10,2,6,0,8,16,10,10,2,6,0,8,16,10,10,0,0,0,10,10
B_RP_FR_ZH_M_ZH_M_G41_T07,7,10,10,0,0,0,10,10,10,10,4,12,2,8,20,10,10,2,6,1,9,15,10,10,3,9,1,8,18,10,10,2,6,1,9,15,10,10,0,0,0,10,10,10,10,0,0,0,10,10
B_RP_FR_US_M_ZH_M_G41_T07,7,10,10,0,0,0,10,10,10,10,2,6,0,8,16,10,10,0,0,0,10,10,10,10,2,6,0,8,16,10,10,2,6,0,8,16,10,10,4,12,0,6,22,10,10,0,0,0,10,10
B_RP_FR_US_F_ZH_M_G41_T07,7,10,10,0,0,0,10,10,10,10,0,0,0,10,10,10,10,5,15,0,5,25,10,10,2,6,0,8,16,10,10,0,0,0,10,10,10,10,0,0,0,10,10,10,10,0,0,0,10,10
B_RP_FR_U_U_ZH_F_G41_T07,7,10,10,0,0,0,10,10,10,10,0,0,0,10,10,10,10,2,6,0,8,16,10,10,1,3,0,9,13,10,10,3,9,0,7,19,10,10,1,3,0,9,13,10,10,0,0,0,10,10
B_RP_FR_FR_M_ZH_M_G41_T07,7,10,10,0,0,0,10,10,10,10,2,6,0,8,16,10,10,3,9,0,7,19,10,10,1,3,0,9,13,10,10,3,9,0,7,19,10,10,0,0,0,10,10,10,10,0,0,0,10,10
B_RP_FR_FR_F_ZH_M_G41_T07,7,10,10,0,0,0,10,10,10,10,0,0,0,10,10,10,10,0,0,0,10,10,10,10,0,0,0,10,10,10,10,0,0,0,10,10,10,10,0,0,0,10,10,10,10,2,6,0,8,16
B_RP_FR_ZH_F_ZH_F_G41_T07,7,10,10,0,0,0,10,10,10,10,4,12,6,12,16,10,10,8,24,12,14,22,10,10,10,30,15,15,25,10,10,8,24,12,14,22,10,10,8,24,12,14,22,10,10,5,15,7,12,18
B_RP_FR_US_M_ZH_F_G41_T07,7,10,10,0,0,0,10,10,10,10,0,0,0,10,10,10,10,3,9,0,7,19,10,10,0,0,0,10,10,10,10,1,3,0,9,13,10,10,4,12,0,6,22,10,10,0,0,0,10,10
B_RP_FR_US_F_ZH_F_G41_T07,7,10,10,0,0,0,10,10,10,10,1,3,0,9,13,10,10,2,6,0,8,16,10,10,0,0,0,10,10,10,10,1,3,0,9,13,10,10,0,0,0,10,10,10,10,0,0,0,10,10
B_RP_FR_FR_M_ZH_F_G41_T07,7,10,10,0,0,0,10,10,10,10,0,0,0,10,10,10,10,0,0,0,10,10,10,10,2,6,0,8,16,10,10,3,9,0,7,19,10,10,0,0,0,10,10,10,10,0,0,0,10,10
B_RP_FR_ZH_M_ZH_F_G41_T07,7,10,10,0,0,0,10,10,10,10,2,6,0,8,16,10,10,0,0,0,10,10,10,10,2,6,0,8,16,10,10,3,9,0,7,19,10,10,2,6,0,8,16,10,10,0,0,0,10,10
B_RP_FR_U_U_US_M_G41_T07,7,10,10,0,0,0,10,10,10,10,0,0,0,10,10,10,10,0,0,0,10,10,10,10,0,0,0,10,10,10,10,0,0,0,10,10,10,10,0,0,0,10,10,10,10,0,0,0,10,10
B_RP_FR_FR_F_ZH_F_G41_T07,7,10,10,0,0,0,10,10,10,10,1,3,0,9,13,10,10,3,9,0,7,19,10,10,0,0,0,10,10,10,10,1,3,0,9,13,10,10,0,0,0,10,10,10,10,0,0,0,10,10
B_RP_FR_ZH_F_US_M_G41_T07,7,10,10,0,0,0,10,10,10,10,0,0,0,10,10,10,10,0,0,0,10,10,10,10,3,9,0,7,19,10,10,1,3,0,9,13,10,10,1,3,0,9,13,10,10,0,0,0,10,10
B_RP_FR_ZH_M_US_M_G41_T07,7,10,10,0,0,0,10,10,10,10,0,0,0,10,10,10,10,3,9,0,7,19,10,10,2,6,0,8,16,10,10,0,0,0,10,10,10,10,1,3,0,9,13,10,10,0,0,0,10,10
B_RP_FR_US_M_US_M_G41_T07,7,10,10,0,0,0,10,10,10,10,1,3,0,9,13,10,10,0,0,0,10,10,10,10,5,15,0,5,25,10,10,6,18,0,4,28,10,10,2,6,0,8,16,10,10,1,3,0,9,13
B_RP_FR_US_F_US_M_G41_T07,7,10,10,0,0,0,10,10,10,10,4,12,2,8,20,10,10,6,18,6,10,22,10,10,9,27,12,13,25,10,10,8,24,12,14,22,10,10,9,27,12,13,25,10,10,5,15,7,12,18
B_RP_FR_U_U_US_F_G41_T07,7,10,10,0,0,0,10,10,10,10,0,0,0,10,10,10,10,2,6,0,8,16,10,10,0,0,0,10,10,10,10,0,0,0,10,10,10,10,0,0,0,10,10,10,10,0,0,0,10,10
B_RP_FR_FR_M_US_M_G41_T07,7,10,10,0,0,0,10,10,10,10,3,9,1,8,18,10,10,4,12,2,8,20,10,10,1,3,0,9,13,10,10,2,6,1,9,15,10,10,4,12,2,8,20,10,10,1,3,0,9,13
B_RP_FR_ZH_M_US_F_G41_T07,7,10,10,0,0,0,10,10,10,10,1,3,0,9,13,10,10,0,0,0,10,10,10,10,0,0,0,10,10,10,10,0,0,0,10,10,10,10,2,6,0,8,16,10,10,0,0,0,10,10
B_RP_FR_FR_F_US_M_G41_T07,7,10,10,0,0,0,10,10,10,10,0,0,0,10,10,10,10,2,6,0,8,16,10,10,0,0,0,10,10,10,10,0,0,0,10,10,10,10,0,0,0,10,10,10,10,0,0,0,10,10
B_RP_FR_US_M_US_F_G41_T07,7,10,10,0,0,0,10,10,10,10,0,0,0,10,10,10,10,1,3,0,9,13,10,10,1,3,0,9,13,10,10,1,3,0,9,13,10,10,0,0,0,10,10,10,10,3,9,0,7,19
B_RP_FR_ZH_F_US_F_G41_T07,7,10,10,0,0,0,10,10,10,10,0,0,0,10,10,10,10,1,3,0,9,13,10,10,3,9,0,7,19,10,10,1,3,0,9,13,10,10,0,0,0,10,10,10,10,2,6,0,8,16
B_RP_FR_US_F_US_F_G41_T07,7,10,10,0,0,0,10,10,10,10,1,3,0,9,13,10,10,0,0,0,10,10,10,10,2,6,0,8,16,10,10,1,3,0,9,13,10,10,4,12,0,6,22,10,10,2,6,0,8,16
B_RP_FR_FR_F_US_F_G41_T07,7,10,10,0,0,0,10,10,10,10,0,0,0,10,10,10,10,1,3,0,9,13,10,10,0,0,0,10,10,10,10,1,3,0,9,13,10,10,2,6,0,8,16,10,10,0,0,0,10,10
B_RP_FR_U_U_FR_M_G41_T07,7,10,10,0,0,0,10,10,10,10,0,0,0,10,10,10,10,1,3,0,9,13,10,10,1,3,0,9,13,10,10,0,0,0,10,10,10,10,2,6,0,8,16,10,10,1,3,0,9,13
B_RP_FR_FR_M_US_F_G41_T07,7,10,10,0,0,0,10,10,10,10,1,3,0,9,13,10,10,0,0,0,10,10,10,10,1,3,0,9,13,10,10,0,0,0,10,10,10,10,1,3,0,9,13,10,10,1,3,0,9,13
B_RP_FR_US_M_FR_M_G41_T07,7,10,10,0,0,0,10,10,10,10,0,0,0,10,10,10,10,0,0,0,10,10,10,10,2,6,0,8,16,10,10,0,0,0,10,10,10,10,1,3,0,9,13,10,10,1,3,0,9,13
B_RP_FR_ZH_M_FR_M_G41_T07,7,10,10,0,0,0,10,10,10,10,2,6,0,8,16,10,10,0,0,0,10,10,10,10,1,3,0,9,13,10,10,0,0,0,10,10,10,10,0,0,0,10,10,10,10,0,0,0,10,10
B_RP_FR_US_F_FR_M_G41_T07,7,10,10,0,0,0,10,10,10,10,0,0,0,10,10,10,10,0,0,0,10,10,10,10,3,9,0,7,19,10,10,3,9,0,7,19,10,10,1,3,0,9,13,10,10,0,0,0,10,10
B_RP_FR_ZH_F_FR_M_G41_T07,7,10,10,0,0,0,10,10,10,10,0,0,0,10,10,10,10,2,6,0,8,16,10,10,3,9,0,7,19,10,10,2,6,0,8,16,10,10,1,3,0,9,13,10,10,1,3,0,9,13
B_RP_FR_FR_M_FR_M_G41_T07,7,10,10,0,0,0,10,10,10,10,0,0,0,10,10,10,10,0,0,0,10,10,10,10,2,6,0,8,16,10,10,0,0,0,10,10,10,10,0,0,0,10,10,10,10,0,0,0,10,10
B_RP_FR_U_U_FR_F_G41_T07,7,10,10,0,0,0,10,10,10,10,1,3,0,9,13,10,10,1,3,0,9,13,10,10,3,9,0,7,19,10,10,4,12,0,6,22,10,10,2,6,0,8,16,10,10,1,3,0,9,13
B_RP_FR_FR_F_FR_M_G41_T07,7,10,10,0,0,0,10,10,10,10,1,3,0,9,13,10,10,2,6,0,8,16,10,10,0,0,0,10,10,10,10,1,3,0,9,13,10,10,0,0,0,10,10,10,10,1,3,0,9,13
B_RP_FR_FR_M_FR_F_G41_T07,7,10,10,0,0,0,10,10,10,10,4,12,2,8,20,10,10,1,3,1,10,12,10,10,1,3,1,10,12,10,10,2,6,1,9,15,10,10,3,9,1,8,18,10,10,2,6,1,9,15
B_RP_FR_ZH_F_FR_F_G41_T07,7,10,10,0,0,0,10,10,10,10,1,3,0,9,13,10,10,0,0,0,10,10,10,10,4,12,0,6,22,10,10,1,3,0,9,13,10,10,0,0,0,10,10,10,10,0,0,0,10,10
B_RP_FR_ZH_M_FR_F_G41_T07,7,10,10,0,0,0,10,10,10,10,0,0,0,10,10,10,10,2,6,1,9,15,10,10,4,12,2,8,20,10,10,5,15,3,8,22,10,10,5,15,3,8,22,10,10,0,0,0,10,10
B_RP_FR_US_M_FR_F_G41_T07,7,10,10,0,0,0,10,10,10,10,3,9,1,8,18,10,10,3,9,1,8,18,10,10,3,9,1,8,18,10,10,0,0,0,10,10,10,10,5,15,2,7,23,10,10,2,6,1,9,15
B_RP_FR_US_F_FR_F_G41_T07,7,10,10,0,0,0,10,10,10,10,0,0,0,10,10,10,10,0,0,0,10,10,10,10,0,0,0,10,10,10,10,0,0,0,10,10,10,10,3,9,0,7,19,10,10,0,0,0,10,10
B_RP_FR_FR_F_FR_F_G41_T07,7,10,10,0,0,0,10,10,10,10,1,3,0,9,13,10,10,0,0,0,10,10,10,10,0,0,0,10,10,10,10,0,0,0,10,10,10,10,0,0,0,10,10,10,10,1,3,0,9,13
B_RP_FR_ZH_M_U_U_G41_T07,7,10,10,2,6,1,9,15,10,10,3,9,2,9,17,10,10,4,12,3,9,19,10,10,3,9,2,9,17,10,10,2,6,1,9,15,10,10,0,0,0,10,10,10,10,3,9,2,9,17
B_RP_FR_US_M_U_U_G41_T07,7,10,10,2,6,1,9,15,10,10,0,0,0,10,10,10,10,3,9,2,9,17,10,10,5,15,5,10,20,10,10,6,18,6,10,22,10,10,3,9,2,9,17,10,10,3,9,2,9,17
B_RP_FR_U_U_U_U_G41_T07,7,10,10,2,6,3,11,13,10,10,7,21,10,13,21,10,10,8,24,12,14,22,10,10,10,30,15,15,25,10,10,10,30,15,15,25,10,10,10,30,15,15,25,10,10,10,30,15,15,25
B_RP_FR_ZH_F_U_U_G41_T07,7,10,10,2,6,1,9,15,10,10,7,21,5,8,26,10,10,5,15,7,12,18,10,10,8,24,10,12,24,10,10,8,24,10,12,24,10,10,5,15,7,12,18,10,10,4,12,4,10,18
B_RP_FR_FR_M_U_U_G41_T07,7,10,10,2,6,1,9,15,10,10,3,9,2,9,17,10,10,5,15,4,9,21,10,10,3,9,2,9,17,10,10,1,3,0,9,13,10,10,2,6,1,9,15,10,10,1,3,0,9,13
B_RP_FR_US_F_U_U_G41_T07,7,10,10,2,6,1,9,15,10,10,4,12,3,9,19,10,10,3,9,2,9,17,10,10,2,6,1,9,15,10,10,0,0,0,10,10,10,10,2,6,1,9,15,10,10,0,0,0,10,10
B_RP_FR_FR_F_U_U_G41_T07,7,10,10,2,6,1,9,15,10,10,1,3,0,9,13,10,10,3,9,1,8,18,10,10,3,9,1,8,18,10,10,0,0,0,10,10,10,10,2,6,1,9,15,10,10,0,0,0,10,10
B_RP_FR_U_U_ZH_M_G41_T07,7,10,10,2,6,1,9,15,10,10,5,15,3,8,22,10,10,6,18,4,8,24,10,10,4,12,2,8,20,10,10,1,3,0,9,13,10,10,4,12,2,8,20,10,10,3,9,1,8,18
B_RP_FR_ZH_F_ZH_M_G41_T07,7,10,10,2,6,3,11,13,10,10,5,15,6,11,19,10,10,9,27,13,14,24,10,10,9,27,13,14,24,10,10,10,30,14,14,26,10,10,10,30,14,14,26,10,10,6,18,8,12,20
B_RP_FR_ZH_M_ZH_M_G41_T07,7,10,10,2,6,3,11,13,10,10,4,12,6,12,16,10,10,2,6,3,11,13,10,10,4,12,6,12,16,10,10,10,30,15,15,25,10,10,8,24,12,14,22,10,10,10,30,15,15,25
B_RP_FR_US_M_ZH_M_G41_T07,7,10,10,2,6,2,10,14,10,10,2,6,2,10,14,10,10,7,21,7,10,24,10,10,4,12,4,10,18,10,10,4,12,4,10,18,10,10,4,12,4,10,18,10,10,3,9,3,10,16
B_RP_FR_FR_M_ZH_M_G41_T07,7,10,10,2,6,1,9,15,10,10,3,9,2,9,17,10,10,2,6,1,9,15,10,10,1,3,0,9,13,10,10,2,6,1,9,15,10,10,1,3,0,9,13,10,10,0,0,0,10,10
B_RP_FR_US_F_ZH_M_G41_T07,7,10,10,2,6,2,10,14,10,10,4,12,4,10,18,10,10,5,15,5,10,20,10,10,6,18,6,10,22,10,10,5,15,5,10,20,10,10,1,3,1,10,12,10,10,0,0,0,10,10
B_RP_FR_U_U_ZH_F_G41_T07,7,10,10,2,6,1,9,15,10,10,0,0,0,10,10,10,10,1,3,0,9,13,10,10,0,0,0,10,10,10,10,0,0,0,10,10,10,10,2,6,1,9,15,10,10,0,0,0,10,10
B_RP_FR_FR_F_ZH_M_G41_T07,7,10,10,2,6,1,9,15,10,10,3,9,1,8,18,10,10,4,12,2,8,20,10,10,6,18,3,7,25,10,10,2,6,1,9,15,10,10,3,9,1,8,18,10,10,0,0,0,10,10
B_RP_FR_ZH_M_ZH_F_G41_T07,7,10,10,2,6,2,10,14,10,10,8,24,10,12,24,10,10,8,24,12,14,22,10,10,9,27,14,15,23,10,10,9,27,13,14,24,10,10,9,27,13,14,24,10,10,7,21,10,13,21
B_RP_FR_ZH_F_ZH_F_G41_T07,7,10,10,2,6,1,9,15,10,10,4,12,2,8,20,10,10,4,12,2,8,20,10,10,3,9,1,8,18,10,10,1,3,0,9,13,10,10,0,0,0,10,10,10,10,0,0,0,10,10
B_RP_FR_FR_M_ZH_F_G41_T07,7,10,10,2,6,1,9,15,10,10,4,12,2,8,20,10,10,1,3,0,9,13,10,10,1,3,0,9,13,10,10,2,6,1,9,15,10,10,4,12,2,8,20,10,10,0,0,0,10,10
B_RP_FR_US_M_ZH_F_G41_T07,7,10,10,2,6,2,10,14,10,10,3,9,4,11,15,10,10,4,12,6,12,16,10,10,7,21,10,13,21,10,10,9,27,13,14,24,10,10,10,30,15,15,25,10,10,10,30,15,15,25
B_RP_FR_FR_F_ZH_F_G41_T07,7,10,10,2,6,1,9,15,10,10,0,0,0,10,10,10,10,3,9,2,9,17,10,10,1,3,1,10,12,10,10,6,18,4,8,24,10,10,5,15,3,8,22,10,10,3,9,2,9,17
B_RP_FR_US_F_ZH_F_G41_T07,7,10,10,2,6,1,9,15,10,10,1,3,0,9,13,10,10,3,9,2,9,17,10,10,3,9,2,9,17,10,10,0,0,0,10,10,10,10,0,0,0,10,10,10,10,0,0,0,10,10
B_RP_FR_ZH_F_US_M_G41_T07,7,10,10,2,6,2,10,14,10,10,0,0,0,10,10,10,10,3,9,3,10,16,10,10,3,9,3,10,16,10,10,6,18,6,10,22,10,10,2,6,2,10,14,10,10,1,3,1,10,12
B_RP_FR_U_U_US_M_G41_T07,7,10,10,2,6,1,9,15,10,10,4,12,2,8,20,10,10,4,12,2,8,20,10,10,3,9,1,8,18,10,10,3,9,1,8,18,10,10,2,6,1,9,15,10,10,5,15,2,7,23
B_RP_FR_ZH_M_US_M_G41_T07,7,10,10,2,6,2,10,14,10,10,1,3,1,10,12,10,10,4,12,3,9,19,10,10,3,9,2,9,17,10,10,4,12,3,9,19,10,10,6,18,4,8,24,10,10,2,6,2,10,14
B_RP_FR_US_M_US_M_G41_T07,7,10,10,2,6,2,10,14,10,10,0,0,0,10,10,10,10,3,9,3,10,16,10,10,6,18,6,10,22,10,10,6,18,6,10,22,10,10,5,15,5,10,20,10,10,6,18,6,10,22
B_RP_FR_US_F_US_M_G41_T07,7,10,10,2,6,3,11,13,10,10,4,12,6,12,16,10,10,8,24,12,14,22,10,10,10,30,15,15,25,10,10,10,30,15,15,25,10,10,10,30,15,15,25,10,10,8,24,12,14,22
B_RP_FR_FR_M_US_M_G41_T07,7,10,10,2,6,1,9,15,10,10,3,9,2,9,17,10,10,8,24,7,9,27,10,10,6,18,6,10,22,10,10,4,12,3,9,19,10,10,2,6,1,9,15,10,10,2,6,1,9,15
B_RP_FR_ZH_M_US_F_G41_T07,7,10,10,2,6,1,9,15,10,10,1,3,0,9,13,10,10,1,3,0,9,13,10,10,0,0,0,10,10,10,10,0,0,0,10,10,10,10,0,0,0,10,10,10,10,0,0,0,10,10
B_RP_FR_FR_F_US_M_G41_T07,7,10,10,2,6,1,9,15,10,10,0,0,0,10,10,10,10,1,3,0,9,13,10,10,0,0,0,10,10,10,10,3,9,1,8,18,10,10,4,12,2,8,20,10,10,5,15,2,7,23
B_RP_FR_U_U_US_F_G41_T07,7,10,10,2,6,1,9,15,10,10,3,9,2,9,17,10,10,5,15,4,9,21,10,10,4,12,3,9,19,10,10,8,24,6,8,28,10,10,8,24,6,8,28,10,10,7,21,5,8,26
B_RP_FR_ZH_F_US_F_G41_T07,7,10,10,2,6,3,11,13,10,10,2,6,3,11,13,10,10,6,18,9,13,19,10,10,9,27,13,14,24,10,10,10,30,15,15,25,10,10,8,24,12,14,22,10,10,8,24,12,14,22
B_RP_FR_US_M_US_F_G41_T07,7,10,10,2,6,1,9,15,10,10,1,3,0,9,13,10,10,0,0,0,10,10,10,10,0,0,0,10,10,10,10,0,0,0,10,10,10,10,0,0,0,10,10,10,10,0,0,0,10,10
B_RP_FR_US_F_US_F_G41_T07,7,10,10,2,6,1,9,15,10,10,3,9,2,9,17,10,10,4,12,3,9,19,10,10,3,9,2,9,17,10,10,6,18,4,8,24,10,10,5,15,3,8,22,10,10,4,12,3,9,19
B_RP_FR_FR_M_US_F_G41_T07,7,10,10,2,6,1,9,15,10,10,4,12,2,8,20,10,10,2,6,1,9,15,10,10,1,3,0,9,13,10,10,2,6,1,9,15,10,10,2,6,1,9,15,10,10,0,0,0,10,10
B_RP_FR_FR_F_US_F_G41_T07,7,10,10,2,6,1,9,15,10,10,0,0,0,10,10,10,10,0,0,0,10,10,10,10,1,3,0,9,13,10,10,1,3,0,9,13,10,10,0,0,0,10,10,10,10,0,0,0,10,10
B_RP_FR_ZH_M_FR_M_G41_T07,7,10,10,2,6,1,9,15,10,10,7,21,8,11,23,10,10,7,21,8,11,23,10,10,7,21,8,11,23,10,10,8,24,9,11,25,10,10,9,27,10,11,27,10,10,5,15,6,11,19
B_RP_FR_U_U_FR_M_G41_T07,7,10,10,2,6,2,10,14,10,10,6,18,9,13,19,10,10,7,21,12,15,19,10,10,7,21,12,15,19,10,10,8,24,14,16,20,10,10,10,30,20,20,20,10,10,8,24,14,16,20
B_RP_FR_ZH_F_FR_M_G41_T07,7,10,10,2,6,2,10,14,10,10,2,6,2,10,14,10,10,1,3,1,10,12,10,10,4,12,4,10,18,10,10,6,18,6,10,22,10,10,6,18,6,10,22,10,10,3,9,3,10,16
B_RP_FR_US_M_FR_M_G41_T07,7,10,10,2,6,1,9,15,10,10,4,12,2,8,20,10,10,4,12,2,8,20,10,10,5,15,2,7,23,10,10,3,9,1,8,18,10,10,0,0,0,10,10,10,10,0,0,0,10,10
B_RP_FR_U_U_FR_F_G41_T07,7,10,10,2,6,1,9,15,10,10,4,12,2,8,20,10,10,0,0,0,10,10,10,10,0,0,0,10,10,10,10,1,3,0,9,13,10,10,1,3,0,9,13,10,10,0,0,0,10,10
B_RP_FR_FR_M_FR_M_G41_T07,7,10,10,2,6,1,9,15,10,10,3,9,2,9,17,10,10,3,9,2,9,17,10,10,3,9,2,9,17,10,10,1,3,0,9,13,10,10,4,12,3,9,19,10,10,4,12,3,9,19
B_RP_FR_ZH_F_FR_F_G41_T07,7,10,10,2,6,3,11,13,10,10,2,6,3,11,13,10,10,4,12,6,12,16,10,10,5,15,7,12,18,10,10,8,24,11,13,23,10,10,9,27,13,14,24,10,10,10,30,15,15,25
B_RP_FR_ZH_M_FR_F_G41_T07,7,10,10,2,6,2,10,14,10,10,3,9,3,10,16,10,10,3,9,3,10,16,10,10,6,18,6,10,22,10,10,6,18,6,10,22,10,10,7,21,7,10,24,10,10,5,15,5,10,20
B_RP_FR_US_F_FR_M_G41_T07,7,10,10,2,6,1,9,15,10,10,4,12,2,8,20,10,10,4,12,2,8,20,10,10,1,3,0,9,13,10,10,5,15,2,7,23,10,10,1,3,0,9,13,10,10,0,0,0,10,10
B_RP_FR_FR_F_FR_M_G41_T07,7,10,10,2,6,1,9,15,10,10,6,18,6,10,22,10,10,7,21,10,13,21,10,10,7,21,10,13,21,10,10,7,21,10,13,21,10,10,9,27,10,11,27,10,10,5,15,7,12,18
B_RP_FR_US_F_FR_F_G41_T07,7,10,10,2,6,1,9,15,10,10,5,15,6,11,19,10,10,5,15,7,12,18,10,10,6,18,9,13,19,10,10,9,27,15,16,22,10,10,10,30,20,20,20,10,10,10,30,20,20,20
B_RP_FR_US_M_FR_F_G41_T07,7,10,10,2,6,1,9,15,10,10,0,0,0,10,10,10,10,1,3,0,9,13,10,10,1,3,0,9,13,10,10,0,0,0,10,10,10,10,0,0,0,10,10,10,10,3,9,1,8,18
B_RP_FR_FR_F_FR_F_G41_T07,7,10,10,2,6,1,9,15,10,10,3,9,2,9,17,10,10,0,0,0,10,10,10,10,0,0,0,10,10,10,10,5,15,3,8,22,10,10,2,6,1,9,15,10,10,0,0,0,10,10
B_RP_FR_FR_M_FR_F_G41_T07,7,10,10,2,6,1,9,15,10,10,3,9,2,9,17,10,10,4,12,2,8,20,10,10,3,9,2,9,17,10,10,2,6,1,9,15,10,10,2,6,1,9,15,10,10,0,0,0,10,10
B_RP_FR_ZH_M_U_U_G41_T07,7,10,10,5,15,10,15,15,10,10,8,24,15,17,19,10,10,10,30,20,20,20,10,10,10,30,20,20,20,10,10,10,30,20,20,20,10,10,10,30,20,20,20,10,10,9,27,18,19,19
B_RP_FR_US_M_U_U_G41_T07,7,10,10,5,15,7,12,18,10,10,6,18,10,14,18,10,10,9,27,18,19,19,10,10,10,30,20,20,20,10,10,10,30,20,20,20,10,10,9,27,18,19,19,10,10,6,18,10,14,18
B_RP_FR_ZH_F_U_U_G41_T07,7,10,10,5,15,8,13,17,10,10,4,12,6,12,16,10,10,1,3,2,11,11,10,10,4,12,6,12,16,10,10,8,24,13,15,21,10,10,8,24,13,15,21,10,10,9,27,15,16,22
B_RP_FR_U_U_U_U_G41_T07,7,10,10,5,15,10,15,15,10,10,8,24,12,14,22,10,10,10,30,15,15,25,10,10,8,24,12,14,22,10,10,10,30,15,15,25,10,10,10,30,15,15,25,10,10,10,30,15,15,25
B_RP_FR_FR_M_U_U_G41_T07,7,10,10,5,15,7,12,18,10,10,6,18,9,13,19,10,10,5,15,8,13,17,10,10,5,15,8,13,17,10,10,8,24,12,14,22,10,10,10,30,15,15,25,10,10,10,30,15,15,25
B_RP_FR_US_F_U_U_G41_T07,7,10,10,5,15,8,13,17,10,10,9,27,16,17,21,10,10,8,24,15,17,19,10,10,10,30,19,19,21,10,10,10,30,20,20,20,10,10,10,30,20,20,20,10,10,10,30,20,20,20
B_RP_FR_U_U_ZH_M_G41_T07,7,10,10,5,15,7,12,18,10,10,9,27,12,13,25,10,10,6,18,9,13,19,10,10,10,30,15,15,25,10,10,10,30,15,15,25,10,10,10,30,15,15,25,10,10,10,30,15,15,25
B_RP_FR_FR_F_U_U_G41_T07,7,10,10,5,15,8,13,17,10,10,9,27,14,15,23,10,10,8,24,11,13,23,10,10,8,24,11,13,23,10,10,6,18,9,13,19,10,10,6,18,9,13,19,10,10,5,15,8,13,17
B_RP_FR_US_F_ZH_M_G41_T07,7,10,10,5,15,8,13,17,10,10,5,15,8,13,17,10,10,9,27,18,19,19,10,10,10,30,20,20,20,10,10,10,30,20,20,20,10,10,10,30,20,20,20,10,10,8,24,16,18,18
B_RP_FR_ZH_M_ZH_M_G41_T07,7,10,10,5,15,12,17,13,10,10,10,30,25,25,15,10,10,10,30,25,25,15,10,10,10,30,25,25,15,10,10,10,30,25,25,15,10,10,10,30,25,25,15,10,10,10,30,25,25,15
B_RP_FR_US_M_ZH_M_G41_T07,7,10,10,5,15,10,15,15,10,10,10,30,20,20,20,10,10,10,30,20,20,20,10,10,10,30,20,20,20,10,10,10,30,20,20,20,10,10,10,30,20,20,20,10,10,10,30,20,20,20
B_RP_FR_ZH_M_ZH_F_G41_T07,7,10,10,5,15,12,17,13,10,10,10,30,20,20,20,10,10,10,30,25,25,15,10,10,10,30,25,25,15,10,10,10,30,25,25,15,10,10,10,30,25,25,15,10,10,10,30,25,25,15
B_RP_FR_ZH_F_ZH_M_G41_T07,7,10,10,5,15,8,13,17,10,10,6,18,12,16,16,10,10,9,27,20,21,17,10,10,9,27,20,21,17,10,10,10,30,20,20,20,10,10,10,30,20,20,20,10,10,10,30,20,20,20
B_RP_FR_FR_M_ZH_M_G41_T07,7,10,10,5,15,10,15,15,10,10,8,24,14,16,20,10,10,8,24,14,16,20,10,10,9,27,15,16,22,10,10,8,24,14,16,20,10,10,9,27,15,16,22,10,10,10,30,16,16,24
B_RP_FR_ZH_F_ZH_F_G41_T07,7,10,10,5,15,12,17,13,10,10,10,30,25,25,15,10,10,10,30,25,25,15,10,10,10,30,25,25,15,10,10,10,30,25,25,15,10,10,10,30,25,25,15,10,10,10,30,25,25,15
B_RP_FR_FR_F_ZH_M_G41_T07,7,10,10,5,15,8,13,17,10,10,5,15,8,13,17,10,10,6,18,10,14,18,10,10,10,30,18,18,22,10,10,9,27,15,16,22,10,10,10,30,18,18,22,10,10,5,15,8,13,17
B_RP_FR_U_U_ZH_F_G41_T07,7,10,10,5,15,8,13,17,10,10,7,21,12,15,19,10,10,7,21,12,15,19,10,10,10,30,18,18,22,10,10,10,30,18,18,22,10,10,10,30,18,18,22,10,10,10,30,18,18,22
B_RP_FR_US_M_ZH_F_G41_T07,7,10,10,5,15,8,13,17,10,10,8,24,12,14,22,10,10,8,24,12,14,22,10,10,10,30,15,15,25,10,10,10,30,15,15,25,10,10,9,27,13,14,24,10,10,8,24,12,14,22
B_RP_FR_FR_M_ZH_F_G41_T07,7,10,10,5,15,10,15,15,10,10,10,30,20,20,20,10,10,9,27,20,21,17,10,10,10,30,20,20,20,10,10,10,30,20,20,20,10,10,10,30,20,20,20,10,10,8,24,20,22,14
B_RP_FR_US_F_ZH_F_G41_T07,7,10,10,5,15,10,15,15,10,10,10,30,15,15,25,10,10,5,15,10,15,15,10,10,7,21,14,17,17,10,10,10,30,15,15,25,10,10,7,21,14,17,17,10,10,9,27,18,19,19
B_RP_FR_FR_F_ZH_F_G41_T07,7,10,10,5,15,12,17,13,10,10,10,30,25,25,15,10,10,10,30,25,25,15,10,10,10,30,25,25,15,10,10,10,30,25,25,15,10,10,10,30,25,25,15,10,10,10,30,25,25,15
B_RP_FR_U_U_US_M_G41_T07,7,10,10,5,15,8,13,17,10,10,8,24,10,12,24,10,10,4,12,6,12,16,10,10,7,21,10,13,21,10,10,9,27,12,13,25,10,10,8,24,10,12,24,10,10,8,24,10,12,24
B_RP_FR_ZH_M_US_M_G41_T07,7,10,10,5,15,8,13,17,10,10,8,24,12,14,22,10,10,10,30,20,20,20,10,10,10,30,20,20,20,10,10,10,30,20,20,20,10,10,10,30,20,20,20,10,10,9,27,18,19,19
B_RP_FR_ZH_F_US_M_G41_T07,7,10,10,5,15,8,13,17,10,10,9,27,18,19,19,10,10,5,15,10,15,15,10,10,10,30,20,20,20,10,10,10,30,20,20,20,10,10,10,30,20,20,20,10,10,7,21,14,17,17
B_RP_FR_US_F_US_M_G41_T07,7,10,10,5,15,8,13,17,10,10,10,30,20,20,20,10,10,10,30,25,25,15,10,10,10,30,25,25,15,10,10,10,30,25,25,15,10,10,10,30,25,25,15,10,10,10,30,25,25,15
B_RP_FR_FR_F_US_M_G41_T07,7,10,10,5,15,12,17,13,10,10,10,30,30,30,10,10,10,10,30,30,30,10,10,10,10,30,30,30,10,10,10,10,30,30,30,10,10,10,10,30,30,30,10,10,10,10,30,30,30,10
B_RP_FR_U_U_US_F_G41_T07,7,10,10,5,15,12,17,13,10,10,9,27,16,17,21,10,10,10,30,24,24,16,10,10,10,30,24,24,16,10,10,10,30,24,24,16,10,10,10,30,24,24,16,10,10,10,30,24,24,16
B_RP_FR_US_M_US_M_G41_T07,7,10,10,5,15,8,13,17,10,10,8,24,12,14,22,10,10,10,30,16,16,24,10,10,10,30,16,16,24,10,10,10,30,16,16,24,10,10,8,24,12,14,22,10,10,6,18,9,13,19
B_RP_FR_ZH_M_US_F_G41_T07,7,10,10,5,15,10,15,15,10,10,8,24,15,17,19,10,10,10,30,25,25,15,10,10,10,30,25,25,15,10,10,10,30,25,25,15,10,10,10,30,25,25,15,10,10,10,30,25,25,15
B_RP_FR_FR_M_US_M_G41_T07,7,10,10,5,15,8,13,17,10,10,9,27,15,16,22,10,10,6,18,10,14,18,10,10,7,21,12,15,19,10,10,10,30,18,18,22,10,10,9,27,15,16,22,10,10,7,21,12,15,19
B_RP_FR_ZH_F_US_F_G41_T07,7,10,10,5,15,10,15,15,10,10,7,21,12,15,19,10,10,7,21,13,16,18,10,10,7,21,13,16,18,10,10,8,24,14,16,20,10,10,8,24,14,16,20,10,10,4,12,7,13,15
B_RP_FR_US_F_US_F_G41_T07,7,10,10,5,15,7,12,18,10,10,7,21,10,13,21,10,10,9,27,14,15,23,10,10,10,30,15,15,25,10,10,7,21,10,13,21,10,10,6,18,9,13,19,10,10,8,24,12,14,22
B_RP_FR_FR_M_US_F_G41_T07,7,10,10,5,15,10,15,15,10,10,6,18,12,16,16,10,10,8,24,20,22,14,10,10,10,30,25,25,15,10,10,10,30,25,25,15,10,10,10,30,25,25,15,10,10,8,24,20,22,14
B_RP_FR_US_M_US_F_G41_T07,7,10,10,5,15,8,13,17,10,10,8,24,12,14,22,10,10,10,30,15,15,25,10,10,10,30,15,15,25,10,10,10,30,15,15,25,10,10,9,27,13,14,24,10,10,3,9,5,12,14
B_RP_FR_U_U_FR_M_G41_T07,7,10,10,5,15,7,12,18,10,10,0,0,0,10,10,10,10,1,3,2,11,11,10,10,6,18,9,13,19,10,10,6,18,10,14,18,10,10,7,21,12,15,19,10,10,7,21,12,15,19
B_RP_FR_FR_F_US_F_G41_T07,7,10,10,5,15,12,17,13,10,10,10,30,25,25,15,10,10,10,30,28,28,12,10,10,10,30,28,28,12,10,10,10,30,28,28,12,10,10,10,30,28,28,12,10,10,10,30,28,28,12
B_RP_FR_ZH_M_FR_M_G41_T07,7,10,10,5,15,8,13,17,10,10,7,21,12,15,19,10,10,10,30,18,18,22,10,10,10,30,18,18,22,10,10,10,30,18,18,22,10,10,10,30,18,18,22,10,10,10,30,18,18,22
B_RP_FR_ZH_F_FR_M_G41_T07,7,10,10,5,15,8,13,17,10,10,6,18,12,16,16,10,10,10,30,20,20,20,10,10,9,27,18,19,19,10,10,10,30,20,20,20,10,10,9,27,18,19,19,10,10,8,24,16,18,18
B_RP_FR_US_F_FR_M_G41_T07,7,10,10,5,15,10,15,15,10,10,8,24,11,13,23,10,10,7,21,10,13,21,10,10,5,15,10,15,15,10,10,10,30,14,14,26,10,10,10,30,14,14,26,10,10,9,27,13,14,24
B_RP_FR_US_M_FR_M_G41_T07,7,10,10,5,15,8,13,17,10,10,9,27,15,16,22,10,10,10,30,20,20,20,10,10,10,30,20,20,20,10,10,10,30,20,20,20,10,10,10,30,20,20,20,10,10,10,30,20,20,20
B_RP_FR_FR_M_FR_M_G41_T07,7,10,10,5,15,8,13,17,10,10,6,18,10,14,18,10,10,10,30,20,20,20,10,10,10,30,20,20,20,10,10,10,30,20,20,20,10,10,10,30,20,20,20,10,10,10,30,20,20,20
B_RP_FR_FR_F_FR_M_G41_T07,7,10,10,5,15,7,12,18,10,10,7,21,10,13,21,10,10,5,15,7,12,18,10,10,9,27,15,16,22,10,10,10,30,18,18,22,10,10,10,30,18,18,22,10,10,9,27,15,16,22
B_RP_FR_U_U_FR_F_G41_T07,7,10,10,5,15,10,15,15,10,10,9,27,15,16,22,10,10,10,30,20,20,20,10,10,10,30,20,20,20,10,10,10,30,20,20,20,10,10,9,27,15,16,22,10,10,10,30,20,20,20
B_RP_FR_ZH_F_FR_F_G41_T07,7,10,10,5,15,8,13,17,10,10,8,24,15,17,19,10,10,10,30,20,20,20,10,10,9,27,18,19,19,10,10,10,30,20,20,20,10,10,9,27,18,19,19,10,10,7,21,14,17,17
B_RP_FR_ZH_M_FR_F_G41_T07,7,10,10,5,15,7,12,18,10,10,8,24,12,14,22,10,10,9,27,15,16,22,10,10,10,30,18,18,22,10,10,10,30,18,18,22,10,10,10,30,18,18,22,10,10,7,21,12,15,19
B_RP_FR_US_F_FR_F_G41_T07,7,10,10,5,15,8,13,17,10,10,7,21,12,15,19,10,10,10,30,20,20,20,10,10,10,30,20,20,20,10,10,10,30,20,20,20,10,10,10,30,20,20,20,10,10,10,30,20,20,20
B_RP_FR_US_M_FR_F_G41_T07,7,10,10,5,15,8,13,17,10,10,6,18,10,14,18,10,10,8,24,15,17,19,10,10,10,30,20,20,20,10,10,10,30,20,20,20,10,10,8,24,15,17,19,10,10,10,30,20,20,20
B_RP_FR_FR_F_FR_F_G41_T07,7,10,10,5,15,8,13,17,10,10,8,24,12,14,22,10,10,6,18,10,14,18,10,10,5,15,8,13,17,10,10,10,30,16,16,24,10,10,8,24,12,14,22,10,10,9,27,14,15,23
B_RP_FR_FR_M_FR_F_G41_T07,7,10,10,5,15,10,15,15,10,10,10,30,20,20,20,10,10,10,30,20,20,20,10,10,10,30,20,20,20,10,10,10,30,20,20,20,10,10,10,30,20,20,20,10,10,9,27,18,19,19
B_RP_FR_ZH_M_U_U_G41_T07,7,10,10,8,24,12,14,22,10,10,10,30,15,15,25,10,10,9,27,13,14,24,10,10,10,30,15,15,25,10,10,10,30,15,15,25,10,10,10,30,15,15,25,10,10,9,27,13,14,24
B_RP_FR_U_U_U_U_G41_T07,7,10,10,8,24,12,14,22,10,10,5,15,7,12,18,10,10,7,21,10,13,21,10,10,8,24,12,14,22,10,10,10,30,15,15,25,10,10,6,18,9,13,19,10,10,10,30,15,15,25
B_RP_FR_FR_M_U_U_G41_T07,7,10,10,8,24,12,14,22,10,10,10,30,17,17,23,10,10,10,30,17,17,23,10,10,10,30,17,17,23,10,10,10,30,17,17,23,10,10,8,24,12,14,22,10,10,8,24,12,14,22
B_RP_FR_US_M_U_U_G41_T07,7,10,10,8,24,12,14,22,10,10,10,30,15,15,25,10,10,9,27,13,14,24,10,10,9,27,13,14,24,10,10,10,30,15,15,25,10,10,10,30,15,15,25,10,10,10,30,15,15,25
B_RP_FR_US_F_U_U_G41_T07,7,10,10,8,24,12,14,22,10,10,8,24,12,14,22,10,10,10,30,15,15,25,10,10,10,30,15,15,25,10,10,10,30,15,15,25,10,10,10,30,15,15,25,10,10,9,27,13,14,24
B_RP_FR_FR_F_U_U_G41_T07,7,10,10,8,24,12,14,22,10,10,7,21,10,13,21,10,10,10,30,18,18,22,10,10,10,30,18,18,22,10,10,10,30,18,18,22,10,10,10,30,18,18,22,10,10,8,24,12,14,22
B_RP_FR_ZH_F_U_U_G41_T07,7,10,10,8,24,12,14,22,10,10,9,27,15,16,22,10,10,10,30,18,18,22,10,10,10,30,18,18,22,10,10,9,27,15,16,22,10,10,9,27,15,16,22,10,10,7,21,9,12,22
B_RP_FR_U_U_ZH_M_G41_T07,7,10,10,8,24,12,14,22,10,10,7,21,10,13,21,10,10,10,30,15,15,25,10,10,10,30,15,15,25,10,10,9,27,13,14,24,10,10,10,30,15,15,25,10,10,7,21,10,13,21
B_RP_FR_ZH_M_ZH_M_G41_T07,7,10,10,8,24,12,14,22,10,10,8,24,12,14,22,10,10,10,30,15,15,25,10,10,8,24,12,14,22,10,10,10,30,15,15,25,10,10,10,30,15,15,25,10,10,10,30,15,15,25
B_RP_FR_ZH_F_ZH_M_G41_T07,7,10,10,8,24,12,14,22,10,10,9,27,14,15,23,10,10,10,30,15,15,25,10,10,10,30,15,15,25,10,10,10,30,15,15,25,10,10,9,27,14,15,23,10,10,8,24,12,14,22
B_RP_FR_US_M_ZH_M_G41_T07,7,10,10,8,24,12,14,22,10,10,10,30,20,20,20,10,10,10,30,20,20,20,10,10,10,30,20,20,20,10,10,10,30,20,20,20,10,10,10,30,20,20,20,10,10,10,30,20,20,20
B_RP_FR_US_F_ZH_M_G41_T07,7,10,10,8,24,12,14,22,10,10,10,30,20,20,20,10,10,10,30,20,20,20,10,10,10,30,20,20,20,10,10,10,30,20,20,20,10,10,10,30,20,20,20,10,10,10,30,20,20,20
B_RP_FR_FR_M_ZH_M_G41_T07,7,10,10,8,24,12,14,22,10,10,6,18,9,13,19,10,10,6,18,9,13,19,10,10,10,30,15,15,25,10,10,10,30,15,15,25,10,10,10,30,15,15,25,10,10,6,18,9,13,19
B_RP_FR_U_U_ZH_F_G41_T07,7,10,10,8,24,12,14,22,10,10,8,24,12,14,22,10,10,7,21,12,15,19,10,10,10,30,12,12,28,10,10,6,18,12,16,16,10,10,10,30,12,12,28,10,10,10,30,12,12,28
B_RP_FR_FR_F_ZH_M_G41_T07,7,10,10,8,24,12,14,22,10,10,10,30,15,15,25,10,10,9,27,13,14,24,10,10,6,18,9,13,19,10,10,8,24,12,14,22,10,10,10,30,15,15,25,10,10,10,30,15,15,25
B_RP_FR_US_F_ZH_F_G41_T07,7,10,10,8,24,14,16,20,10,10,7,21,12,15,19,10,10,9,27,14,15,23,10,10,7,21,12,15,19,10,10,9,27,14,15,23,10,10,10,30,15,15,25,10,10,10,30,15,15,25
B_RP_FR_ZH_F_ZH_F_G41_T07,7,10,10,8,24,12,14,22,10,10,7,21,10,13,21,10,10,10,30,18,18,22,10,10,10,30,18,18,22,10,10,10,30,18,18,22,10,10,10,30,18,18,22,10,10,10,30,18,18,22
B_RP_FR_ZH_M_ZH_F_G41_T07,7,10,10,8,24,12,14,22,10,10,5,15,7,12,18,10,10,6,18,9,13,19,10,10,4,12,6,12,16,10,10,7,21,10,13,21,10,10,5,15,7,12,18,10,10,7,21,10,13,21
B_RP_FR_US_M_ZH_F_G41_T07,7,10,10,8,24,13,15,21,10,10,8,24,13,15,21,10,10,6,18,10,14,18,10,10,10,30,16,16,24,10,10,10,30,16,16,24,10,10,10,30,16,16,24,10,10,8,24,13,15,21
B_RP_FR_FR_M_ZH_F_G41_T07,7,10,10,8,24,12,14,22,10,10,6,18,10,14,18,10,10,7,21,11,14,20,10,10,8,24,12,14,22,10,10,5,15,8,13,17,10,10,6,18,10,14,18,10,10,5,15,8,13,17
B_RP_FR_U_U_US_M_G41_T07,7,10,10,8,24,12,14,22,10,10,5,15,7,12,18,10,10,9,27,13,14,24,10,10,7,21,10,13,21,10,10,7,21,10,13,21,10,10,6,18,8,12,20,10,10,5,15,7,12,18
B_RP_FR_ZH_F_US_M_G41_T07,7,10,10,8,24,14,16,20,10,10,9,27,15,16,22,10,10,10,30,16,16,24,10,10,10,30,16,16,24,10,10,9,27,15,16,22,10,10,10,30,16,16,24,10,10,7,21,13,16,18
B_RP_FR_FR_F_ZH_F_G41_T07,7,10,10,8,24,12,14,22,10,10,5,15,8,13,17,10,10,7,21,10,13,21,10,10,7,21,10,13,21,10,10,9,27,13,14,24,10,10,6,18,9,13,19,10,10,6,18,9,13,19
B_RP_FR_ZH_M_US_M_G41_T07,7,10,10,8,24,12,14,22,10,10,10,30,15,15,25,10,10,9,27,13,14,24,10,10,7,21,10,13,21,10,10,8,24,12,14,22,10,10,7,21,10,13,21,10,10,4,12,6,12,16
B_RP_FR_US_M_US_M_G41_T07,7,10,10,8,24,12,14,22,10,10,6,18,10,14,18,10,10,6,18,10,14,18,10,10,7,21,10,13,21,10,10,7,21,10,13,21,10,10,8,24,12,14,22,10,10,5,15,8,13,17
B_RP_FR_US_F_US_M_G41_T07,7,10,10,8,24,14,16,20,10,10,10,30,20,20,20,10,10,10,30,20,20,20,10,10,10,30,20,20,20,10,10,10,30,20,20,20,10,10,10,30,20,20,20,10,10,9,27,18,19,19
B_RP_FR_U_U_US_F_G41_T07,7,10,10,8,24,12,14,22,10,10,6,18,8,12,20,10,10,7,21,10,13,21,10,10,5,15,7,12,18,10,10,6,18,8,12,20,10,10,9,27,13,14,24,10,10,7,21,10,13,21
B_RP_FR_FR_M_US_M_G41_T07,7,10,10,8,24,12,14,22,10,10,9,27,15,16,22,10,10,10,30,18,18,22,10,10,7,21,9,12,22,10,10,5,15,6,11,19,10,10,5,15,6,11,19,10,10,4,12,5,11,17
B_RP_FR_FR_F_US_M_G41_T07,7,10,10,8,24,12,14,22,10,10,9,27,15,16,22,10,10,9,27,15,16,22,10,10,9,27,15,16,22,10,10,10,30,18,18,22,10,10,10,30,18,18,22,10,10,10,30,18,18,22
B_RP_FR_ZH_M_US_F_G41_T07,7,10,10,8,24,12,14,22,10,10,10,30,15,15,25,10,10,10,30,15,15,25,10,10,10,30,15,15,25,10,10,8,24,12,14,22,10,10,8,24,12,14,22,10,10,6,18,9,13,19
B_RP_FR_US_M_US_F_G41_T07,7,10,10,8,24,12,14,22,10,10,10,30,18,18,22,10,10,10,30,18,18,22,10,10,10,30,18,18,22,10,10,10,30,18,18,22,10,10,7,21,12,15,19,10,10,8,24,12,14,22
B_RP_FR_US_F_US_F_G41_T07,7,10,10,8,24,12,14,22,10,10,10,30,20,20,20,10,10,10,30,20,20,20,10,10,10,30,20,20,20,10,10,10,30,20,20,20,10,10,10,30,20,20,20,10,10,10,30,20,20,20
B_RP_FR_ZH_F_US_F_G41_T07,7,10,10,8,24,12,14,22,10,10,10,30,20,20,20,10,10,10,30,20,20,20,10,10,10,30,20,20,20,10,10,10,30,20,20,20,10,10,10,30,20,20,20,10,10,10,30,20,20,20
B_RP_FR_FR_M_US_F_G41_T07,7,10,10,8,24,12,14,22,10,10,10,30,20,20,20,10,10,10,30,20,20,20,10,10,10,30,20,20,20,10,10,10,30,20,20,20,10,10,10,30,20,20,20,10,10,9,27,18,19,19
B_RP_FR_FR_F_US_F_G41_T07,7,10,10,8,24,12,14,22,10,10,10,30,15,15,25,10,10,10,30,15,15,25,10,10,9,27,14,15,23,10,10,10,30,15,15,25,10,10,10,30,15,15,25,10,10,10,30,15,15,25
B_RP_FR_U_U_FR_M_G41_T07,7,10,10,8,24,12,14,22,10,10,10,30,15,15,25,10,10,10,30,15,15,25,10,10,5,15,7,12,18,10,10,4,12,6,12,16,10,10,5,15,7,12,18,10,10,5,15,7,12,18
B_RP_FR_ZH_F_FR_M_G41_T07,7,10,10,8,24,13,15,21,10,10,7,21,11,14,20,10,10,8,24,13,15,21,10,10,8,24,13,15,21,10,10,9,27,14,15,23,10,10,10,30,15,15,25,10,10,6,18,10,14,18
B_RP_FR_US_M_FR_M_G41_T07,7,10,10,8,24,12,14,22,10,10,10,30,15,15,25,10,10,10,30,15,15,25,10,10,10,30,15,15,25,10,10,8,24,12,14,22,10,10,8,24,12,14,22,10,10,9,27,13,14,24
B_RP_FR_ZH_M_FR_M_G41_T07,7,10,10,8,24,16,18,18,10,10,10,30,20,20,20,10,10,10,30,20,20,20,10,10,10,30,20,20,20,10,10,10,30,20,20,20,10,10,10,30,20,20,20,10,10,10,30,20,20,20
B_RP_FR_FR_M_FR_M_G41_T07,7,10,10,8,24,12,14,22,10,10,9,27,13,14,24,10,10,9,27,13,14,24,10,10,8,24,12,14,22,10,10,5,15,7,12,18,10,10,2,6,3,11,13,10,10,6,18,9,13,19
B_RP_FR_FR_F_FR_M_G41_T07,7,10,10,8,24,14,16,20,10,10,10,30,20,20,20,10,10,10,30,20,20,20,10,10,10,30,20,20,20,10,10,10,30,20,20,20,10,10,10,30,20,20,20,10,10,10,30,20,20,20
B_RP_FR_US_F_FR_M_G41_T07,7,10,10,8,24,12,14,22,10,10,4,12,6,12,16,10,10,7,21,10,13,21,10,10,9,27,13,14,24,10,10,8,24,12,14,22,10,10,9,27,13,14,24,10,10,8,24,12,14,22
B_RP_FR_U_U_FR_F_G41_T07,7,10,10,8,24,12,14,22,10,10,10,30,15,15,25,10,10,8,24,12,14,22,10,10,10,30,15,15,25,10,10,10,30,15,15,25,10,10,10,30,15,15,25,10,10,4,12,6,12,16
B_RP_FR_ZH_M_FR_F_G41_T07,7,10,10,8,24,12,14,22,10,10,10,30,20,20,20,10,10,10,30,20,20,20,10,10,10,30,20,20,20,10,10,10,30,20,20,20,10,10,10,30,20,20,20,10,10,9,27,18,19,19
B_RP_FR_US_M_FR_F_G41_T07,7,10,10,8,24,12,14,22,10,10,10,30,15,15,25,10,10,7,21,10,13,21,10,10,5,15,7,12,18,10,10,7,21,10,13,21,10,10,6,18,8,12,20,10,10,3,9,4,11,15
B_RP_FR_ZH_F_FR_F_G41_T07,7,10,10,8,24,14,16,20,10,10,9,27,18,19,19,10,10,10,30,20,20,20,10,10,10,30,20,20,20,10,10,10,30,20,20,20,10,10,10,30,20,20,20,10,10,10,30,20,20,20
B_RP_FR_FR_M_FR_F_G41_T07,7,10,10,8,24,12,14,22,10,10,10,30,20,20,20,10,10,10,30,20,20,20,10,10,10,30,20,20,20,10,10,10,30,20,20,20,10,10,10,30,20,20,20,10,10,10,30,20,20,20
B_RP_FR_US_F_FR_F_G41_T07,7,10,10,8,24,12,14,22,10,10,8,24,12,14,22,10,10,9,27,13,14,24,10,10,9,27,13,14,24,10,10,10,30,14,14,26,10,10,10,30,14,14,26,10,10,6,18,10,14,18
B_RP_FR_FR_F_FR_F_G41_T07,7,10,10,8,24,12,14,22,10,10,7,21,10,13,21,10,10,9,27,14,15,23,10,10,8,24,12,14,22,10,10,10,30,15,15,25,10,10,9,27,14,15,23,10,10,10,30,15,15,25
B_RP_FR_ZH_F_U_U_G41_T07,7,10,10,10,30,15,15,25,10,10,8,24,12,14,22,10,10,10,30,15,15,25,10,10,7,21,10,13,21,10,10,7,21,10,13,21,10,10,6,18,9,13,19,10,10,6,18,9,13,19
B_RP_FR_U_U_U_U_G41_T07,7,10,10,10,30,15,15,25,10,10,10,30,15,15,25,10,10,6,18,9,13,19,10,10,7,21,10,13,21,10,10,9,27,13,14,24,10,10,10,30,15,15,25,10,10,8,24,12,14,22
B_RP_FR_US_F_U_U_G41_T07,7,10,10,10,30,15,15,25,10,10,10,30,15,15,25,10,10,10,30,15,15,25,10,10,10,30,15,15,25,10,10,9,27,14,15,23,10,10,10,30,15,15,25,10,10,5,15,7,12,18
B_RP_FR_ZH_M_U_U_G41_T07,7,10,10,10,30,15,15,25,10,10,10,30,15,15,25,10,10,8,24,12,14,22,10,10,10,30,15,15,25,10,10,10,30,15,15,25,10,10,10,30,15,15,25,10,10,9,27,13,14,24
B_RP_FR_FR_M_U_U_G41_T07,7,10,10,10,30,15,15,25,10,10,10,30,15,15,25,10,10,10,30,15,15,25,10,10,10,30,15,15,25,10,10,6,18,9,13,19,10,10,9,27,13,14,24,10,10,6,18,9,13,19
B_RP_FR_US_M_U_U_G41_T07,7,10,10,10,30,20,20,20,10,10,10,30,20,20,20,10,10,10,30,20,20,20,10,10,10,30,20,20,20,10,10,10,30,20,20,20,10,10,10,30,20,20,20,10,10,9,27,18,19,19
B_RP_FR_U_U_ZH_M_G41_T07,7,10,10,10,30,15,15,25,10,10,10,30,15,15,25,10,10,10,30,15,15,25,10,10,9,27,13,14,24,10,10,7,21,10,13,21,10,10,10,30,15,15,25,10,10,8,24,12,14,22
B_RP_FR_FR_F_U_U_G41_T07,7,10,10,10,30,15,15,25,10,10,9,27,12,13,25,10,10,8,24,10,12,24,10,10,10,30,15,15,25,10,10,10,30,15,15,25,10,10,10,30,15,15,25,10,10,10,30,15,15,25
B_RP_FR_ZH_M_ZH_M_G41_T07,7,10,10,10,30,15,15,25,10,10,10,30,15,15,25,10,10,10,30,15,15,25,10,10,10,30,15,15,25,10,10,10,30,15,15,25,10,10,9,27,13,14,24,10,10,9,27,13,14,24
B_RP_FR_ZH_F_ZH_M_G41_T07,7,10,10,10,30,20,20,20,10,10,10,30,20,20,20,10,10,10,30,20,20,20,10,10,10,30,20,20,20,10,10,8,24,16,18,18,10,10,9,27,18,19,19,10,10,9,27,18,19,19
B_RP_FR_US_M_ZH_M_G41_T07,7,10,10,10,30,20,20,20,10,10,10,30,20,20,20,10,10,10,30,20,20,20,10,10,10,30,20,20,20,10,10,10,30,20,20,20,10,10,10,30,20,20,20,10,10,9,27,18,19,19
B_RP_FR_US_F_ZH_M_G41_T07,7,10,10,10,30,20,20,20,10,10,9,27,20,21,17,10,10,10,30,20,20,20,10,10,10,30,20,20,20,10,10,9,27,20,21,17,10,10,10,30,20,20,20,10,10,9,27,20,21,17
B_RP_FR_FR_F_ZH_M_G41_T07,7,10,10,10,30,20,20,20,10,10,10,30,20,20,20,10,10,10,30,20,20,20,10,10,10,30,20,20,20,10,10,10,30,20,20,20,10,10,10,30,20,20,20,10,10,10,30,20,20,20
B_RP_FR_FR_M_ZH_M_G41_T07,7,10,10,10,30,15,15,25,10,10,9,27,15,16,22,10,10,5,15,10,15,15,10,10,9,27,15,16,22,10,10,10,30,15,15,25,10,10,10,30,15,15,25,10,10,7,21,10,13,21
B_RP_FR_U_U_ZH_F_G41_T07,7,10,10,10,30,20,20,20,10,10,10,30,20,20,20,10,10,10,30,20,20,20,10,10,10,30,20,20,20,10,10,10,30,20,20,20,10,10,10,30,20,20,20,10,10,7,21,14,17,17
B_RP_FR_ZH_F_ZH_F_G41_T07,7,10,10,10,30,20,20,20,10,10,10,30,20,20,20,10,10,10,30,20,20,20,10,10,10,30,20,20,20,10,10,10,30,20,20,20,10,10,9,27,18,19,19,10,10,9,27,18,19,19
B_RP_FR_ZH_M_ZH_F_G41_T07,7,10,10,10,30,20,20,20,10,10,10,30,20,20,20,10,10,10,30,20,20,20,10,10,10,30,20,20,20,10,10,10,30,20,20,20,10,10,10,30,20,20,20,10,10,10,30,20,20,20
B_RP_FR_US_F_ZH_F_G41_T07,7,10,10,10,30,15,15,25,10,10,10,30,15,15,25,10,10,10,30,15,15,25,10,10,10,30,15,15,25,10,10,8,24,12,14,22,10,10,10,30,15,15,25,10,10,8,24,12,14,22
B_RP_FR_US_M_ZH_F_G41_T07,7,10,10,10,30,20,20,20,10,10,10,30,20,20,20,10,10,10,30,20,20,20,10,10,10,30,20,20,20,10,10,10,30,20,20,20,10,10,10,30,20,20,20,10,10,9,27,18,19,19
B_RP_FR_FR_F_ZH_F_G41_T07,7,10,10,10,30,15,15,25,10,10,10,30,15,15,25,10,10,10,30,15,15,25,10,10,10,30,15,15,25,10,10,10,30,15,15,25,10,10,9,27,13,14,24,10,10,6,18,10,14,18
B_RP_FR_FR_M_ZH_F_G41_T07,7,10,10,10,30,15,15,25,10,10,10,30,15,15,25,10,10,6,18,9,13,19,10,10,10,30,15,15,25,10,10,9,27,13,14,24,10,10,10,30,15,15,25,10,10,10,30,15,15,25
B_RP_FR_U_U_US_M_G41_T07,7,10,10,10,30,15,15,25,10,10,10,30,15,15,25,10,10,10,30,15,15,25,10,10,10,30,15,15,25,10,10,9,27,13,14,24,10,10,8,24,11,13,23,10,10,8,24,11,13,23
B_RP_FR_ZH_F_US_M_G41_T07,7,10,10,10,30,20,20,20,10,10,10,30,20,20,20,10,10,10,30,20,20,20,10,10,10,30,20,20,20,10,10,10,30,20,20,20,10,10,10,30,20,20,20,10,10,10,30,20,20,20
B_RP_FR_ZH_M_US_M_G41_T07,7,10,10,10,30,20,20,20,10,10,10,30,20,20,20,10,10,10,30,20,20,20,10,10,10,30,20,20,20,10,10,10,30,20,20,20,10,10,10,30,20,20,20,10,10,10,30,20,20,20
B_RP_FR_US_M_US_M_G41_T07,7,10,10,10,30,15,15,25,10,10,7,21,10,13,21,10,10,10,30,15,15,25,10,10,10,30,15,15,25,10,10,10,30,15,15,25,10,10,10,30,15,15,25,10,10,6,18,9,13,19
B_RP_FR_US_F_US_M_G41_T07,7,10,10,10,30,20,20,20,10,10,10,30,20,20,20,10,10,10,30,20,20,20,10,10,10,30,20,20,20,10,10,10,30,20,20,20,10,10,10,30,20,20,20,10,10,10,30,20,20,20
B_RP_FR_FR_M_US_M_G41_T07,7,10,10,10,30,20,20,20,10,10,8,24,18,20,16,10,10,10,30,20,20,20,10,10,10,30,20,20,20,10,10,10,30,20,20,20,10,10,10,30,20,20,20,10,10,10,30,20,20,20
B_RP_FR_U_U_US_F_G41_T07,7,10,10,10,30,20,20,20,10,10,10,30,20,20,20,10,10,10,30,20,20,20,10,10,10,30,20,20,20,10,10,10,30,20,20,20,10,10,10,30,20,20,20,10,10,5,15,10,15,15
B_RP_FR_ZH_M_US_F_G41_T07,7,10,10,10,30,15,15,25,10,10,9,27,13,14,24,10,10,10,30,15,15,25,10,10,10,30,15,15,25,10,10,10,30,15,15,25,10,10,10,30,15,15,25,10,10,7,21,10,13,21
B_RP_FR_ZH_F_US_F_G41_T07,7,10,10,10,30,20,20,20,10,10,10,30,20,20,20,10,10,10,30,20,20,20,10,10,10,30,20,20,20,10,10,10,30,20,20,20,10,10,10,30,20,20,20,10,10,10,30,20,20,20
B_RP_FR_US_M_US_F_G41_T07,7,10,10,10,30,15,15,25,10,10,10,30,30,30,10,10,10,10,30,30,30,10,10,10,10,30,30,30,10,10,10,10,30,30,30,10,10,10,10,30,30,30,10,10,10,10,30,30,30,10
B_RP_FR_FR_F_US_M_G41_T07,7,10,10,10,30,15,15,25,10,10,10,30,15,15,25,10,10,10,30,15,15,25,10,10,10,30,15,15,25,10,10,10,30,15,15,25,10,10,10,30,15,15,25,10,10,5,15,7,12,18
B_RP_FR_US_F_US_F_G41_T07,7,10,10,10,30,15,15,25,10,10,10,30,20,20,20,10,10,10,30,20,20,20,10,10,10,30,20,20,20,10,10,10,30,20,20,20,10,10,10,30,20,20,20,10,10,10,30,20,20,20
B_RP_FR_FR_M_US_F_G41_T07,7,10,10,10,30,20,20,20,10,10,10,30,20,20,20,10,10,10,30,20,20,20,10,10,10,30,20,20,20,10,10,10,30,20,20,20,10,10,10,30,20,20,20,10,10,10,30,20,20,20
B_RP_FR_U_U_FR_M_G41_T07,7,10,10,10,30,20,20,20,10,10,10,30,20,20,20,10,10,10,30,20,20,20,10,10,10,30,20,20,20,10,10,10,30,20,20,20,10,10,10,30,20,20,20,10,10,10,30,20,20,20
B_RP_FR_ZH_F_FR_M_G41_T07,7,10,10,10,30,15,15,25,10,10,10,30,20,20,20,10,10,10,30,20,20,20,10,10,10,30,20,20,20,10,10,10,30,20,20,20,10,10,10,30,20,20,20,10,10,10,30,20,20,20
B_RP_FR_ZH_M_FR_M_G41_T07,7,10,10,10,30,20,20,20,10,10,10,30,20,20,20,10,10,10,30,20,20,20,10,10,10,30,20,20,20,10,10,10,30,20,20,20,10,10,10,30,20,20,20,10,10,10,30,20,20,20
B_RP_FR_US_F_FR_M_G41_T07,7,10,10,10,30,15,15,25,10,10,8,24,12,14,22,10,10,10,30,18,18,22,10,10,10,30,18,18,22,10,10,10,30,18,18,22,10,10,10,30,18,18,22,10,10,8,24,12,14,22
B_RP_FR_US_M_FR_M_G41_T07,7,10,10,10,30,15,15,25,10,10,10,30,15,15,25,10,10,9,27,13,14,24,10,10,8,24,11,13,23,10,10,10,30,15,15,25,10,10,10,30,15,15,25,10,10,5,15,7,12,18
B_RP_FR_FR_F_US_F_G41_T07,7,10,10,10,30,20,20,20,10,10,10,30,20,20,20,10,10,8,24,18,20,16,10,10,10,30,20,20,20,10,10,8,24,18,20,16,10,10,10,30,20,20,20,10,10,10,30,20,20,20
B_RP_FR_FR_M_FR_M_G41_T07,7,10,10,10,30,15,15,25,10,10,7,21,10,13,21,10,10,9,27,13,14,24,10,10,7,21,10,13,21,10,10,5,15,7,12,18,10,10,9,27,13,14,24,10,10,8,24,11,13,23
B_RP_FR_FR_F_FR_M_G41_T07,7,10,10,10,30,20,20,20,10,10,10,30,20,20,20,10,10,10,30,20,20,20,10,10,8,24,16,18,18,10,10,10,30,20,20,20,10,10,10,30,20,20,20,10,10,10,30,20,20,20
B_RP_FR_U_U_FR_F_G41_T07,7,10,10,10,30,15,15,25,10,10,6,18,9,13,19,10,10,8,24,12,14,22,10,10,9,27,13,14,24,10,10,8,24,12,14,22,10,10,7,21,10,13,21,10,10,5,15,8,13,17
B_RP_FR_ZH_M_FR_F_G41_T07,7,10,10,10,30,15,15,25,10,10,8,24,12,14,22,10,10,10,30,15,15,25,10,10,9,27,13,14,24,10,10,10,30,15,15,25,10,10,8,24,12,14,22,10,10,10,30,15,15,25
B_RP_FR_US_M_FR_F_G41_T07,7,10,10,10,30,15,15,25,10,10,9,27,16,17,21,10,10,10,30,18,18,22,10,10,10,30,18,18,22,10,10,10,30,18,18,22,10,10,9,27,16,17,21,10,10,9,27,16,17,21
B_RP_FR_US_F_FR_F_G41_T07,7,10,10,10,30,20,20,20,10,10,10,30,20,20,20,10,10,10,30,20,20,20,10,10,10,30,20,20,20,10,10,10,30,20,20,20,10,10,10,30,20,20,20,10,10,10,30,20,20,20
B_RP_FR_FR_F_FR_F_G41_T07,7,10,10,10,30,20,20,20,10,10,10,30,20,20,20,10,10,10,30,20,20,20,10,10,10,30,20,20,20,10,10,10,30,20,20,20,10,10,10,30,20,20,20,10,10,9,27,18,19,19
B_RP_FR_FR_M_FR_F_G41_T07,7,10,10,10,30,15,15,25,10,10,10,30,15,15,25,10,10,8,24,12,14,22,10,10,8,24,12,14,22,10,10,8,24,12,14,22,10,10,6,18,9,13,19,10,10,6,18,9,13,19
B_RP_FR_ZH_F_FR_F_G41_T07,7,10,10,10,30,20,20,20,10,10,9,27,18,19,19,10,10,10,30,20,20,20,10,10,10,30,20,20,20,10,10,10,30,20,20,20,10,10,10,30,20,20,20,10,10,10,30,20,20,20
A_RP_FR_U_U_ZH_M_G4O_T03,7,10,10,5,15,3,8,22,10,10,5,15,3,8,22,10,10,5,15,2,7,23,10,10,5,15,2,7,23,10,10,5,15,1,6,24,10,10,5,15,1,6,24,10,10,5,15,1,6,24
A_RP_FR_U_U_U_U_G4O_T03,7,10,10,5,15,2,7,23,10,10,5,15,3,8,22,10,10,5,15,1,6,24,10,10,5,15,2,7,23,10,10,5,15,1,6,24,10,10,5,15,0,5,25,10,10,0,0,0,10,10
A_RP_FR_U_U_ZH_F_G4O_T03,7,10,10,5,15,2,7,23,10,10,5,15,0,5,25,10,10,3,9,2,9,17,10,10,3,9,2,9,17,10,10,3,9,2,9,17,10,10,3,9,0,7,19,10,10,3,9,0,7,19
A_RP_FR_U_U_US_F_G4O_T03,7,10,10,5,15,3,8,22,10,10,5,15,2,7,23,10,10,5,15,3,8,22,10,10,5,15,2,7,23,10,10,5,15,1,6,24,10,10,5,15,3,8,22,10,10,5,15,1,6,24
A_RP_FR_U_U_FR_M_G4O_T03,7,10,10,5,15,2,7,23,10,10,4,12,3,9,19,10,10,4,12,3,9,19,10,10,4,12,3,9,19,10,10,4,12,1,7,21,10,10,4,12,1,7,21,10,10,4,12,2,8,20
A_RP_FR_U_U_US_M_G4O_T03,7,10,10,5,15,2,7,23,10,10,4,12,3,9,19,10,10,3,9,4,11,15,10,10,2,6,1,9,15,10,10,3,9,3,10,16,10,10,4,12,2,8,20,10,10,3,9,0,7,19
A_RP_FR_U_U_FR_F_G4O_T03,7,10,10,5,15,2,7,23,10,10,4,12,1,7,21,10,10,3,9,0,7,19,10,10,2,6,1,9,15,10,10,1,3,1,10,12,10,10,2,6,0,8,16,10,10,2,6,0,8,16
A_RP_FR_ZH_M_U_U_G4O_T03,7,10,10,5,15,2,7,23,10,10,4,12,1,7,21,10,10,3,9,2,9,17,10,10,3,9,1,8,18,10,10,3,9,1,8,18,10,10,3,9,0,7,19,10,10,2,6,1,9,15
A_RP_FR_ZH_M_US_M_G4O_T03,7,10,10,5,15,3,8,22,10,10,4,12,1,7,21,10,10,3,9,1,8,18,10,10,2,6,2,10,14,10,10,2,6,2,10,14,10,10,2,6,1,9,15,10,10,2,6,0,8,16
A_RP_FR_ZH_M_ZH_M_G4O_T03,7,10,10,5,15,1,6,24,10,10,4,12,1,7,21,10,10,3,9,2,9,17,10,10,3,9,2,9,17,10,10,3,9,2,9,17,10,10,3,9,2,9,17,10,10,3,9,0,7,19
A_RP_FR_ZH_M_FR_M_G4O_T03,7,10,10,5,15,2,7,23,10,10,4,12,0,6,22,10,10,3,9,3,10,16,10,10,4,12,2,8,20,10,10,4,12,2,8,20,10,10,4,12,0,6,22,10,10,3,9,0,7,19
A_RP_FR_ZH_M_ZH_F_G4O_T03,7,10,10,5,15,3,8,22,10,10,4,12,2,8,20,10,10,3,9,1,8,18,10,10,2,6,1,9,15,10,10,1,3,3,12,10,10,10,2,6,2,10,14,10,10,2,6,0,8,16
A_RP_FR_ZH_M_FR_F_G4O_T03,7,10,10,5,15,2,7,23,10,10,4,12,3,9,19,10,10,3,9,2,9,17,10,10,2,6,2,10,14,10,10,3,9,3,10,16,10,10,3,9,1,8,18,10,10,3,9,1,8,18
A_RP_FR_ZH_M_US_F_G4O_T03,7,10,10,5,15,1,6,24,10,10,4,12,1,7,21,10,10,3,9,1,8,18,10,10,2,6,1,9,15,10,10,1,3,0,9,13,10,10,0,0,1,11,9,10,10,0,0,0,10,10
A_RP_FR_ZH_F_ZH_M_G4O_T03,7,10,10,5,15,3,8,22,10,10,5,15,1,6,24,10,10,4,12,1,7,21,10,10,3,9,1,8,18,10,10,3,9,1,8,18,10,10,2,6,1,9,15,10,10,2,6,1,9,15
A_RP_FR_ZH_F_US_M_G4O_T03,7,10,10,5,15,3,8,22,10,10,4,12,1,7,21,10,10,3,9,0,7,19,10,10,2,6,0,8,16,10,10,1,3,2,11,11,10,10,1,3,2,11,11,10,10,2,6,0,8,16
A_RP_FR_ZH_F_ZH_F_G4O_T03,7,10,10,5,15,3,8,22,10,10,5,15,1,6,24,10,10,4,12,0,6,22,10,10,3,9,2,9,17,10,10,3,9,1,8,18,10,10,2,6,1,9,15,10,10,2,6,0,8,16
A_RP_FR_ZH_F_FR_M_G4O_T03,7,10,10,5,15,2,7,23,10,10,4,12,2,8,20,10,10,3,9,0,7,19,10,10,2,6,1,9,15,10,10,1,3,0,9,13,10,10,2,6,3,11,13,10,10,3,9,0,7,19
A_RP_FR_ZH_F_U_U_G4O_T03,7,10,10,5,15,2,7,23,10,10,5,15,2,7,23,10,10,5,15,2,7,23,10,10,5,15,0,5,25,10,10,5,15,4,9,21,10,10,5,15,2,7,23,10,10,5,15,0,5,25
A_RP_FR_ZH_F_US_F_G4O_T03,7,10,10,5,15,4,9,21,10,10,6,18,3,7,25,10,10,4,12,2,8,20,10,10,3,9,1,8,18,10,10,2,6,1,9,15,10,10,1,3,3,12,10,10,10,0,0,0,10,10
A_RP_FR_ZH_F_FR_F_G4O_T03,7,10,10,5,15,2,7,23,10,10,4,12,3,9,19,10,10,3,9,0,7,19,10,10,2,6,0,8,16,10,10,1,3,2,11,11,10,10,2,6,1,9,15,10,10,1,3,0,9,13
A_RP_FR_US_M_ZH_M_G4O_T03,7,10,10,5,15,2,7,23,10,10,5,15,3,8,22,10,10,5,15,2,7,23,10,10,5,15,1,6,24,10,10,5,15,2,7,23,10,10,5,15,1,6,24,10,10,5,15,0,5,25
A_RP_FR_US_M_US_M_G4O_T03,7,10,10,5,15,1,6,24,10,10,4,12,2,8,20,10,10,3,9,1,8,18,10,10,2,6,3,11,13,10,10,3,9,4,11,15,10,10,3,9,1,8,18,10,10,3,9,0,7,19
A_RP_FR_US_M_U_U_G4O_T03,7,10,10,5,15,2,7,23,10,10,5,15,0,5,25,10,10,3,9,2,9,17,10,10,4,12,3,9,19,10,10,4,12,3,9,19,10,10,4,12,0,6,22,10,10,3,9,0,7,19
A_RP_FR_US_M_US_F_G4O_T03,7,10,10,5,15,2,7,23,10,10,5,15,3,8,22,10,10,5,15,2,7,23,10,10,5,15,2,7,23,10,10,5,15,2,7,23,10,10,5,15,1,6,24,10,10,5,15,0,5,25
A_RP_FR_US_M_FR_F_G4O_T03,7,10,10,5,15,2,7,23,10,10,4,12,3,9,19,10,10,6,18,2,6,26,10,10,5,15,2,7,23,10,10,5,15,1,6,24,10,10,5,15,1,6,24,10,10,4,12,0,6,22
A_RP_FR_US_M_FR_M_G4O_T03,7,10,10,5,15,3,8,22,10,10,4,12,1,7,21,10,10,3,9,2,9,17,10,10,2,6,3,11,13,10,10,2,6,3,11,13,10,10,3,9,1,8,18,10,10,3,9,0,7,19
A_RP_FR_US_M_ZH_F_G4O_T03,7,10,10,5,15,2,7,23,10,10,4,12,1,7,21,10,10,3,9,0,7,19,10,10,2,6,3,11,13,10,10,2,6,0,8,16,10,10,3,9,2,9,17,10,10,3,9,0,7,19
A_RP_FR_US_F_ZH_F_G4O_T03,7,10,10,5,15,2,7,23,10,10,4,12,2,8,20,10,10,3,9,3,10,16,10,10,3,9,1,8,18,10,10,4,12,1,7,21,10,10,3,9,0,7,19,10,10,3,9,0,7,19
A_RP_FR_US_F_U_U_G4O_T03,7,10,10,5,15,2,7,23,10,10,4,12,1,7,21,10,10,3,9,3,10,16,10,10,2,6,2,10,14,10,10,2,6,1,9,15,10,10,3,9,1,8,18,10,10,3,9,0,7,19
A_RP_FR_US_F_US_F_G4O_T03,7,10,10,5,15,3,8,22,10,10,5,15,3,8,22,10,10,5,15,3,8,22,10,10,5,15,2,7,23,10,10,5,15,3,8,22,10,10,5,15,2,7,23,10,10,5,15,0,5,25
A_RP_FR_US_F_ZH_M_G4O_T03,7,10,10,5,15,3,8,22,10,10,4,12,1,7,21,10,10,3,9,1,8,18,10,10,2,6,1,9,15,10,10,1,3,1,10,12,10,10,2,6,1,9,15,10,10,2,6,2,10,14
A_RP_FR_FR_M_ZH_M_G4O_T03,7,10,10,5,15,2,7,23,10,10,4,12,2,8,20,10,10,3,9,1,8,18,10,10,2,6,2,10,14,10,10,2,6,1,9,15,10,10,2,6,4,12,12,10,10,3,9,1,8,18
A_RP_FR_US_F_US_M_G4O_T03,7,10,10,5,15,1,6,24,10,10,4,12,2,8,20,10,10,3,9,2,9,17,10,10,3,9,2,9,17,10,10,3,9,2,9,17,10,10,3,9,1,8,18,10,10,3,9,1,8,18
A_RP_FR_US_F_FR_M_G4O_T03,7,10,10,5,15,2,7,23,10,10,6,18,2,6,26,10,10,4,12,1,7,21,10,10,3,9,3,10,16,10,10,5,15,0,5,25,10,10,4,12,2,8,20,10,10,4,12,1,7,21
A_RP_FR_FR_M_U_U_G4O_T03,7,10,10,5,15,2,7,23,10,10,4,12,1,7,21,10,10,3,9,2,9,17,10,10,3,9,3,10,16,10,10,3,9,2,9,17,10,10,3,9,2,9,17,10,10,3,9,1,8,18
A_RP_FR_US_F_FR_F_G4O_T03,7,10,10,5,15,3,8,22,10,10,4,12,2,8,20,10,10,6,18,3,7,25,10,10,5,15,1,6,24,10,10,4,12,2,8,20,10,10,5,15,1,6,24,10,10,4,12,0,6,22
A_RP_FR_FR_M_ZH_F_G4O_T03,7,10,10,5,15,2,7,23,10,10,4,12,5,11,17,10,10,3,9,1,8,18,10,10,4,12,2,8,20,10,10,4,12,2,8,20,10,10,4,12,3,9,19,10,10,4,12,1,7,21
A_RP_FR_FR_M_US_F_G4O_T03,7,10,10,5,15,3,8,22,10,10,4,12,1,7,21,10,10,3,9,3,10,16,10,10,4,12,1,7,21,10,10,3,9,1,8,18,10,10,2,6,2,10,14,10,10,3,9,0,7,19
A_RP_FR_FR_M_US_M_G4O_T03,7,10,10,5,15,2,7,23,10,10,4,12,3,9,19,10,10,3,9,1,8,18,10,10,2,6,1,9,15,10,10,3,9,2,9,17,10,10,3,9,1,8,18,10,10,3,9,0,7,19
A_RP_FR_FR_M_FR_M_G4O_T03,7,10,10,5,15,2,7,23,10,10,4,12,2,8,20,10,10,3,9,2,9,17,10,10,3,9,1,8,18,10,10,3,9,2,9,17,10,10,3,9,3,10,16,10,10,3,9,1,8,18
A_RP_FR_FR_M_FR_F_G4O_T03,7,10,10,5,15,3,8,22,10,10,5,15,3,8,22,10,10,5,15,4,9,21,10,10,5,15,2,7,23,10,10,5,15,2,7,23,10,10,5,15,2,7,23,10,10,5,15,1,6,24
A_RP_FR_FR_F_U_U_G4O_T03,7,10,10,5,15,2,7,23,10,10,5,15,2,7,23,10,10,5,15,3,8,22,10,10,5,15,2,7,23,10,10,5,15,0,5,25,10,10,5,15,2,7,23,10,10,5,15,2,7,23
A_RP_FR_FR_F_ZH_F_G4O_T03,7,10,10,5,15,2,7,23,10,10,4,12,1,7,21,10,10,3,9,2,9,17,10,10,3,9,0,7,19,10,10,3,9,1,8,18,10,10,3,9,2,9,17,10,10,3,9,0,7,19
A_RP_FR_FR_F_ZH_M_G4O_T03,7,10,10,5,15,2,7,23,10,10,4,12,1,7,21,10,10,3,9,3,10,16,10,10,2,6,2,10,14,10,10,3,9,2,9,17,10,10,3,9,2,9,17,10,10,3,9,3,10,16
A_RP_FR_FR_F_US_F_G4O_T03,7,10,10,5,15,1,6,24,10,10,4,12,2,8,20,10,10,3,9,3,10,16,10,10,2,6,2,10,14,10,10,2,6,1,9,15,10,10,3,9,1,8,18,10,10,2,6,0,8,16
A_RP_FR_FR_F_FR_F_G4O_T03,7,10,10,5,15,1,6,24,10,10,4,12,4,10,18,10,10,3,9,1,8,18,10,10,2,6,1,9,15,10,10,3,9,2,9,17,10,10,3,9,3,10,16,10,10,3,9,1,8,18
A_RP_FR_FR_F_US_M_G4O_T03,7,10,10,5,15,3,8,22,10,10,4,12,0,6,22,10,10,3,9,3,10,16,10,10,2,6,0,8,16,10,10,3,9,1,8,18,10,10,2,6,0,8,16,10,10,2,6,0,8,16
A_RP_FR_FR_F_FR_M_G4O_T03,7,10,10,5,15,1,6,24,10,10,4,12,2,8,20,10,10,3,9,1,8,18,10,10,2,6,2,10,14,10,10,3,9,2,9,17,10,10,3,9,2,9,17,10,10,3,9,0,7,19
B_RP_FR_ZH_M_U_U_G4O_T03,7,10,10,0,0,0,10,10,10,10,0,0,0,10,10,10,10,0,0,0,10,10,10,10,0,0,0,10,10,10,10,2,6,0,8,16,10,10,0,0,0,10,10,10,10,0,0,0,10,10
B_RP_FR_U_U_U_U_G4O_T03,7,10,10,0,0,0,10,10,10,10,0,0,0,10,10,10,10,0,0,0,10,10,10,10,3,9,5,12,14,10,10,9,27,10,11,27,10,10,8,24,12,14,22,10,10,10,30,15,15,25
B_RP_FR_US_M_U_U_G4O_T03,7,10,10,0,0,0,10,10,10,10,0,0,0,10,10,10,10,1,3,0,9,13,10,10,4,12,0,6,22,10,10,2,6,0,8,16,10,10,2,6,0,8,16,10,10,0,0,0,10,10
B_RP_FR_ZH_F_U_U_G4O_T03,7,10,10,0,0,0,10,10,10,10,1,3,0,9,13,10,10,0,0,0,10,10,10,10,0,0,0,10,10,10,10,0,0,0,10,10,10,10,1,3,0,9,13,10,10,1,3,0,9,13
B_RP_FR_FR_M_U_U_G4O_T03,7,10,10,0,0,0,10,10,10,10,0,0,0,10,10,10,10,2,6,3,11,13,10,10,4,12,5,11,17,10,10,5,15,7,12,18,10,10,7,21,10,13,21,10,10,7,21,10,13,21
B_RP_FR_FR_F_U_U_G4O_T03,7,10,10,0,0,0,10,10,10,10,0,0,0,10,10,10,10,3,9,5,12,14,10,10,6,18,10,14,18,10,10,6,18,10,14,18,10,10,6,18,10,14,18,10,10,5,15,10,15,15
B_RP_FR_U_U_ZH_M_G4O_T03,7,10,10,0,0,0,10,10,10,10,1,3,0,9,13,10,10,0,0,0,10,10,10,10,0,0,0,10,10,10,10,2,6,0,8,16,10,10,4,12,0,6,22,10,10,0,0,0,10,10
B_RP_FR_ZH_F_ZH_M_G4O_T03,7,10,10,0,0,0,10,10,10,10,5,15,10,15,15,10,10,10,30,20,20,20,10,10,10,30,20,20,20,10,10,10,30,20,20,20,10,10,10,30,20,20,20,10,10,9,27,18,19,19
B_RP_FR_US_F_U_U_G4O_T03,7,10,10,0,0,0,10,10,10,10,2,6,2,10,14,10,10,1,3,1,10,12,10,10,4,12,6,12,16,10,10,5,15,7,12,18,10,10,7,21,10,13,21,10,10,4,12,6,12,16
B_RP_FR_FR_F_ZH_M_G4O_T03,7,10,10,0,0,0,10,10,10,10,0,0,0,10,10,10,10,0,0,0,10,10,10,10,0,0,0,10,10,10,10,1,3,0,9,13,10,10,4,12,6,12,16,10,10,5,15,10,15,15
B_RP_FR_US_F_ZH_M_G4O_T03,7,10,10,0,0,0,10,10,10,10,1,3,0,9,13,10,10,1,3,0,9,13,10,10,1,3,0,9,13,10,10,4,12,0,6,22,10,10,3,9,0,7,19,10,10,1,3,0,9,13
B_RP_FR_US_M_ZH_M_G4O_T03,7,10,10,0,0,0,10,10,10,10,2,6,3,11,13,10,10,10,30,15,15,25,10,10,10,30,15,15,25,10,10,10,30,15,15,25,10,10,10,30,15,15,25,10,10,6,18,9,13,19
B_RP_FR_ZH_M_ZH_M_G4O_T03,7,10,10,0,0,0,10,10,10,10,0,0,0,10,10,10,10,3,9,5,12,14,10,10,5,15,8,13,17,10,10,8,24,10,12,24,10,10,9,27,12,13,25,10,10,4,12,6,12,16
B_RP_FR_U_U_ZH_F_G4O_T03,7,10,10,0,0,0,10,10,10,10,2,6,5,13,11,10,10,6,18,10,14,18,10,10,7,21,10,13,21,10,10,8,24,10,12,24,10,10,9,27,10,11,27,10,10,9,27,10,11,27
B_RP_FR_ZH_F_ZH_F_G4O_T03,7,10,10,0,0,0,10,10,10,10,3,9,5,12,14,10,10,6,18,8,12,20,10,10,7,21,10,13,21,10,10,7,21,10,13,21,10,10,10,30,15,15,25,10,10,7,21,10,13,21
B_RP_FR_US_M_ZH_F_G4O_T03,7,10,10,0,0,0,10,10,10,10,2,6,3,11,13,10,10,4,12,5,11,17,10,10,5,15,7,12,18,10,10,5,15,7,12,18,10,10,6,18,9,13,19,10,10,6,18,9,13,19
B_RP_FR_FR_M_ZH_M_G4O_T03,7,10,10,0,0,0,10,10,10,10,4,12,6,12,16,10,10,6,18,9,13,19,10,10,6,18,9,13,19,10,10,9,27,12,13,25,10,10,6,18,9,13,19,10,10,6,18,9,13,19
B_RP_FR_ZH_M_ZH_F_G4O_T03,7,10,10,0,0,0,10,10,10,10,3,9,5,12,14,10,10,7,21,10,13,21,10,10,10,30,15,15,25,10,10,10,30,15,15,25,10,10,8,24,12,14,22,10,10,6,18,9,13,19
B_RP_FR_US_F_ZH_F_G4O_T03,7,10,10,0,0,0,10,10,10,10,1,3,0,9,13,10,10,3,9,5,12,14,10,10,9,27,10,11,27,10,10,5,15,5,10,20,10,10,6,18,8,12,20,10,10,4,12,6,12,16
B_RP_FR_FR_M_ZH_F_G4O_T03,7,10,10,0,0,0,10,10,10,10,0,0,0,10,10,10,10,0,0,0,10,10,10,10,0,0,0,10,10,10,10,6,18,10,14,18,10,10,8,24,10,12,24,10,10,6,18,10,14,18
B_RP_FR_U_U_US_M_G4O_T03,7,10,10,0,0,0,10,10,10,10,3,9,5,12,14,10,10,2,6,4,12,12,10,10,4,12,6,12,16,10,10,7,21,10,13,21,10,10,4,12,6,12,16,10,10,5,15,7,12,18
B_RP_FR_FR_F_ZH_F_G4O_T03,7,10,10,0,0,0,10,10,10,10,5,15,10,15,15,10,10,6,18,9,13,19,10,10,8,24,12,14,22,10,10,8,24,12,14,22,10,10,10,30,15,15,25,10,10,10,30,15,15,25
B_RP_FR_ZH_M_US_M_G4O_T03,7,10,10,0,0,0,10,10,10,10,0,0,0,10,10,10,10,0,0,0,10,10,10,10,1,3,0,9,13,10,10,2,6,0,8,16,10,10,3,9,0,7,19,10,10,0,0,0,10,10
B_RP_FR_ZH_F_US_M_G4O_T03,7,10,10,0,0,0,10,10,10,10,2,6,4,12,12,10,10,6,18,9,13,19,10,10,8,24,12,14,22,10,10,9,27,15,16,22,10,10,7,21,10,13,21,10,10,8,24,12,14,22
B_RP_FR_US_M_US_M_G4O_T03,7,10,10,0,0,0,10,10,10,10,0,0,0,10,10,10,10,2,6,0,8,16,10,10,2,6,0,8,16,10,10,1,3,0,9,13,10,10,0,0,0,10,10,10,10,0,0,0,10,10
B_RP_FR_FR_M_US_M_G4O_T03,7,10,10,0,0,0,10,10,10,10,1,3,0,9,13,10,10,0,0,0,10,10,10,10,0,0,0,10,10,10,10,2,6,0,8,16,10,10,0,0,0,10,10,10,10,0,0,0,10,10
B_RP_FR_US_F_US_M_G4O_T03,7,10,10,0,0,0,10,10,10,10,5,15,10,15,15,10,10,10,30,15,15,25,10,10,9,27,18,19,19,10,10,10,30,15,15,25,10,10,8,24,15,17,19,10,10,6,18,12,16,16
B_RP_FR_ZH_F_US_F_G4O_T03,7,10,10,0,0,0,10,10,10,10,2,6,4,12,12,10,10,6,18,8,12,20,10,10,5,15,6,11,19,10,10,7,21,9,12,22,10,10,5,15,6,11,19,10,10,5,15,6,11,19
B_RP_FR_FR_F_US_M_G4O_T03,7,10,10,0,0,0,10,10,10,10,2,6,0,8,16,10,10,0,0,0,10,10,10,10,0,0,0,10,10,10,10,2,6,0,8,16,10,10,2,6,0,8,16,10,10,0,0,0,10,10
B_RP_FR_ZH_M_US_F_G4O_T03,7,10,10,0,0,0,10,10,10,10,0,0,0,10,10,10,10,3,9,5,12,14,10,10,6,18,9,13,19,10,10,10,30,15,15,25,10,10,6,18,9,13,19,10,10,10,30,15,15,25
B_RP_FR_U_U_US_F_G4O_T03,7,10,10,0,0,0,10,10,10,10,2,6,3,11,13,10,10,6,18,10,14,18,10,10,9,27,15,16,22,10,10,9,27,15,16,22,10,10,9,27,15,16,22,10,10,7,21,10,13,21
B_RP_FR_FR_M_US_F_G4O_T03,7,10,10,0,0,0,10,10,10,10,0,0,0,10,10,10,10,1,3,0,9,13,10,10,5,15,5,10,20,10,10,6,18,5,9,23,10,10,7,21,5,8,26,10,10,5,15,5,10,20
B_RP_FR_US_F_US_F_G4O_T03,7,10,10,0,0,0,10,10,10,10,1,3,1,10,12,10,10,0,0,0,10,10,10,10,0,0,0,10,10,10,10,0,0,0,10,10,10,10,1,3,1,10,12,10,10,3,9,5,12,14
B_RP_FR_U_U_FR_M_G4O_T03,7,10,10,0,0,0,10,10,10,10,1,3,0,9,13,10,10,5,15,5,10,20,10,10,4,12,6,12,16,10,10,6,18,9,13,19,10,10,2,6,3,11,13,10,10,0,0,0,10,10
B_RP_FR_US_M_US_F_G4O_T03,7,10,10,0,0,0,10,10,10,10,3,9,5,12,14,10,10,7,21,10,13,21,10,10,8,24,12,14,22,10,10,6,18,9,13,19,10,10,8,24,12,14,22,10,10,6,18,9,13,19
B_RP_FR_FR_F_US_F_G4O_T03,7,10,10,0,0,0,10,10,10,10,0,0,0,10,10,10,10,2,6,0,8,16,10,10,2,6,0,8,16,10,10,0,0,0,10,10,10,10,0,0,0,10,10,10,10,0,0,0,10,10
B_RP_FR_ZH_M_FR_M_G4O_T03,7,10,10,0,0,0,10,10,10,10,1,3,2,11,11,10,10,2,6,3,11,13,10,10,6,18,9,13,19,10,10,10,30,15,15,25,10,10,10,30,15,15,25,10,10,8,24,12,14,22
B_RP_FR_US_F_FR_M_G4O_T03,7,10,10,0,0,0,10,10,10,10,4,12,5,11,17,10,10,4,12,5,11,17,10,10,8,24,10,12,24,10,10,5,15,6,11,19,10,10,5,15,6,11,19,10,10,4,12,5,11,17
B_RP_FR_US_M_FR_M_G4O_T03,7,10,10,0,0,0,10,10,10,10,0,0,0,10,10,10,10,0,0,0,10,10,10,10,2,6,0,8,16,10,10,7,21,10,13,21,10,10,6,18,5,9,23,10,10,1,3,0,9,13
B_RP_FR_FR_M_FR_M_G4O_T03,7,10,10,0,0,0,10,10,10,10,1,3,1,10,12,10,10,2,6,2,10,14,10,10,4,12,4,10,18,10,10,3,9,3,10,16,10,10,3,9,3,10,16,10,10,7,21,7,10,24
B_RP_FR_ZH_F_FR_M_G4O_T03,7,10,10,0,0,0,10,10,10,10,1,3,1,10,12,10,10,4,12,5,11,17,10,10,6,18,8,12,20,10,10,6,18,8,12,20,10,10,3,9,4,11,15,10,10,5,15,7,12,18
B_RP_FR_U_U_FR_F_G4O_T03,7,10,10,0,0,0,10,10,10,10,0,0,0,10,10,10,10,0,0,0,10,10,10,10,0,0,0,10,10,10,10,0,0,0,10,10,10,10,3,9,5,12,14,10,10,7,21,10,13,21
B_RP_FR_FR_F_FR_M_G4O_T03,7,10,10,0,0,0,10,10,10,10,0,0,0,10,10,10,10,0,0,0,10,10,10,10,3,9,5,12,14,10,10,7,21,10,13,21,10,10,10,30,15,15,25,10,10,8,24,12,14,22
B_RP_FR_US_M_FR_F_G4O_T03,7,10,10,0,0,0,10,10,10,10,0,0,0,10,10,10,10,1,3,0,9,13,10,10,0,0,0,10,10,10,10,0,0,0,10,10,10,10,3,9,0,7,19,10,10,0,0,0,10,10
B_RP_FR_ZH_M_FR_F_G4O_T03,7,10,10,0,0,0,10,10,10,10,2,6,4,12,12,10,10,6,18,10,14,18,10,10,7,21,10,13,21,10,10,7,21,10,13,21,10,10,5,15,8,13,17,10,10,3,9,6,13,13
B_RP_FR_FR_M_FR_F_G4O_T03,7,10,10,0,0,0,10,10,10,10,0,0,0,10,10,10,10,0,0,0,10,10,10,10,1,3,0,9,13,10,10,0,0,0,10,10,10,10,5,15,5,10,20,10,10,4,12,11,17,11
B_RP_FR_ZH_F_FR_F_G4O_T03,7,10,10,0,0,0,10,10,10,10,1,3,1,10,12,10,10,0,0,0,10,10,10,10,2,6,2,10,14,10,10,3,9,3,10,16,10,10,3,9,3,10,16,10,10,0,0,0,10,10
B_RP_FR_US_F_FR_F_G4O_T03,7,10,10,0,0,0,10,10,10,10,0,0,0,10,10,10,10,1,3,0,9,13,10,10,0,0,0,10,10,10,10,3,9,0,7,19,10,10,0,0,0,10,10,10,10,0,0,0,10,10
B_RP_FR_FR_F_FR_F_G4O_T03,7,10,10,0,0,0,10,10,10,10,3,9,5,12,14,10,10,7,21,10,13,21,10,10,5,15,8,13,17,10,10,6,18,9,13,19,10,10,7,21,10,13,21,10,10,5,15,8,13,17
B_RP_FR_ZH_M_U_U_G4O_T03,7,10,10,2,6,3,11,13,10,10,4,12,5,11,17,10,10,5,15,8,13,17,10,10,3,9,4,11,15,10,10,5,15,8,13,17,10,10,10,30,15,15,25,10,10,6,18,9,13,19
B_RP_FR_ZH_F_U_U_G4O_T03,7,10,10,2,6,4,12,12,10,10,2,6,4,12,12,10,10,6,18,9,13,19,10,10,7,21,10,13,21,10,10,9,27,12,13,25,10,10,9,27,12,13,25,10,10,6,18,9,13,19
B_RP_FR_U_U_U_U_G4O_T03,7,10,10,2,6,4,12,12,10,10,10,30,10,10,30,10,10,6,18,9,13,19,10,10,9,27,10,11,27,10,10,6,18,9,13,19,10,10,7,21,10,13,21,10,10,4,12,6,12,16
B_RP_FR_US_F_U_U_G4O_T03,7,10,10,2,6,4,12,12,10,10,10,30,15,15,25,10,10,10,30,20,20,20,10,10,10,30,20,20,20,10,10,10,30,20,20,20,10,10,10,30,20,20,20,10,10,5,15,10,15,15
B_RP_FR_FR_F_U_U_G4O_T03,7,10,10,2,6,4,12,12,10,10,7,21,10,13,21,10,10,10,30,15,15,25,10,10,10,30,15,15,25,10,10,9,27,12,13,25,10,10,9,27,12,13,25,10,10,7,21,10,13,21
B_RP_FR_US_M_U_U_G4O_T03,7,10,10,2,6,4,12,12,10,10,6,18,8,12,20,10,10,8,24,10,12,24,10,10,10,30,12,12,28,10,10,10,30,12,12,28,10,10,10,30,12,12,28,10,10,5,15,7,12,18
B_RP_FR_FR_M_U_U_G4O_T03,7,10,10,2,6,4,12,12,10,10,9,27,10,11,27,10,10,7,21,10,13,21,10,10,10,30,15,15,25,10,10,10,30,15,15,25,10,10,9,27,10,11,27,10,10,5,15,10,15,15
B_RP_FR_ZH_M_ZH_M_G4O_T03,7,10,10,2,6,4,12,12,10,10,6,18,9,13,19,10,10,7,21,10,13,21,10,10,7,21,10,13,21,10,10,10,30,15,15,25,10,10,10,30,15,15,25,10,10,7,21,10,13,21
B_RP_FR_US_M_ZH_M_G4O_T03,7,10,10,2,6,2,10,14,10,10,2,6,2,10,14,10,10,4,12,4,10,18,10,10,5,15,5,10,20,10,10,8,24,8,10,26,10,10,4,12,4,10,18,10,10,2,6,2,10,14
B_RP_FR_ZH_F_ZH_M_G4O_T03,7,10,10,2,6,4,12,12,10,10,3,9,5,12,14,10,10,9,27,10,11,27,10,10,7,21,10,13,21,10,10,10,30,15,15,25,10,10,9,27,10,11,27,10,10,7,21,10,13,21
B_RP_FR_US_F_ZH_M_G4O_T03,7,10,10,2,6,4,12,12,10,10,7,21,10,13,21,10,10,10,30,15,15,25,10,10,10,30,15,15,25,10,10,10,30,15,15,25,10,10,6,18,9,13,19,10,10,5,15,9,14,16
B_RP_FR_FR_F_ZH_M_G4O_T03,7,10,10,2,6,4,12,12,10,10,5,15,6,11,19,10,10,8,24,10,12,24,10,10,10,30,15,15,25,10,10,10,30,15,15,25,10,10,10,30,15,15,25,10,10,7,21,10,13,21
B_RP_FR_FR_M_ZH_M_G4O_T03,7,10,10,2,6,4,12,12,10,10,5,15,6,11,19,10,10,6,18,8,12,20,10,10,6,18,8,12,20,10,10,7,21,9,12,22,10,10,10,30,12,12,28,10,10,9,27,11,12,26
B_RP_FR_U_U_ZH_M_G4O_T03,7,10,10,2,6,4,12,12,10,10,3,9,5,12,14,10,10,5,15,10,15,15,10,10,10,30,20,20,20,10,10,10,30,20,20,20,10,10,10,30,20,20,20,10,10,10,30,20,20,20
B_RP_FR_ZH_F_ZH_F_G4O_T03,7,10,10,2,6,4,12,12,10,10,10,30,15,15,25,10,10,10,30,20,20,20,10,10,10,30,20,20,20,10,10,10,30,20,20,20,10,10,10,30,20,20,20,10,10,10,30,20,20,20
B_RP_FR_U_U_ZH_F_G4O_T03,7,10,10,2,6,4,12,12,10,10,5,15,6,11,19,10,10,5,15,7,12,18,10,10,10,30,15,15,25,10,10,9,27,13,14,24,10,10,9,27,13,14,24,10,10,9,27,13,14,24
B_RP_FR_US_M_ZH_F_G4O_T03,7,10,10,2,6,4,12,12,10,10,6,18,8,12,20,10,10,2,6,4,12,12,10,10,6,18,8,12,20,10,10,8,24,12,14,22,10,10,9,27,12,13,25,10,10,5,15,7,12,18
B_RP_FR_ZH_M_ZH_F_G4O_T03,7,10,10,2,6,4,12,12,10,10,3,9,5,12,14,10,10,3,9,5,12,14,10,10,6,18,8,12,20,10,10,5,15,7,12,18,10,10,10,30,10,10,30,10,10,3,9,5,12,14
B_RP_FR_FR_F_ZH_F_G4O_T03,7,10,10,2,6,4,12,12,10,10,9,27,10,11,27,10,10,6,18,8,12,20,10,10,9,27,10,11,27,10,10,6,18,8,12,20,10,10,5,15,7,12,18,10,10,4,12,6,12,16
B_RP_FR_US_F_ZH_F_G4O_T03,7,10,10,2,6,4,12,12,10,10,1,3,2,11,11,10,10,3,9,5,12,14,10,10,8,24,10,12,24,10,10,10,30,15,15,25,10,10,9,27,13,14,24,10,10,8,24,10,12,24
B_RP_FR_FR_M_ZH_F_G4O_T03,7,10,10,2,6,4,12,12,10,10,7,21,10,13,21,10,10,7,21,10,13,21,10,10,10,30,20,20,20,10,10,10,30,20,20,20,10,10,7,21,10,13,21,10,10,6,18,10,14,18
B_RP_FR_U_U_US_M_G4O_T03,7,10,10,2,6,4,12,12,10,10,5,15,8,13,17,10,10,8,24,12,14,22,10,10,10,30,15,15,25,10,10,8,24,12,14,22,10,10,8,24,12,14,22,10,10,6,18,9,13,19
B_RP_FR_ZH_F_US_M_G4O_T03,7,10,10,2,6,4,12,12,10,10,6,18,10,14,18,10,10,9,27,15,16,22,10,10,9,27,15,16,22,10,10,10,30,18,18,22,10,10,10,30,18,18,22,10,10,10,30,18,18,22
B_RP_FR_ZH_M_US_M_G4O_T03,7,10,10,2,6,4,12,12,10,10,4,12,6,12,16,10,10,9,27,9,10,28,10,10,6,18,9,13,19,10,10,8,24,10,12,24,10,10,8,24,10,12,24,10,10,4,12,6,12,16
B_RP_FR_US_F_US_M_G4O_T03,7,10,10,2,6,3,11,13,10,10,5,15,4,9,21,10,10,3,9,5,12,14,10,10,7,21,10,13,21,10,10,6,18,8,12,20,10,10,9,27,12,13,25,10,10,4,12,6,12,16
B_RP_FR_US_M_US_M_G4O_T03,7,10,10,2,6,4,12,12,10,10,4,12,6,12,16,10,10,6,18,9,13,19,10,10,6,18,9,13,19,10,10,10,30,15,15,25,10,10,10,30,15,15,25,10,10,6,18,9,13,19
B_RP_FR_FR_M_US_M_G4O_T03,7,10,10,2,6,4,12,12,10,10,2,6,4,12,12,10,10,4,12,6,12,16,10,10,9,27,12,13,25,10,10,10,30,15,15,25,10,10,10,30,15,15,25,10,10,7,21,9,12,22
B_RP_FR_FR_F_US_M_G4O_T03,7,10,10,2,6,4,12,12,10,10,8,24,10,12,24,10,10,10,30,15,15,25,10,10,9,27,13,14,24,10,10,10,30,15,15,25,10,10,10,30,15,15,25,10,10,9,27,13,14,24
B_RP_FR_U_U_US_F_G4O_T03,7,10,10,2,6,4,12,12,10,10,6,18,10,14,18,10,10,9,27,15,16,22,10,10,10,30,20,20,20,10,10,10,30,20,20,20,10,10,10,30,20,20,20,10,10,10,30,20,20,20
B_RP_FR_ZH_M_US_F_G4O_T03,7,10,10,2,6,4,12,12,10,10,5,15,8,13,17,10,10,5,15,8,13,17,10,10,6,18,9,13,19,10,10,6,18,9,13,19,10,10,7,21,10,13,21,10,10,8,24,11,13,23
B_RP_FR_US_F_US_F_G4O_T03,7,10,10,2,6,3,11,13,10,10,2,6,3,11,13,10,10,6,18,9,13,19,10,10,10,30,15,15,25,10,10,9,27,13,14,24,10,10,7,21,10,13,21,10,10,6,18,9,13,19
B_RP_FR_ZH_F_US_F_G4O_T03,7,10,10,2,6,4,12,12,10,10,7,21,8,11,23,10,10,10,30,15,15,25,10,10,10,30,15,15,25,10,10,10,30,15,15,25,10,10,10,30,15,15,25,10,10,10,30,15,15,25
B_RP_FR_US_M_US_F_G4O_T03,7,10,10,2,6,4,12,12,10,10,4,12,6,12,16,10,10,4,12,6,12,16,10,10,8,24,10,12,24,10,10,8,24,10,12,24,10,10,9,27,12,13,25,10,10,9,27,12,13,25
B_RP_FR_FR_M_US_F_G4O_T03,7,10,10,2,6,4,12,12,10,10,3,9,5,12,14,10,10,8,24,10,12,24,10,10,10,30,15,15,25,10,10,8,24,10,12,24,10,10,8,24,10,12,24,10,10,8,24,10,12,24
B_RP_FR_FR_F_US_F_G4O_T03,7,10,10,2,6,3,11,13,10,10,7,21,5,8,26,10,10,4,12,4,10,18,10,10,10,30,10,10,30,10,10,6,18,9,13,19,10,10,8,24,10,12,24,10,10,4,12,6,12,16
B_RP_FR_U_U_FR_M_G4O_T03,7,10,10,2,6,4,12,12,10,10,7,21,10,13,21,10,10,8,24,12,14,22,10,10,8,24,12,14,22,10,10,6,18,9,13,19,10,10,8,24,12,14,22,10,10,7,21,10,13,21
B_RP_FR_ZH_M_FR_M_G4O_T03,7,10,10,2,6,4,12,12,10,10,10,30,15,15,25,10,10,10,30,20,20,20,10,10,10,30,20,20,20,10,10,10,30,20,20,20,10,10,10,30,20,20,20,10,10,10,30,20,20,20
B_RP_FR_US_M_FR_M_G4O_T03,7,10,10,2,6,4,12,12,10,10,5,15,6,11,19,10,10,8,24,10,12,24,10,10,10,30,15,15,25,10,10,10,30,15,15,25,10,10,8,24,10,12,24,10,10,1,3,3,12,10
B_RP_FR_ZH_F_FR_M_G4O_T03,7,10,10,2,6,4,12,12,10,10,4,12,6,12,16,10,10,6,18,9,13,19,10,10,9,27,12,13,25,10,10,7,21,10,13,21,10,10,6,18,9,13,19,10,10,8,24,12,14,22
B_RP_FR_FR_F_FR_M_G4O_T03,7,10,10,2,6,4,12,12,10,10,6,18,10,14,18,10,10,8,24,12,14,22,10,10,8,24,12,14,22,10,10,10,30,15,15,25,10,10,10,30,15,15,25,10,10,10,30,15,15,25
B_RP_FR_US_F_FR_M_G4O_T03,7,10,10,2,6,4,12,12,10,10,4,12,6,12,16,10,10,8,24,12,14,22,10,10,8,24,12,14,22,10,10,6,18,9,13,19,10,10,6,18,9,13,19,10,10,2,6,4,12,12
B_RP_FR_FR_M_FR_M_G4O_T03,7,10,10,2,6,3,11,13,10,10,2,6,3,11,13,10,10,5,15,6,11,19,10,10,8,24,9,11,25,10,10,7,21,10,13,21,10,10,10,30,15,15,25,10,10,10,30,15,15,25
B_RP_FR_ZH_M_FR_F_G4O_T03,7,10,10,2,6,4,12,12,10,10,2,6,4,12,12,10,10,4,12,6,12,16,10,10,6,18,9,13,19,10,10,7,21,10,13,21,10,10,10,30,15,15,25,10,10,9,27,13,14,24
B_RP_FR_US_M_FR_F_G4O_T03,7,10,10,2,6,4,12,12,10,10,8,24,10,12,24,10,10,9,27,12,13,25,10,10,9,27,12,13,25,10,10,9,27,12,13,25,10,10,9,27,12,13,25,10,10,7,21,10,13,21
B_RP_FR_U_U_FR_F_G4O_T03,7,10,10,2,6,3,11,13,10,10,9,27,10,11,27,10,10,8,24,12,14,22,10,10,8,24,12,14,22,10,10,10,30,15,15,25,10,10,9,27,13,14,24,10,10,5,15,7,12,18
B_RP_FR_ZH_F_FR_F_G4O_T03,7,10,10,2,6,4,12,12,10,10,7,21,10,13,21,10,10,8,24,12,14,22,10,10,10,30,15,15,25,10,10,8,24,12,14,22,10,10,9,27,13,14,24,10,10,9,27,13,14,24
B_RP_FR_FR_M_FR_F_G4O_T03,7,10,10,2,6,2,10,14,10,10,3,9,3,10,16,10,10,5,15,5,10,20,10,10,2,6,2,10,14,10,10,3,9,3,10,16,10,10,7,21,7,10,24,10,10,8,24,8,10,26
B_RP_FR_US_F_FR_F_G4O_T03,7,10,10,2,6,4,12,12,10,10,7,21,10,13,21,10,10,9,27,12,13,25,10,10,6,18,9,13,19,10,10,6,18,9,13,19,10,10,7,21,10,13,21,10,10,8,24,11,13,23
B_RP_FR_FR_F_FR_F_G4O_T03,7,10,10,2,6,2,10,14,10,10,3,9,3,10,16,10,10,3,9,3,10,16,10,10,8,24,8,10,26,10,10,6,18,6,10,22,10,10,10,30,10,10,30,10,10,4,12,4,10,18
B_RP_FR_U_U_U_U_G4O_T03,7,10,10,5,15,10,15,15,10,10,10,30,15,15,25,10,10,9,27,18,19,19,10,10,10,30,15,15,25,10,10,10,30,15,15,25,10,10,10,30,15,15,25,10,10,8,24,12,14,22
B_RP_FR_ZH_M_U_U_G4O_T03,7,10,10,5,15,12,17,13,10,10,6,18,15,19,13,10,10,7,21,18,21,13,10,10,10,30,30,30,10,10,10,10,30,30,30,10,10,10,10,30,30,30,10,10,10,10,30,30,30,10
B_RP_FR_US_F_U_U_G4O_T03,7,10,10,5,15,10,15,15,10,10,10,30,15,15,25,10,10,10,30,15,15,25,10,10,7,21,10,13,21,10,10,5,15,10,15,15,10,10,10,30,15,15,25,10,10,10,30,15,15,25
B_RP_FR_US_M_U_U_G4O_T03,7,10,10,5,15,10,15,15,10,10,8,24,15,17,19,10,10,8,24,15,17,19,10,10,8,24,15,17,19,10,10,10,30,15,15,25,10,10,10,30,15,15,25,10,10,8,24,15,17,19
B_RP_FR_ZH_F_U_U_G4O_T03,7,10,10,5,15,10,15,15,10,10,7,21,15,18,16,10,10,10,30,20,20,20,10,10,10,30,20,20,20,10,10,8,24,18,20,16,10,10,10,30,20,20,20,10,10,8,24,18,20,16
B_RP_FR_U_U_ZH_M_G4O_T03,7,10,10,5,15,10,15,15,10,10,7,21,10,13,21,10,10,8,24,10,12,24,10,10,8,24,10,12,24,10,10,6,18,10,14,18,10,10,10,30,10,10,30,10,10,4,12,10,16,12
B_RP_FR_FR_F_U_U_G4O_T03,7,10,10,5,15,10,15,15,10,10,7,21,15,18,16,10,10,10,30,20,20,20,10,10,10,30,20,20,20,10,10,10,30,20,20,20,10,10,10,30,20,20,20,10,10,8,24,20,22,14
B_RP_FR_FR_M_U_U_G4O_T03,7,10,10,5,15,10,15,15,10,10,8,24,12,14,22,10,10,10,30,15,15,25,10,10,10,30,15,15,25,10,10,7,21,10,13,21,10,10,9,27,13,14,24,10,10,7,21,10,13,21
B_RP_FR_ZH_M_ZH_M_G4O_T03,7,10,10,5,15,10,15,15,10,10,6,18,12,16,16,10,10,8,24,15,17,19,10,10,10,30,20,20,20,10,10,10,30,20,20,20,10,10,10,30,20,20,20,10,10,10,30,20,20,20
B_RP_FR_US_M_ZH_M_G4O_T03,7,10,10,5,15,10,15,15,10,10,9,27,15,16,22,10,10,10,30,20,20,20,10,10,10,30,20,20,20,10,10,10,30,20,20,20,10,10,10,30,20,20,20,10,10,10,30,20,20,20
B_RP_FR_ZH_F_ZH_M_G4O_T03,7,10,10,5,15,10,15,15,10,10,8,24,12,14,22,10,10,8,24,12,14,22,10,10,9,27,15,16,22,10,10,9,27,15,16,22,10,10,10,30,18,18,22,10,10,7,21,13,16,18
B_RP_FR_US_F_ZH_M_G4O_T03,7,10,10,5,15,10,15,15,10,10,10,30,15,15,25,10,10,10,30,20,20,20,10,10,10,30,20,20,20,10,10,10,30,20,20,20,10,10,10,30,20,20,20,10,10,10,30,20,20,20
B_RP_FR_FR_M_ZH_M_G4O_T03,7,10,10,5,15,10,15,15,10,10,9,27,15,16,22,10,10,9,27,15,16,22,10,10,8,24,12,14,22,10,10,8,24,12,14,22,10,10,10,30,15,15,25,10,10,10,30,15,15,25
B_RP_FR_ZH_M_ZH_F_G4O_T03,7,10,10,5,15,10,15,15,10,10,9,27,10,11,27,10,10,9,27,10,11,27,10,10,9,27,10,11,27,10,10,6,18,10,14,18,10,10,10,30,10,10,30,10,10,7,21,10,13,21
B_RP_FR_FR_F_ZH_M_G4O_T03,7,10,10,5,15,10,15,15,10,10,10,30,20,20,20,10,10,10,30,20,20,20,10,10,10,30,20,20,20,10,10,10,30,20,20,20,10,10,10,30,20,20,20,10,10,9,27,18,19,19
B_RP_FR_U_U_ZH_F_G4O_T03,7,10,10,5,15,10,15,15,10,10,9,27,10,11,27,10,10,8,24,10,12,24,10,10,8,24,10,12,24,10,10,7,21,10,13,21,10,10,10,30,10,10,30,10,10,4,12,10,16,12
B_RP_FR_ZH_F_ZH_F_G4O_T03,7,10,10,5,15,10,15,15,10,10,9,27,15,16,22,10,10,7,21,12,15,19,10,10,10,30,18,18,22,10,10,7,21,12,15,19,10,10,7,21,12,15,19,10,10,10,30,18,18,22
B_RP_FR_US_M_ZH_F_G4O_T03,7,10,10,5,15,10,15,15,10,10,10,30,20,20,20,10,10,10,30,20,20,20,10,10,10,30,20,20,20,10,10,10,30,20,20,20,10,10,10,30,20,20,20,10,10,10,30,20,20,20
B_RP_FR_US_F_ZH_F_G4O_T03,7,10,10,5,15,10,15,15,10,10,7,21,15,18,16,10,10,10,30,20,20,20,10,10,10,30,20,20,20,10,10,10,30,20,20,20,10,10,10,30,20,20,20,10,10,8,24,18,20,16
B_RP_FR_FR_F_ZH_F_G4O_T03,7,10,10,5,15,10,15,15,10,10,5,15,10,15,15,10,10,9,27,15,16,22,10,10,10,30,20,20,20,10,10,10,30,20,20,20,10,10,10,30,20,20,20,10,10,10,30,20,20,20
B_RP_FR_FR_M_ZH_F_G4O_T03,7,10,10,5,15,10,15,15,10,10,10,30,15,15,25,10,10,9,27,18,19,19,10,10,7,21,15,18,16,10,10,10,30,20,20,20,10,10,9,27,18,19,19,10,10,6,18,12,16,16
B_RP_FR_ZH_M_US_M_G4O_T03,7,10,10,5,15,10,15,15,10,10,10,30,15,15,25,10,10,8,24,12,14,22,10,10,10,30,15,15,25,10,10,10,30,15,15,25,10,10,6,18,9,13,19,10,10,6,18,9,13,19
B_RP_FR_ZH_F_US_M_G4O_T03,7,10,10,5,15,10,15,15,10,10,8,24,15,17,19,10,10,9,27,18,19,19,10,10,10,30,20,20,20,10,10,10,30,20,20,20,10,10,10,30,20,20,20,10,10,8,24,15,17,19
B_RP_FR_U_U_US_M_G4O_T03,7,10,10,5,15,10,15,15,10,10,8,24,12,14,22,10,10,10,30,15,15,25,10,10,10,30,15,15,25,10,10,9,27,13,14,24,10,10,10,30,15,15,25,10,10,9,27,13,14,24
B_RP_FR_US_F_US_M_G4O_T03,7,10,10,5,15,10,15,15,10,10,7,21,15,18,16,10,10,9,27,18,19,19,10,10,10,30,20,20,20,10,10,10,30,20,20,20,10,10,10,30,20,20,20,10,10,9,27,18,19,19
B_RP_FR_FR_F_US_M_G4O_T03,7,10,10,5,15,10,15,15,10,10,8,24,12,14,22,10,10,8,24,12,14,22,10,10,9,27,15,16,22,10,10,7,21,11,14,20,10,10,8,24,12,14,22,10,10,4,12,6,12,16
B_RP_FR_US_M_US_M_G4O_T03,7,10,10,5,15,10,15,15,10,10,8,24,15,17,19,10,10,10,30,20,20,20,10,10,8,24,15,17,19,10,10,10,30,20,20,20,10,10,9,27,18,19,19,10,10,10,30,20,20,20
B_RP_FR_U_U_US_F_G4O_T03,7,10,10,5,15,12,17,13,10,10,10,30,15,15,25,10,10,8,24,18,20,16,10,10,10,30,20,20,20,10,10,10,30,20,20,20,10,10,10,30,20,20,20,10,10,8,24,18,20,16
B_RP_FR_ZH_F_US_F_G4O_T03,7,10,10,5,15,10,15,15,10,10,10,30,15,15,25,10,10,10,30,15,15,25,10,10,8,24,15,17,19,10,10,10,30,15,15,25,10,10,10,30,15,15,25,10,10,10,30,15,15,25
B_RP_FR_US_F_US_F_G4O_T03,7,10,10,5,15,10,15,15,10,10,7,21,15,18,16,10,10,10,30,20,20,20,10,10,10,30,20,20,20,10,10,10,30,20,20,20,10,10,10,30,20,20,20,10,10,10,30,20,20,20
B_RP_FR_FR_M_US_M_G4O_T03,7,10,10,5,15,12,17,13,10,10,10,30,15,15,25,10,10,8,24,18,20,16,10,10,10,30,15,15,25,10,10,10,30,15,15,25,10,10,5,15,12,17,13,10,10,7,21,15,18,16
B_RP_FR_US_M_US_F_G4O_T03,7,10,10,5,15,10,15,15,10,10,10,30,15,15,25,10,10,8,24,12,14,22,10,10,6,18,14,18,14,10,10,10,30,15,15,25,10,10,9,27,13,14,24,10,10,8,24,12,14,22
B_RP_FR_FR_M_US_F_G4O_T03,7,10,10,5,15,10,15,15,10,10,7,21,10,13,21,10,10,8,24,10,12,24,10,10,9,27,10,11,27,10,10,9,27,10,11,27,10,10,9,27,10,11,27,10,10,7,21,10,13,21
B_RP_FR_ZH_M_US_F_G4O_T03,7,10,10,5,15,10,15,15,10,10,10,30,15,15,25,10,10,9,27,18,19,19,10,10,10,30,20,20,20,10,10,10,30,20,20,20,10,10,10,30,20,20,20,10,10,10,30,20,20,20
B_RP_FR_FR_F_US_F_G4O_T03,7,10,10,5,15,10,15,15,10,10,6,18,12,16,16,10,10,10,30,15,15,25,10,10,9,27,18,19,19,10,10,10,30,15,15,25,10,10,8,24,15,17,19,10,10,9,27,18,19,19
B_RP_FR_U_U_FR_M_G4O_T03,7,10,10,5,15,10,15,15,10,10,10,30,15,15,25,10,10,9,27,18,19,19,10,10,10,30,15,15,25,10,10,10,30,15,15,25,10,10,9,27,18,19,19,10,10,9,27,18,19,19
B_RP_FR_ZH_F_FR_M_G4O_T03,7,10,10,5,15,10,15,15,10,10,9,27,15,16,22,10,10,9,27,15,16,22,10,10,10,30,20,20,20,10,10,9,27,15,16,22,10,10,8,24,15,17,19,10,10,7,21,15,18,16
B_RP_FR_US_M_FR_M_G4O_T03,7,10,10,5,15,10,15,15,10,10,10,30,20,20,20,10,10,10,30,20,20,20,10,10,10,30,20,20,20,10,10,10,30,20,20,20,10,10,10,30,20,20,20,10,10,10,30,20,20,20
B_RP_FR_ZH_M_FR_M_G4O_T03,7,10,10,5,15,10,15,15,10,10,9,27,15,16,22,10,10,8,24,12,14,22,10,10,10,30,15,15,25,10,10,5,15,10,15,15,10,10,6,18,12,16,16,10,10,8,24,12,14,22
B_RP_FR_FR_M_FR_M_G4O_T03,7,10,10,5,15,10,15,15,10,10,10,30,20,20,20,10,10,10,30,20,20,20,10,10,8,24,20,22,14,10,10,10,30,20,20,20,10,10,10,30,20,20,20,10,10,10,30,20,20,20
B_RP_FR_U_U_FR_F_G4O_T03,7,10,10,5,15,10,15,15,10,10,8,24,12,14,22,10,10,10,30,15,15,25,10,10,10,30,15,15,25,10,10,8,24,12,14,22,10,10,10,30,15,15,25,10,10,8,24,12,14,22
B_RP_FR_US_F_FR_M_G4O_T03,7,10,10,5,15,10,15,15,10,10,6,18,12,16,16,10,10,8,24,16,18,18,10,10,9,27,18,19,19,10,10,10,30,20,20,20,10,10,10,30,20,20,20,10,10,10,30,20,20,20
B_RP_FR_FR_F_FR_M_G4O_T03,7,10,10,5,15,10,15,15,10,10,10,30,15,15,25,10,10,6,18,12,16,16,10,10,10,30,18,18,22,10,10,10,30,18,18,22,10,10,10,30,18,18,22,10,10,10,30,18,18,22
B_RP_FR_ZH_F_FR_F_G4O_T03,7,10,10,5,15,10,15,15,10,10,9,27,15,16,22,10,10,10,30,20,20,20,10,10,10,30,20,20,20,10,10,10,30,20,20,20,10,10,8,24,15,17,19,10,10,10,30,20,20,20
B_RP_FR_ZH_M_FR_F_G4O_T03,7,10,10,5,15,10,15,15,10,10,9,27,15,16,22,10,10,10,30,20,20,20,10,10,10,30,20,20,20,10,10,10,30,20,20,20,10,10,10,30,20,20,20,10,10,10,30,20,20,20
B_RP_FR_US_M_FR_F_G4O_T03,7,10,10,5,15,10,15,15,10,10,10,30,15,15,25,10,10,9,27,18,19,19,10,10,10,30,15,15,25,10,10,7,21,12,15,19,10,10,10,30,15,15,25,10,10,7,21,12,15,19
B_RP_FR_FR_M_FR_F_G4O_T03,7,10,10,5,15,10,15,15,10,10,10,30,15,15,25,10,10,10,30,20,20,20,10,10,10,30,20,20,20,10,10,8,24,15,17,19,10,10,10,30,20,20,20,10,10,7,21,15,18,16
B_RP_FR_FR_F_FR_F_G4O_T03,7,10,10,5,15,10,15,15,10,10,9,27,15,16,22,10,10,10,30,20,20,20,10,10,10,30,20,20,20,10,10,10,30,20,20,20,10,10,6,18,18,22,10,10,10,10,30,20,20,20
B_RP_FR_US_F_FR_F_G4O_T03,7,10,10,5,15,10,15,15,10,10,10,30,15,15,25,10,10,10,30,15,15,25,10,10,10,30,15,15,25,10,10,8,24,12,14,22,10,10,6,18,9,13,19,10,10,8,24,12,14,22
B_RP_FR_U_U_U_U_G4O_T03,7,10,10,8,24,12,14,22,10,10,9,27,15,16,22,10,10,8,24,12,14,22,10,10,9,27,15,16,22,10,10,10,30,15,15,25,10,10,7,21,9,12,22,10,10,3,9,6,13,13
B_RP_FR_ZH_F_U_U_G4O_T03,7,10,10,8,24,12,14,22,10,10,10,30,15,15,25,10,10,10,30,15,15,25,10,10,10,30,15,15,25,10,10,10,30,15,15,25,10,10,10,30,15,15,25,10,10,5,15,10,15,15
B_RP_FR_ZH_M_U_U_G4O_T03,7,10,10,8,24,12,14,22,10,10,10,30,15,15,25,10,10,7,21,10,13,21,10,10,9,27,14,15,23,10,10,10,30,15,15,25,10,10,8,24,12,14,22,10,10,7,21,10,13,21
B_RP_FR_US_M_U_U_G4O_T03,7,10,10,8,24,10,12,24,10,10,9,27,12,13,25,10,10,8,24,10,12,24,10,10,9,27,12,13,25,10,10,4,12,6,12,16,10,10,4,12,6,12,16,10,10,3,9,4,11,15
B_RP_FR_US_F_U_U_G4O_T03,7,10,10,8,24,12,14,22,10,10,10,30,15,15,25,10,10,10,30,15,15,25,10,10,7,21,10,13,21,10,10,5,15,9,14,16,10,10,6,18,9,13,19,10,10,4,12,6,12,16
B_RP_FR_FR_F_U_U_G4O_T03,7,10,10,8,24,12,14,22,10,10,3,9,5,12,14,10,10,6,18,9,13,19,10,10,9,27,15,16,22,10,10,10,30,18,18,22,10,10,7,21,11,14,20,10,10,4,12,6,12,16
B_RP_FR_FR_M_U_U_G4O_T03,7,10,10,8,24,10,12,24,10,10,9,27,12,13,25,10,10,8,24,10,12,24,10,10,10,30,15,15,25,10,10,10,30,15,15,25,10,10,9,27,12,13,25,10,10,9,27,12,13,25
B_RP_FR_ZH_F_ZH_M_G4O_T03,7,10,10,8,24,12,14,22,10,10,10,30,15,15,25,10,10,10,30,15,15,25,10,10,10,30,15,15,25,10,10,10,30,15,15,25,10,10,10,30,15,15,25,10,10,10,30,15,15,25
B_RP_FR_FR_M_ZH_M_G4O_T03,7,10,10,8,24,12,14,22,10,10,7,21,10,13,21,10,10,8,24,12,14,22,10,10,8,24,12,14,22,10,10,8,24,12,14,22,10,10,10,30,15,15,25,10,10,7,21,10,13,21
B_RP_FR_U_U_ZH_M_G4O_T03,7,10,10,8,24,12,14,22,10,10,8,24,10,12,24,10,10,9,27,14,15,23,10,10,9,27,13,14,24,10,10,7,21,11,14,20,10,10,7,21,11,14,20,10,10,7,21,11,14,20
B_RP_FR_ZH_M_ZH_M_G4O_T03,7,10,10,8,24,12,14,22,10,10,9,27,15,16,22,10,10,6,18,9,13,19,10,10,7,21,10,13,21,10,10,9,27,15,16,22,10,10,10,30,18,18,22,10,10,7,21,10,13,21
B_RP_FR_US_F_ZH_M_G4O_T03,7,10,10,8,24,12,14,22,10,10,10,30,15,15,25,10,10,10,30,15,15,25,10,10,10,30,15,15,25,10,10,10,30,15,15,25,10,10,10,30,15,15,25,10,10,6,18,9,13,19
B_RP_FR_FR_F_ZH_M_G4O_T03,7,10,10,8,24,12,14,22,10,10,10,30,15,15,25,10,10,10,30,15,15,25,10,10,8,24,12,14,22,10,10,8,24,12,14,22,10,10,9,27,13,14,24,10,10,4,12,6,12,16
B_RP_FR_US_M_ZH_M_G4O_T03,7,10,10,8,24,12,14,22,10,10,7,21,10,13,21,10,10,6,18,9,13,19,10,10,7,21,10,13,21,10,10,9,27,13,14,24,10,10,10,30,15,15,25,10,10,9,27,13,14,24
B_RP_FR_ZH_F_ZH_F_G4O_T03,7,10,10,8,24,12,14,22,10,10,9,27,15,16,22,10,10,10,30,18,18,22,10,10,10,30,18,18,22,10,10,9,27,15,16,22,10,10,10,30,18,18,22,10,10,10,30,18,18,22
B_RP_FR_U_U_ZH_F_G4O_T03,7,10,10,8,24,12,14,22,10,10,10,30,15,15,25,10,10,8,24,12,14,22,10,10,5,15,10,15,15,10,10,10,30,15,15,25,10,10,10,30,15,15,25,10,10,8,24,12,14,22
B_RP_FR_US_F_ZH_F_G4O_T03,7,10,10,8,24,12,14,22,10,10,9,27,15,16,22,10,10,10,30,18,18,22,10,10,10,30,18,18,22,10,10,10,30,18,18,22,10,10,10,30,18,18,22,10,10,10,30,18,18,22
B_RP_FR_ZH_M_ZH_F_G4O_T03,7,10,10,8,24,12,14,22,10,10,8,24,12,14,22,10,10,10,30,18,18,22,10,10,10,30,18,18,22,10,10,10,30,18,18,22,10,10,10,30,18,18,22,10,10,8,24,12,14,22
B_RP_FR_US_M_ZH_F_G4O_T03,7,10,10,8,24,12,14,22,10,10,9,27,15,16,22,10,10,10,30,18,18,22,10,10,10,30,18,18,22,10,10,10,30,18,18,22,10,10,10,30,18,18,22,10,10,10,30,18,18,22
B_RP_FR_FR_M_ZH_F_G4O_T03,7,10,10,8,24,12,14,22,10,10,10,30,15,15,25,10,10,10,30,15,15,25,10,10,10,30,15,15,25,10,10,10,30,15,15,25,10,10,10,30,15,15,25,10,10,8,24,12,14,22
B_RP_FR_U_U_US_M_G4O_T03,7,10,10,8,24,12,14,22,10,10,9,27,15,16,22,10,10,9,27,15,16,22,10,10,10,30,18,18,22,10,10,10,30,18,18,22,10,10,10,30,18,18,22,10,10,8,24,12,14,22
B_RP_FR_ZH_M_US_M_G4O_T03,7,10,10,8,24,10,12,24,10,10,10,30,15,15,25,10,10,9,27,12,13,25,10,10,10,30,15,15,25,10,10,9,27,12,13,25,10,10,7,21,9,12,22,10,10,9,27,12,13,25
B_RP_FR_FR_F_ZH_F_G4O_T03,7,10,10,8,24,15,17,19,10,10,7,21,15,18,16,10,10,10,30,20,20,20,10,10,10,30,20,20,20,10,10,10,30,20,20,20,10,10,10,30,20,20,20,10,10,10,30,20,20,20
B_RP_FR_US_F_US_M_G4O_T03,7,10,10,8,24,12,14,22,10,10,7,21,10,13,21,10,10,8,24,12,14,22,10,10,10,30,15,15,25,10,10,10,30,15,15,25,10,10,10,30,15,15,25,10,10,7,21,10,13,21
B_RP_FR_ZH_F_US_M_G4O_T03,7,10,10,8,24,10,12,24,10,10,10,30,15,15,25,10,10,10,30,15,15,25,10,10,9,27,14,15,23,10,10,8,24,12,14,22,10,10,8,24,12,14,22,10,10,6,18,9,13,19
B_RP_FR_FR_M_US_M_G4O_T03,7,10,10,8,24,10,12,24,10,10,7,21,10,13,21,10,10,4,12,6,12,16,10,10,6,18,10,14,18,10,10,7,21,10,13,21,10,10,8,24,10,12,24,10,10,4,12,6,12,16
B_RP_FR_U_U_US_F_G4O_T03,7,10,10,8,24,12,14,22,10,10,6,18,9,13,19,10,10,8,24,12,14,22,10,10,10,30,15,15,25,10,10,10,30,15,15,25,10,10,9,27,13,14,24,10,10,5,15,7,12,18
B_RP_FR_US_M_US_M_G4O_T03,7,10,10,8,24,12,14,22,10,10,8,24,12,14,22,10,10,10,30,15,15,25,10,10,10,30,15,15,25,10,10,10,30,15,15,25,10,10,8,24,12,14,22,10,10,6,18,9,13,19
B_RP_FR_FR_F_US_M_G4O_T03,7,10,10,8,24,12,14,22,10,10,9,27,15,16,22,10,10,10,30,18,18,22,10,10,10,30,18,18,22,10,10,10,30,18,18,22,10,10,8,24,12,14,22,10,10,5,15,9,14,16
B_RP_FR_US_M_US_F_G4O_T03,7,10,10,8,24,12,14,22,10,10,8,24,12,14,22,10,10,10,30,12,12,28,10,10,9,27,12,13,25,10,10,7,21,12,15,19,10,10,10,30,12,12,28,10,10,7,21,12,15,19
B_RP_FR_ZH_M_US_F_G4O_T03,7,10,10,8,24,12,14,22,10,10,8,24,12,14,22,10,10,7,21,10,13,21,10,10,7,21,10,13,21,10,10,8,24,12,14,22,10,10,10,30,15,15,25,10,10,9,27,13,14,24
B_RP_FR_ZH_F_US_F_G4O_T03,7,10,10,8,24,12,14,22,10,10,9,27,15,16,22,10,10,10,30,18,18,22,10,10,7,21,9,12,22,10,10,10,30,18,18,22,10,10,10,30,18,18,22,10,10,10,30,18,18,22
B_RP_FR_U_U_FR_M_G4O_T03,7,10,10,8,24,12,14,22,10,10,9,27,15,16,22,10,10,10,30,18,18,22,10,10,10,30,18,18,22,10,10,10,30,18,18,22,10,10,10,30,18,18,22,10,10,8,24,12,14,22
B_RP_FR_US_F_US_F_G4O_T03,7,10,10,8,24,12,14,22,10,10,7,21,10,13,21,10,10,5,15,9,14,16,10,10,8,24,12,14,22,10,10,10,30,15,15,25,10,10,10,30,15,15,25,10,10,6,18,9,13,19
B_RP_FR_FR_M_US_F_G4O_T03,7,10,10,8,24,12,14,22,10,10,7,21,10,13,21,10,10,10,30,15,15,25,10,10,10,30,15,15,25,10,10,10,30,15,15,25,10,10,10,30,15,15,25,10,10,6,18,9,13,19
B_RP_FR_ZH_F_FR_M_G4O_T03,7,10,10,8,24,12,14,22,10,10,10,30,15,15,25,10,10,10,30,15,15,25,10,10,10,30,15,15,25,10,10,8,24,12,14,22,10,10,6,18,9,13,19,10,10,6,18,9,13,19
B_RP_FR_ZH_M_FR_M_G4O_T03,7,10,10,8,24,10,12,24,10,10,9,27,12,13,25,10,10,9,27,12,13,25,10,10,8,24,10,12,24,10,10,7,21,9,12,22,10,10,6,18,8,12,20,10,10,9,27,12,13,25
B_RP_FR_FR_F_US_F_G4O_T03,7,10,10,8,24,12,14,22,10,10,8,24,12,14,22,10,10,10,30,15,15,25,10,10,10,30,15,15,25,10,10,10,30,15,15,25,10,10,8,24,12,14,22,10,10,7,21,9,12,22
B_RP_FR_US_F_FR_M_G4O_T03,7,10,10,8,24,12,14,22,10,10,7,21,10,13,21,10,10,10,30,15,15,25,10,10,10,30,15,15,25,10,10,9,27,13,14,24,10,10,8,24,12,14,22,10,10,3,9,5,12,14
B_RP_FR_US_M_FR_M_G4O_T03,7,10,10,8,24,12,14,22,10,10,10,30,15,15,25,10,10,10,30,15,15,25,10,10,10,30,15,15,25,10,10,10,30,15,15,25,10,10,10,30,15,15,25,10,10,7,21,10,13,21
B_RP_FR_FR_F_FR_M_G4O_T03,7,10,10,8,24,12,14,22,10,10,10,30,15,15,25,10,10,10,30,15,15,25,10,10,8,24,12,14,22,10,10,10,30,15,15,25,10,10,9,27,13,14,24,10,10,6,18,9,13,19
B_RP_FR_FR_M_FR_M_G4O_T03,7,10,10,8,24,12,14,22,10,10,10,30,15,15,25,10,10,10,30,15,15,25,10,10,10,30,15,15,25,10,10,9,27,15,16,22,10,10,10,30,15,15,25,10,10,8,24,12,14,22
B_RP_FR_U_U_FR_F_G4O_T03,7,10,10,8,24,15,17,19,10,10,10,30,20,20,20,10,10,10,30,20,20,20,10,10,10,30,20,20,20,10,10,10,30,20,20,20,10,10,9,27,20,21,17,10,10,10,30,20,20,20
B_RP_FR_ZH_F_FR_F_G4O_T03,7,10,10,8,24,12,14,22,10,10,10,30,15,15,25,10,10,8,24,12,14,22,10,10,10,30,15,15,25,10,10,10,30,15,15,25,10,10,9,27,13,14,24,10,10,8,24,12,14,22
B_RP_FR_ZH_M_FR_F_G4O_T03,7,10,10,8,24,12,14,22,10,10,6,18,10,14,18,10,10,6,18,10,14,18,10,10,8,24,12,14,22,10,10,10,30,18,18,22,10,10,10,30,18,18,22,10,10,7,21,10,13,21
B_RP_FR_US_F_FR_F_G4O_T03,7,10,10,8,24,12,14,22,10,10,9,27,15,16,22,10,10,10,30,18,18,22,10,10,10,30,18,18,22,10,10,10,30,18,18,22,10,10,10,30,18,18,22,10,10,10,30,18,18,22
B_RP_FR_FR_M_FR_F_G4O_T03,7,10,10,8,24,12,14,22,10,10,7,21,10,13,21,10,10,6,18,9,13,19,10,10,5,15,8,13,17,10,10,6,18,9,13,19,10,10,7,21,10,13,21,10,10,7,21,10,13,21
B_RP_FR_US_M_FR_F_G4O_T03,7,10,10,8,24,12,14,22,10,10,10,30,15,15,25,10,10,10,30,15,15,25,10,10,10,30,15,15,25,10,10,10,30,15,15,25,10,10,10,30,15,15,25,10,10,8,24,12,14,22
B_RP_FR_FR_F_FR_F_G4O_T03,7,10,10,8,24,12,14,22,10,10,10,30,15,15,25,10,10,10,30,15,15,25,10,10,10,30,15,15,25,10,10,10,30,15,15,25,10,10,10,30,15,15,25,10,10,10,30,15,15,25
B_RP_FR_ZH_M_U_U_G4O_T03,7,10,10,10,30,20,20,20,10,10,10,30,20,20,20,10,10,10,30,20,20,20,10,10,10,30,20,20,20,10,10,10,30,20,20,20,10,10,10,30,20,20,20,10,10,10,30,20,20,20
B_RP_FR_U_U_U_U_G4O_T03,7,10,10,10,30,20,20,20,10,10,10,30,20,20,20,10,10,10,30,20,20,20,10,10,10,30,20,20,20,10,10,10,30,20,20,20,10,10,10,30,20,20,20,10,10,9,27,20,21,17
B_RP_FR_FR_M_U_U_G4O_T03,7,10,10,10,30,20,20,20,10,10,10,30,20,20,20,10,10,8,24,24,26,10,10,10,10,30,20,20,20,10,10,10,30,20,20,20,10,10,10,30,20,20,20,10,10,10,30,20,20,20
B_RP_FR_ZH_F_U_U_G4O_T03,7,10,10,10,30,20,20,20,10,10,10,30,20,20,20,10,10,10,30,20,20,20,10,10,10,30,20,20,20,10,10,10,30,20,20,20,10,10,10,30,20,20,20,10,10,10,30,20,20,20
B_RP_FR_US_M_U_U_G4O_T03,7,10,10,10,30,20,20,20,10,10,10,30,20,20,20,10,10,10,30,20,20,20,10,10,10,30,20,20,20,10,10,10,30,20,20,20,10,10,9,27,20,21,17,10,10,9,27,20,21,17
B_RP_FR_US_F_U_U_G4O_T03,7,10,10,10,30,20,20,20,10,10,10,30,20,20,20,10,10,10,30,20,20,20,10,10,10,30,20,20,20,10,10,10,30,20,20,20,10,10,9,27,20,21,17,10,10,10,30,20,20,20
B_RP_FR_FR_F_U_U_G4O_T03,7,10,10,10,30,20,20,20,10,10,10,30,20,20,20,10,10,10,30,20,20,20,10,10,10,30,20,20,20,10,10,10,30,20,20,20,10,10,10,30,20,20,20,10,10,10,30,20,20,20
B_RP_FR_ZH_F_ZH_M_G4O_T03,7,10,10,10,30,20,20,20,10,10,10,30,20,20,20,10,10,10,30,20,20,20,10,10,10,30,20,20,20,10,10,10,30,20,20,20,10,10,10,30,20,20,20,10,10,8,24,20,22,14
B_RP_FR_U_U_ZH_M_G4O_T03,7,10,10,10,30,20,20,20,10,10,10,30,20,20,20,10,10,10,30,20,20,20,10,10,10,30,20,20,20,10,10,10,30,20,20,20,10,10,10,30,20,20,20,10,10,10,30,20,20,20
B_RP_FR_US_M_ZH_M_G4O_T03,7,10,10,10,30,20,20,20,10,10,10,30,20,20,20,10,10,10,30,20,20,20,10,10,10,30,20,20,20,10,10,10,30,20,20,20,10,10,10,30,20,20,20,10,10,10,30,20,20,20
B_RP_FR_ZH_M_ZH_M_G4O_T03,7,10,10,10,30,20,20,20,10,10,10,30,20,20,20,10,10,7,21,15,18,16,10,10,10,30,20,20,20,10,10,10,30,20,20,20,10,10,10,30,20,20,20,10,10,10,30,20,20,20
B_RP_FR_FR_F_ZH_M_G4O_T03,7,10,10,10,30,20,20,20,10,10,10,30,20,20,20,10,10,10,30,20,20,20,10,10,10,30,20,20,20,10,10,10,30,20,20,20,10,10,10,30,20,20,20,10,10,10,30,20,20,20
B_RP_FR_U_U_ZH_F_G4O_T03,7,10,10,10,30,20,20,20,10,10,10,30,20,20,20,10,10,10,30,20,20,20,10,10,10,30,20,20,20,10,10,10,30,20,20,20,10,10,10,30,20,20,20,10,10,10,30,20,20,20
B_RP_FR_US_F_ZH_M_G4O_T03,7,10,10,10,30,20,20,20,10,10,10,30,20,20,20,10,10,10,30,20,20,20,10,10,10,30,20,20,20,10,10,10,30,20,20,20,10,10,10,30,20,20,20,10,10,10,30,20,20,20
B_RP_FR_FR_M_ZH_M_G4O_T03,7,10,10,10,30,20,20,20,10,10,10,30,20,20,20,10,10,10,30,20,20,20,10,10,10,30,20,20,20,10,10,10,30,20,20,20,10,10,7,21,20,23,11,10,10,8,24,20,22,14
B_RP_FR_ZH_M_ZH_F_G4O_T03,7,10,10,10,30,20,20,20,10,10,10,30,20,20,20,10,10,10,30,20,20,20,10,10,10,30,20,20,20,10,10,10,30,20,20,20,10,10,10,30,20,20,20,10,10,9,27,18,19,19
B_RP_FR_ZH_F_ZH_F_G4O_T03,7,10,10,10,30,15,15,25,10,10,10,30,15,15,25,10,10,9,27,15,16,22,10,10,8,24,15,17,19,10,10,10,30,15,15,25,10,10,8,24,15,17,19,10,10,7,21,15,18,16
B_RP_FR_US_F_ZH_F_G4O_T03,7,10,10,10,30,20,20,20,10,10,8,24,15,17,19,10,10,10,30,20,20,20,10,10,9,27,20,21,17,10,10,10,30,20,20,20,10,10,10,30,20,20,20,10,10,9,27,20,21,17
B_RP_FR_U_U_US_M_G4O_T03,7,10,10,10,30,20,20,20,10,10,10,30,20,20,20,10,10,10,30,20,20,20,10,10,10,30,20,20,20,10,10,10,30,20,20,20,10,10,10,30,20,20,20,10,10,10,30,20,20,20
B_RP_FR_US_M_ZH_F_G4O_T03,7,10,10,10,30,20,20,20,10,10,10,30,20,20,20,10,10,9,27,20,21,17,10,10,10,30,20,20,20,10,10,10,30,20,20,20,10,10,10,30,20,20,20,10,10,10,30,20,20,20
B_RP_FR_FR_M_ZH_F_G4O_T03,7,10,10,10,30,20,20,20,10,10,10,30,20,20,20,10,10,10,30,20,20,20,10,10,10,30,20,20,20,10,10,9,27,20,21,17,10,10,10,30,20,20,20,10,10,6,18,18,22,10
B_RP_FR_FR_F_ZH_F_G4O_T03,7,10,10,10,30,20,20,20,10,10,10,30,20,20,20,10,10,10,30,20,20,20,10,10,9,27,18,19,19,10,10,10,30,20,20,20,10,10,10,30,20,20,20,10,10,8,24,16,18,18
B_RP_FR_ZH_M_US_M_G4O_T03,7,10,10,10,30,20,20,20,10,10,10,30,20,20,20,10,10,7,21,15,18,16,10,10,10,30,20,20,20,10,10,10,30,20,20,20,10,10,10,30,20,20,20,10,10,10,30,20,20,20
B_RP_FR_US_M_US_M_G4O_T03,7,10,10,10,30,15,15,25,10,10,10,30,15,15,25,10,10,10,30,15,15,25,10,10,7,21,15,18,16,10,10,9,27,15,16,22,10,10,7,21,15,18,16,10,10,5,15,15,20,10
B_RP_FR_US_F_US_M_G4O_T03,7,10,10,10,30,20,20,20,10,10,10,30,20,20,20,10,10,10,30,20,20,20,10,10,10,30,20,20,20,10,10,10,30,20,20,20,10,10,10,30,20,20,20,10,10,6,18,10,14,18
B_RP_FR_ZH_F_US_M_G4O_T03,7,10,10,10,30,20,20,20,10,10,10,30,20,20,20,10,10,10,30,20,20,20,10,10,10,30,20,20,20,10,10,10,30,20,20,20,10,10,6,18,10,14,18,10,10,8,24,20,22,14
B_RP_FR_FR_M_US_M_G4O_T03,7,10,10,10,30,20,20,20,10,10,10,30,20,20,20,10,10,10,30,20,20,20,10,10,10,30,20,20,20,10,10,10,30,20,20,20,10,10,8,24,20,22,14,10,10,10,30,20,20,20
B_RP_FR_FR_F_US_M_G4O_T03,7,10,10,10,30,20,20,20,10,10,10,30,20,20,20,10,10,10,30,20,20,20,10,10,10,30,20,20,20,10,10,10,30,20,20,20,10,10,10,30,20,20,20,10,10,10,30,20,20,20
B_RP_FR_US_M_US_F_G4O_T03,7,10,10,10,30,20,20,20,10,10,9,27,18,19,19,10,10,10,30,20,20,20,10,10,10,30,20,20,20,10,10,10,30,20,20,20,10,10,10,30,20,20,20,10,10,10,30,20,20,20
B_RP_FR_U_U_US_F_G4O_T03,7,10,10,10,30,20,20,20,10,10,10,30,20,20,20,10,10,10,30,20,20,20,10,10,10,30,20,20,20,10,10,10,30,20,20,20,10,10,10,30,20,20,20,10,10,10,30,20,20,20
B_RP_FR_ZH_M_US_F_G4O_T03,7,10,10,10,30,20,20,20,10,10,10,30,20,20,20,10,10,8,24,20,22,14,10,10,10,30,20,20,20,10,10,10,30,20,20,20,10,10,9,27,20,21,17,10,10,6,18,18,22,10
B_RP_FR_ZH_F_US_F_G4O_T03,7,10,10,10,30,20,20,20,10,10,10,30,20,20,20,10,10,10,30,20,20,20,10,10,10,30,20,20,20,10,10,10,30,20,20,20,10,10,10,30,20,20,20,10,10,9,27,17,18,20
B_RP_FR_US_F_US_F_G4O_T03,7,10,10,10,30,20,20,20,10,10,10,30,20,20,20,10,10,10,30,20,20,20,10,10,10,30,20,20,20,10,10,10,30,20,20,20,10,10,10,30,20,20,20,10,10,10,30,20,20,20
B_RP_FR_ZH_M_FR_M_G4O_T03,7,10,10,10,30,20,20,20,10,10,10,30,20,20,20,10,10,10,30,20,20,20,10,10,10,30,20,20,20,10,10,10,30,20,20,20,10,10,10,30,20,20,20,10,10,10,30,20,20,20
B_RP_FR_U_U_FR_M_G4O_T03,7,10,10,10,30,20,20,20,10,10,10,30,20,20,20,10,10,10,30,20,20,20,10,10,10,30,20,20,20,10,10,10,30,20,20,20,10,10,10,30,20,20,20,10,10,10,30,20,20,20
B_RP_FR_FR_F_US_F_G4O_T03,7,10,10,10,30,20,20,20,10,10,10,30,20,20,20,10,10,10,30,20,20,20,10,10,9,27,20,21,17,10,10,10,30,20,20,20,10,10,10,30,20,20,20,10,10,10,30,20,20,20
B_RP_FR_FR_M_US_F_G4O_T03,7,10,10,10,30,20,20,20,10,10,9,27,18,19,19,10,10,9,27,18,19,19,10,10,10,30,20,20,20,10,10,10,30,20,20,20,10,10,10,30,20,20,20,10,10,9,27,18,19,19
B_RP_FR_US_M_FR_M_G4O_T03,7,10,10,10,30,20,20,20,10,10,10,30,20,20,20,10,10,10,30,20,20,20,10,10,10,30,20,20,20,10,10,10,30,20,20,20,10,10,10,30,20,20,20,10,10,7,21,21,24,10
B_RP_FR_ZH_F_FR_M_G4O_T03,7,10,10,10,30,20,20,20,10,10,10,30,20,20,20,10,10,10,30,20,20,20,10,10,10,30,20,20,20,10,10,10,30,20,20,20,10,10,10,30,20,20,20,10,10,10,30,20,20,20
B_RP_FR_FR_M_FR_M_G4O_T03,7,10,10,10,30,20,20,20,10,10,10,30,20,20,20,10,10,10,30,20,20,20,10,10,10,30,20,20,20,10,10,10,30,20,20,20,10,10,9,27,20,21,17,10,10,10,30,20,20,20
B_RP_FR_US_F_FR_M_G4O_T03,7,10,10,10,30,20,20,20,10,10,10,30,20,20,20,10,10,10,30,20,20,20,10,10,10,30,20,20,20,10,10,10,30,20,20,20,10,10,10,30,20,20,20,10,10,10,30,20,20,20
B_RP_FR_FR_F_FR_M_G4O_T03,7,10,10,10,30,20,20,20,10,10,10,30,20,20,20,10,10,10,30,20,20,20,10,10,9,27,20,21,17,10,10,10,30,20,20,20,10,10,10,30,20,20,20,10,10,8,24,20,22,14
B_RP_FR_US_F_FR_F_G4O_T03,7,10,10,10,30,20,20,20,10,10,10,30,20,20,20,10,10,9,27,20,21,17,10,10,8,24,20,22,14,10,10,10,30,20,20,20,10,10,10,30,20,20,20,10,10,9,27,20,21,17
B_RP_FR_U_U_FR_F_G4O_T03,7,10,10,10,30,20,20,20,10,10,10,30,20,20,20,10,10,10,30,20,20,20,10,10,10,30,20,20,20,10,10,10,30,20,20,20,10,10,10,30,20,20,20,10,10,10,30,20,20,20
B_RP_FR_ZH_F_FR_F_G4O_T03,7,10,10,10,30,20,20,20,10,10,10,30,20,20,20,10,10,10,30,20,20,20,10,10,10,30,20,20,20,10,10,9,27,19,20,18,10,10,10,30,20,20,20,10,10,9,27,19,20,18
B_RP_FR_ZH_M_FR_F_G4O_T03,7,10,10,10,30,20,20,20,10,10,10,30,20,20,20,10,10,10,30,20,20,20,10,10,10,30,20,20,20,10,10,10,30,20,20,20,10,10,10,30,20,20,20,10,10,10,30,20,20,20
B_RP_FR_FR_M_FR_F_G4O_T03,7,10,10,10,30,20,20,20,10,10,10,30,20,20,20,10,10,10,30,20,20,20,10,10,10,30,20,20,20,10,10,10,30,20,20,20,10,10,10,30,20,20,20,10,10,6,18,18,22,10
B_RP_FR_US_M_FR_F_G4O_T03,7,10,10,10,30,20,20,20,10,10,9,27,18,19,19,10,10,10,30,20,20,20,10,10,10,30,20,20,20,10,10,10,30,20,20,20,10,10,8,24,16,18,18,10,10,9,27,18,19,19
B_RP_FR_FR_F_FR_F_G4O_T03,7,10,10,10,30,20,20,20,10,10,10,30,20,20,20,10,10,10,30,20,20,20,10,10,10,30,20,20,20,10,10,10,30,20,20,20,10,10,10,30,20,20,20,10,10,9,27,20,21,17
A_RP_FR_U_U_ZH_M_G4O_T05,7,10,10,5,15,2,7,23,10,10,5,15,1,6,24,10,10,5,15,1,6,24,10,10,5,15,2,7,23,10,10,5,15,1,6,24,10,10,5,15,3,8,22,10,10,5,15,0,5,25
A_RP_FR_U_U_U_U_G4O_T05,7,10,10,5,15,2,7,23,10,10,5,15,2,7,23,10,10,5,15,2,7,23,10,10,5,15,0,5,25,10,10,5,15,3,8,22,10,10,5,15,3,8,22,10,10,5,15,1,6,24
A_RP_FR_U_U_ZH_F_G4O_T05,7,10,10,5,15,2,7,23,10,10,5,15,0,5,25,10,10,5,15,2,7,23,10,10,5,15,1,6,24,10,10,5,15,2,7,23,10,10,5,15,2,7,23,10,10,5,15,0,5,25
A_RP_FR_U_U_US_M_G4O_T05,7,10,10,5,15,3,8,22,10,10,4,12,3,9,19,10,10,4,12,1,7,21,10,10,4,12,3,9,19,10,10,4,12,2,8,20,10,10,4,12,2,8,20,10,10,4,12,1,7,21
A_RP_FR_U_U_FR_M_G4O_T05,7,10,10,5,15,2,7,23,10,10,4,12,4,10,18,10,10,3,9,2,9,17,10,10,4,12,1,7,21,10,10,3,9,4,11,15,10,10,4,12,2,8,20,10,10,4,12,2,8,20
A_RP_FR_U_U_US_F_G4O_T05,7,10,10,5,15,2,7,23,10,10,4,12,1,7,21,10,10,3,9,2,9,17,10,10,2,6,1,9,15,10,10,3,9,1,8,18,10,10,3,9,1,8,18,10,10,3,9,0,7,19
A_RP_FR_ZH_M_U_U_G4O_T05,7,10,10,5,15,3,8,22,10,10,4,12,3,9,19,10,10,4,12,2,8,20,10,10,4,12,2,8,20,10,10,4,12,3,9,19,10,10,4,12,2,8,20,10,10,4,12,0,6,22
A_RP_FR_U_U_FR_F_G4O_T05,7,10,10,5,15,1,6,24,10,10,5,15,2,7,23,10,10,5,15,2,7,23,10,10,5,15,3,8,22,10,10,5,15,3,8,22,10,10,5,15,0,5,25,10,10,5,15,0,5,25
A_RP_FR_ZH_M_US_M_G4O_T05,7,10,10,5,15,3,8,22,10,10,4,12,2,8,20,10,10,3,9,1,8,18,10,10,2,6,0,8,16,10,10,1,3,3,12,10,10,10,2,6,1,9,15,10,10,3,9,0,7,19
A_RP_FR_ZH_M_ZH_M_G4O_T05,7,10,10,5,15,2,7,23,10,10,5,15,3,8,22,10,10,5,15,3,8,22,10,10,5,15,4,9,21,10,10,5,15,2,7,23,10,10,5,15,2,7,23,10,10,5,15,0,5,25
A_RP_FR_ZH_M_US_F_G4O_T05,7,10,10,5,15,1,6,24,10,10,4,12,3,9,19,10,10,3,9,1,8,18,10,10,4,12,1,7,21,10,10,3,9,2,9,17,10,10,4,12,3,9,19,10,10,4,12,1,7,21
A_RP_FR_ZH_F_U_U_G4O_T05,7,10,10,5,15,2,7,23,10,10,5,15,2,7,23,10,10,5,15,1,6,24,10,10,5,15,1,6,24,10,10,5,15,2,7,23,10,10,5,15,2,7,23,10,10,5,15,0,5,25
A_RP_FR_ZH_M_FR_F_G4O_T05,7,10,10,5,15,1,6,24,10,10,4,12,2,8,20,10,10,3,9,2,9,17,10,10,3,9,1,8,18,10,10,3,9,2,9,17,10,10,3,9,3,10,16,10,10,3,9,0,7,19
A_RP_FR_ZH_M_ZH_F_G4O_T05,7,10,10,5,15,2,7,23,10,10,4,12,1,7,21,10,10,3,9,3,10,16,10,10,4,12,0,6,22,10,10,2,6,2,10,14,10,10,3,9,4,11,15,10,10,3,9,0,7,19
A_RP_FR_ZH_M_FR_M_G4O_T05,7,10,10,5,15,3,8,22,10,10,4,12,0,6,22,10,10,3,9,2,9,17,10,10,2,6,1,9,15,10,10,2,6,2,10,14,10,10,3,9,2,9,17,10,10,3,9,0,7,19
A_RP_FR_ZH_F_ZH_M_G4O_T05,7,10,10,5,15,2,7,23,10,10,4,12,2,8,20,10,10,4,12,2,8,20,10,10,4,12,4,10,18,10,10,4,12,1,7,21,10,10,4,12,1,7,21,10,10,4,12,2,8,20
A_RP_FR_ZH_F_ZH_F_G4O_T05,7,10,10,5,15,2,7,23,10,10,5,15,0,5,25,10,10,3,9,4,11,15,10,10,4,12,1,7,21,10,10,3,9,2,9,17,10,10,3,9,2,9,17,10,10,3,9,0,7,19
A_RP_FR_US_M_U_U_G4O_T05,7,10,10,5,15,2,7,23,10,10,4,12,2,8,20,10,10,3,9,2,9,17,10,10,3,9,1,8,18,10,10,3,9,1,8,18,10,10,3,9,2,9,17,10,10,3,9,1,8,18
A_RP_FR_ZH_F_FR_M_G4O_T05,7,10,10,5,15,2,7,23,10,10,4,12,1,7,21,10,10,3,9,1,8,18,10,10,2,6,0,8,16,10,10,1,3,2,11,11,10,10,2,6,2,10,14,10,10,3,9,0,7,19
A_RP_FR_US_M_ZH_M_G4O_T05,7,10,10,5,15,2,7,23,10,10,4,12,2,8,20,10,10,3,9,1,8,18,10,10,3,9,3,10,16,10,10,3,9,2,9,17,10,10,3,9,1,8,18,10,10,3,9,0,7,19
A_RP_FR_ZH_F_US_F_G4O_T05,7,10,10,5,15,2,7,23,10,10,4,12,3,9,19,10,10,3,9,1,8,18,10,10,2,6,1,9,15,10,10,2,6,2,10,14,10,10,3,9,4,11,15,10,10,3,9,1,8,18
A_RP_FR_ZH_F_US_M_G4O_T05,7,10,10,5,15,1,6,24,10,10,4,12,2,8,20,10,10,3,9,1,8,18,10,10,2,6,2,10,14,10,10,3,9,1,8,18,10,10,2,6,3,11,13,10,10,3,9,0,7,19
A_RP_FR_US_M_ZH_F_G4O_T05,7,10,10,5,15,2,7,23,10,10,4,12,1,7,21,10,10,3,9,3,10,16,10,10,2,6,2,10,14,10,10,3,9,1,8,18,10,10,2,6,2,10,14,10,10,3,9,0,7,19
A_RP_FR_US_M_US_M_G4O_T05,7,10,10,5,15,3,8,22,10,10,5,15,3,8,22,10,10,5,15,2,7,23,10,10,5,15,3,8,22,10,10,5,15,0,5,25,10,10,5,15,2,7,23,10,10,5,15,1,6,24
A_RP_FR_ZH_F_FR_F_G4O_T05,7,10,10,5,15,2,7,23,10,10,4,12,1,7,21,10,10,3,9,3,10,16,10,10,2,6,0,8,16,10,10,3,9,0,7,19,10,10,2,6,3,11,13,10,10,3,9,1,8,18
A_RP_FR_US_M_FR_M_G4O_T05,7,10,10,5,15,1,6,24,10,10,4,12,2,8,20,10,10,3,9,2,9,17,10,10,3,9,1,8,18,10,10,3,9,2,9,17,10,10,3,9,1,8,18,10,10,3,9,2,9,17
A_RP_FR_US_M_US_F_G4O_T05,7,10,10,5,15,2,7,23,10,10,5,15,2,7,23,10,10,5,15,1,6,24,10,10,5,15,3,8,22,10,10,5,15,1,6,24,10,10,5,15,3,8,22,10,10,5,15,0,5,25
A_RP_FR_US_F_U_U_G4O_T05,7,10,10,5,15,3,8,22,10,10,5,15,1,6,24,10,10,4,12,2,8,20,10,10,4,12,2,8,20,10,10,4,12,2,8,20,10,10,4,12,1,7,21,10,10,4,12,1,7,21
A_RP_FR_US_F_ZH_F_G4O_T05,7,10,10,5,15,1,6,24,10,10,4,12,1,7,21,10,10,3,9,2,9,17,10,10,4,12,1,7,21,10,10,3,9,1,8,18,10,10,3,9,3,10,16,10,10,3,9,0,7,19
A_RP_FR_US_F_ZH_M_G4O_T05,7,10,10,5,15,3,8,22,10,10,4,12,2,8,20,10,10,3,9,2,9,17,10,10,2,6,3,11,13,10,10,3,9,1,8,18,10,10,3,9,1,8,18,10,10,3,9,0,7,19
A_RP_FR_US_M_FR_F_G4O_T05,7,10,10,5,15,2,7,23,10,10,4,12,3,9,19,10,10,3,9,2,9,17,10,10,2,6,2,10,14,10,10,3,9,1,8,18,10,10,2,6,1,9,15,10,10,3,9,1,8,18
A_RP_FR_US_F_FR_M_G4O_T05,7,10,10,5,15,3,8,22,10,10,4,12,1,7,21,10,10,3,9,1,8,18,10,10,2,6,3,11,13,10,10,3,9,2,9,17,10,10,3,9,0,7,19,10,10,2,6,0,8,16
A_RP_FR_US_F_FR_F_G4O_T05,7,10,10,5,15,2,7,23,10,10,4,12,3,9,19,10,10,4,12,1,7,21,10,10,3,9,1,8,18,10,10,3,9,2,9,17,10,10,3,9,1,8,18,10,10,3,9,1,8,18
A_RP_FR_US_F_US_F_G4O_T05,7,10,10,5,15,3,8,22,10,10,4,12,2,8,20,10,10,3,9,1,8,18,10,10,2,6,2,10,14,10,10,1,3,3,12,10,10,10,2,6,2,10,14,10,10,2,6,2,10,14
A_RP_FR_US_F_US_M_G4O_T05,7,10,10,5,15,3,8,22,10,10,5,15,0,5,25,10,10,3,9,2,9,17,10,10,4,12,2,8,20,10,10,4,12,3,9,19,10,10,3,9,3,10,16,10,10,4,12,0,6,22
A_RP_FR_FR_M_ZH_M_G4O_T05,7,10,10,5,15,2,7,23,10,10,4,12,2,8,20,10,10,3,9,3,10,16,10,10,4,12,1,7,21,10,10,3,9,0,7,19,10,10,2,6,1,9,15,10,10,3,9,1,8,18
A_RP_FR_FR_M_U_U_G4O_T05,7,10,10,5,15,2,7,23,10,10,4,12,1,7,21,10,10,3,9,1,8,18,10,10,2,6,1,9,15,10,10,1,3,1,10,12,10,10,0,0,2,12,8,10,10,3,9,0,7,19
A_RP_FR_FR_M_US_M_G4O_T05,7,10,10,5,15,2,7,23,10,10,4,12,0,6,22,10,10,3,9,2,9,17,10,10,2,6,3,11,13,10,10,1,3,2,11,11,10,10,2,6,2,10,14,10,10,2,6,0,8,16
A_RP_FR_FR_M_ZH_F_G4O_T05,7,10,10,5,15,3,8,22,10,10,4,12,1,7,21,10,10,3,9,1,8,18,10,10,2,6,2,10,14,10,10,2,6,2,10,14,10,10,3,9,3,10,16,10,10,3,9,0,7,19
A_RP_FR_FR_M_FR_F_G4O_T05,7,10,10,5,15,3,8,22,10,10,4,12,2,8,20,10,10,4,12,2,8,20,10,10,4,12,2,8,20,10,10,4,12,1,7,21,10,10,4,12,1,7,21,10,10,4,12,0,6,22
A_RP_FR_FR_M_US_F_G4O_T05,7,10,10,5,15,3,8,22,10,10,4,12,2,8,20,10,10,4,12,2,8,20,10,10,4,12,2,8,20,10,10,4,12,1,7,21,10,10,4,12,2,8,20,10,10,4,12,0,6,22
A_RP_FR_FR_F_U_U_G4O_T05,7,10,10,5,15,2,7,23,10,10,5,15,2,7,23,10,10,5,15,1,6,24,10,10,5,15,1,6,24,10,10,5,15,1,6,24,10,10,5,15,2,7,23,10,10,5,15,0,5,25
A_RP_FR_FR_M_FR_M_G4O_T05,7,10,10,5,15,3,8,22,10,10,4,12,2,8,20,10,10,5,15,2,7,23,10,10,4,12,2,8,20,10,10,4,12,1,7,21,10,10,3,9,3,10,16,10,10,3,9,0,7,19
A_RP_FR_FR_F_ZH_F_G4O_T05,7,10,10,5,15,3,8,22,10,10,4,12,2,8,20,10,10,3,9,2,9,17,10,10,2,6,1,9,15,10,10,3,9,0,7,19,10,10,2,6,2,10,14,10,10,3,9,0,7,19
A_RP_FR_FR_F_ZH_M_G4O_T05,7,10,10,5,15,2,7,23,10,10,4,12,3,9,19,10,10,4,12,1,7,21,10,10,3,9,0,7,19,10,10,3,9,2,9,17,10,10,3,9,3,10,16,10,10,4,12,0,6,22
A_RP_FR_FR_F_US_F_G4O_T05,7,10,10,5,15,3,8,22,10,10,4,12,2,8,20,10,10,4,12,1,7,21,10,10,3,9,4,11,15,10,10,3,9,0,7,19,10,10,3,9,2,9,17,10,10,4,12,0,6,22
A_RP_FR_FR_F_US_M_G4O_T05,7,10,10,5,15,3,8,22,10,10,4,12,4,10,18,10,10,6,18,2,6,26,10,10,5,15,2,7,23,10,10,4,12,0,6,22,10,10,3,9,2,9,17,10,10,3,9,0,7,19
A_RP_FR_FR_F_FR_M_G4O_T05,7,10,10,5,15,3,8,22,10,10,5,15,1,6,24,10,10,4,12,2,8,20,10,10,4,12,2,8,20,10,10,4,12,4,10,18,10,10,4,12,3,9,19,10,10,4,12,0,6,22
A_RP_FR_FR_F_FR_F_G4O_T05,7,10,10,5,15,2,7,23,10,10,4,12,3,9,19,10,10,3,9,1,8,18,10,10,2,6,1,9,15,10,10,3,9,1,8,18,10,10,2,6,4,12,12,10,10,3,9,1,8,18
B_RP_FR_ZH_M_U_U_G4O_T05,7,10,10,0,0,0,10,10,10,10,0,0,0,10,10,10,10,3,9,5,12,14,10,10,8,24,10,12,24,10,10,8,24,10,12,24,10,10,6,18,9,13,19,10,10,10,30,15,15,25
B_RP_FR_FR_M_U_U_G4O_T05,7,10,10,0,0,0,10,10,10,10,2,6,4,12,12,10,10,5,15,6,11,19,10,10,4,12,8,14,14,10,10,10,30,15,15,25,10,10,10,30,15,15,25,10,10,6,18,9,13,19
B_RP_FR_U_U_U_U_G4O_T05,7,10,10,0,0,0,10,10,10,10,2,6,3,11,13,10,10,8,24,5,7,29,10,10,6,18,4,8,24,10,10,1,3,2,11,11,10,10,6,18,5,9,23,10,10,3,9,4,11,15
B_RP_FR_US_M_U_U_G4O_T05,7,10,10,0,0,0,10,10,10,10,0,0,0,10,10,10,10,4,12,6,12,16,10,10,4,12,6,12,16,10,10,3,9,5,12,14,10,10,5,15,8,13,17,10,10,6,18,9,13,19
B_RP_FR_ZH_F_U_U_G4O_T05,7,10,10,0,0,0,10,10,10,10,0,0,0,10,10,10,10,0,0,0,10,10,10,10,0,0,0,10,10,10,10,4,12,8,14,14,10,10,7,21,10,13,21,10,10,4,12,8,14,14
B_RP_FR_FR_F_U_U_G4O_T05,7,10,10,0,0,0,10,10,10,10,1,3,0,9,13,10,10,4,12,5,11,17,10,10,7,21,10,13,21,10,10,9,27,10,11,27,10,10,6,18,10,14,18,10,10,7,21,10,13,21
B_RP_FR_US_F_U_U_G4O_T05,7,10,10,0,0,0,10,10,10,10,1,3,2,11,11,10,10,6,18,9,13,19,10,10,10,30,15,15,25,10,10,9,27,18,19,19,10,10,10,30,20,20,20,10,10,9,27,18,19,19
B_RP_FR_U_U_ZH_M_G4O_T05,7,10,10,0,0,0,10,10,10,10,4,12,6,12,16,10,10,6,18,8,12,20,10,10,7,21,9,12,22,10,10,5,15,7,12,18,10,10,8,24,10,12,24,10,10,4,12,6,12,16
B_RP_FR_ZH_M_ZH_M_G4O_T05,7,10,10,0,0,0,10,10,10,10,1,3,0,9,13,10,10,0,0,0,10,10,10,10,0,0,0,10,10,10,10,2,6,0,8,16,10,10,1,3,0,9,13,10,10,0,0,0,10,10
B_RP_FR_ZH_F_ZH_M_G4O_T05,7,10,10,0,0,0,10,10,10,10,0,0,0,10,10,10,10,0,0,0,10,10,10,10,3,9,5,12,14,10,10,6,18,9,13,19,10,10,9,27,18,19,19,10,10,10,30,20,20,20
B_RP_FR_US_F_ZH_M_G4O_T05,7,10,10,0,0,0,10,10,10,10,3,9,5,12,14,10,10,6,18,10,14,18,10,10,10,30,15,15,25,10,10,5,15,8,13,17,10,10,6,18,10,14,18,10,10,7,21,10,13,21
B_RP_FR_US_M_ZH_M_G4O_T05,7,10,10,0,0,0,10,10,10,10,2,6,0,8,16,10,10,0,0,0,10,10,10,10,0,0,0,10,10,10,10,4,12,0,6,22,10,10,1,3,0,9,13,10,10,0,0,0,10,10
B_RP_FR_FR_M_ZH_M_G4O_T05,7,10,10,0,0,0,10,10,10,10,0,0,0,10,10,10,10,1,3,0,9,13,10,10,3,9,0,7,19,10,10,2,6,0,8,16,10,10,0,0,0,10,10,10,10,0,0,0,10,10
B_RP_FR_FR_F_ZH_M_G4O_T05,7,10,10,0,0,0,10,10,10,10,0,0,0,10,10,10,10,0,0,0,10,10,10,10,0,0,0,10,10,10,10,3,9,6,13,13,10,10,7,21,10,13,21,10,10,3,9,9,16,10
B_RP_FR_US_M_ZH_F_G4O_T05,7,10,10,0,0,0,10,10,10,10,1,3,0,9,13,10,10,4,12,5,11,17,10,10,3,9,3,10,16,10,10,2,6,2,10,14,10,10,6,18,8,12,20,10,10,2,6,2,10,14
B_RP_FR_ZH_M_ZH_F_G4O_T05,7,10,10,0,0,0,10,10,10,10,3,9,5,12,14,10,10,5,15,8,13,17,10,10,10,30,15,15,25,10,10,9,27,10,11,27,10,10,5,15,8,13,17,10,10,6,18,9,13,19
B_RP_FR_U_U_ZH_F_G4O_T05,7,10,10,0,0,0,10,10,10,10,3,9,5,12,14,10,10,6,18,9,13,19,10,10,8,24,10,12,24,10,10,10,30,15,15,25,10,10,10,30,15,15,25,10,10,7,21,10,13,21
B_RP_FR_ZH_F_ZH_F_G4O_T05,7,10,10,0,0,0,10,10,10,10,2,6,4,12,12,10,10,10,30,15,15,25,10,10,10,30,20,20,20,10,10,10,30,20,20,20,10,10,10,30,20,20,20,10,10,10,30,20,20,20
B_RP_FR_FR_M_ZH_F_G4O_T05,7,10,10,0,0,0,10,10,10,10,0,0,0,10,10,10,10,0,0,0,10,10,10,10,5,15,10,15,15,10,10,10,30,15,15,25,10,10,8,24,12,14,22,10,10,5,15,10,15,15
B_RP_FR_US_F_ZH_F_G4O_T05,7,10,10,0,0,0,10,10,10,10,1,3,0,9,13,10,10,2,6,0,8,16,10,10,2,6,0,8,16,10,10,1,3,0,9,13,10,10,3,9,0,7,19,10,10,0,0,0,10,10
B_RP_FR_U_U_US_M_G4O_T05,7,10,10,0,0,0,10,10,10,10,0,0,0,10,10,10,10,0,0,0,10,10,10,10,0,0,0,10,10,10,10,2,6,0,8,16,10,10,0,0,0,10,10,10,10,0,0,0,10,10
B_RP_FR_US_F_US_M_G4O_T05,7,10,10,0,0,0,10,10,10,10,1,3,0,9,13,10,10,0,0,0,10,10,10,10,1,3,0,9,13,10,10,5,15,0,5,25,10,10,0,0,0,10,10,10,10,0,0,0,10,10
B_RP_FR_FR_F_ZH_F_G4O_T05,7,10,10,0,0,0,10,10,10,10,0,0,0,10,10,10,10,4,12,10,16,12,10,10,8,24,10,12,24,10,10,4,12,10,16,12,10,10,10,30,10,10,30,10,10,4,12,10,16,12
B_RP_FR_ZH_F_US_M_G4O_T05,7,10,10,0,0,0,10,10,10,10,0,0,0,10,10,10,10,1,3,0,9,13,10,10,0,0,0,10,10,10,10,0,0,0,10,10,10,10,0,0,0,10,10,10,10,0,0,0,10,10
B_RP_FR_ZH_M_US_M_G4O_T05,7,10,10,0,0,0,10,10,10,10,4,12,10,16,12,10,10,9,27,10,11,27,10,10,10,30,15,15,25,10,10,8,24,10,12,24,10,10,8,24,10,12,24,10,10,1,3,3,12,10
B_RP_FR_FR_M_US_M_G4O_T05,7,10,10,0,0,0,10,10,10,10,0,0,0,10,10,10,10,1,3,0,9,13,10,10,0,0,0,10,10,10,10,0,0,0,10,10,10,10,4,12,0,6,22,10,10,0,0,0,10,10
B_RP_FR_US_M_US_M_G4O_T05,7,10,10,0,0,0,10,10,10,10,0,0,0,10,10,10,10,0,0,0,10,10,10,10,1,3,0,9,13,10,10,1,3,0,9,13,10,10,0,0,0,10,10,10,10,0,0,0,10,10
B_RP_FR_ZH_M_US_F_G4O_T05,7,10,10,0,0,0,10,10,10,10,0,0,0,10,10,10,10,0,0,0,10,10,10,10,0,0,0,10,10,10,10,1,3,0,9,13,10,10,0,0,0,10,10,10,10,0,0,0,10,10
B_RP_FR_U_U_US_F_G4O_T05,7,10,10,0,0,0,10,10,10,10,1,3,1,10,12,10,10,3,9,3,10,16,10,10,5,15,10,15,15,10,10,10,30,20,20,20,10,10,10,30,20,20,20,10,10,9,27,18,19,19
B_RP_FR_ZH_F_US_F_G4O_T05,7,10,10,0,0,0,10,10,10,10,1,3,0,9,13,10,10,4,12,6,12,16,10,10,4,12,5,11,17,10,10,6,18,9,13,19,10,10,7,21,10,13,21,10,10,10,30,15,15,25
B_RP_FR_US_F_US_F_G4O_T05,7,10,10,0,0,0,10,10,10,10,3,9,5,12,14,10,10,8,24,10,12,24,10,10,8,24,10,12,24,10,10,7,21,10,13,21,10,10,8,24,10,12,24,10,10,5,15,10,15,15
B_RP_FR_US_M_US_F_G4O_T05,7,10,10,0,0,0,10,10,10,10,0,0,0,10,10,10,10,1,3,0,9,13,10,10,0,0,0,10,10,10,10,0,0,0,10,10,10,10,1,3,0,9,13,10,10,0,0,0,10,10
B_RP_FR_FR_F_US_M_G4O_T05,7,10,10,0,0,0,10,10,10,10,2,6,3,11,13,10,10,4,12,5,11,17,10,10,9,27,10,11,27,10,10,6,18,8,12,20,10,10,7,21,9,12,22,10,10,2,6,3,11,13
B_RP_FR_U_U_FR_M_G4O_T05,7,10,10,0,0,0,10,10,10,10,0,0,0,10,10,10,10,2,6,3,11,13,10,10,5,15,5,10,20,10,10,4,12,6,12,16,10,10,5,15,6,11,19,10,10,4,12,6,12,16
B_RP_FR_FR_F_US_F_G4O_T05,7,10,10,0,0,0,10,10,10,10,1,3,0,9,13,10,10,2,6,0,8,16,10,10,0,0,0,10,10,10,10,0,0,0,10,10,10,10,1,3,0,9,13,10,10,0,0,0,10,10
B_RP_FR_FR_M_US_F_G4O_T05,7,10,10,0,0,0,10,10,10,10,0,0,0,10,10,10,10,0,0,0,10,10,10,10,4,12,6,12,16,10,10,5,15,8,13,17,10,10,8,24,12,14,22,10,10,3,9,5,12,14
B_RP_FR_ZH_M_FR_M_G4O_T05,7,10,10,0,0,0,10,10,10,10,0,0,0,10,10,10,10,1,3,0,9,13,10,10,0,0,0,10,10,10,10,0,0,0,10,10,10,10,2,6,0,8,16,10,10,0,0,0,10,10
B_RP_FR_ZH_F_FR_M_G4O_T05,7,10,10,0,0,0,10,10,10,10,0,0,0,10,10,10,10,0,0,0,10,10,10,10,0,0,0,10,10,10,10,0,0,0,10,10,10,10,0,0,0,10,10,10,10,0,0,0,10,10
B_RP_FR_US_M_FR_M_G4O_T05,7,10,10,0,0,0,10,10,10,10,1,3,0,9,13,10,10,7,21,10,13,21,10,10,8,24,10,12,24,10,10,6,18,10,14,18,10,10,8,24,10,12,24,10,10,3,9,10,17,9
B_RP_FR_US_F_FR_M_G4O_T05,7,10,10,0,0,0,10,10,10,10,0,0,0,10,10,10,10,1,3,0,9,13,10,10,0,0,0,10,10,10,10,0,0,0,10,10,10,10,2,6,0,8,16,10,10,2,6,0,8,16
B_RP_FR_FR_M_FR_M_G4O_T05,7,10,10,0,0,0,10,10,10,10,2,6,2,10,14,10,10,7,21,10,13,21,10,10,9,27,15,16,22,10,10,10,30,15,15,25,10,10,10,30,15,15,25,10,10,5,15,10,15,15
B_RP_FR_FR_F_FR_M_G4O_T05,7,10,10,0,0,0,10,10,10,10,0,0,0,10,10,10,10,1,3,0,9,13,10,10,0,0,0,10,10,10,10,2,6,0,8,16,10,10,2,6,0,8,16,10,10,0,0,0,10,10
B_RP_FR_U_U_FR_F_G4O_T05,7,10,10,0,0,0,10,10,10,10,1,3,1,10,12,10,10,2,6,2,10,14,10,10,3,9,3,10,16,10,10,4,12,4,10,18,10,10,5,15,5,10,20,10,10,4,12,4,10,18
B_RP_FR_US_M_FR_F_G4O_T05,7,10,10,0,0,0,10,10,10,10,0,0,0,10,10,10,10,0,0,0,10,10,10,10,0,0,0,10,10,10,10,0,0,0,10,10,10,10,0,0,0,10,10,10,10,0,0,0,10,10
B_RP_FR_ZH_F_FR_F_G4O_T05,7,10,10,0,0,0,10,10,10,10,3,9,5,12,14,10,10,4,12,6,12,16,10,10,5,15,7,12,18,10,10,5,15,7,12,18,10,10,6,18,8,12,20,10,10,7,21,9,12,22
B_RP_FR_ZH_M_FR_F_G4O_T05,7,10,10,0,0,0,10,10,10,10,1,3,0,9,13,10,10,1,3,0,9,13,10,10,0,0,0,10,10,10,10,1,3,0,9,13,10,10,3,9,0,7,19,10,10,0,0,0,10,10
B_RP_FR_US_F_FR_F_G4O_T05,7,10,10,0,0,0,10,10,10,10,2,6,4,12,12,10,10,5,15,7,12,18,10,10,5,15,7,12,18,10,10,10,30,15,15,25,10,10,10,30,15,15,25,10,10,7,21,10,13,21
B_RP_FR_FR_M_FR_F_G4O_T05,7,10,10,0,0,0,10,10,10,10,2,6,3,11,13,10,10,4,12,5,11,17,10,10,6,18,9,13,19,10,10,10,30,15,15,25,10,10,7,21,10,13,21,10,10,6,18,9,13,19
B_RP_FR_FR_F_FR_F_G4O_T05,7,10,10,0,0,0,10,10,10,10,0,0,0,10,10,10,10,0,0,0,10,10,10,10,4,12,6,12,16,10,10,5,15,8,13,17,10,10,6,18,9,13,19,10,10,8,24,12,14,22
B_RP_FR_ZH_M_U_U_G4O_T05,7,10,10,2,6,4,12,12,10,10,7,21,5,8,26,10,10,6,18,5,9,23,10,10,6,18,5,9,23,10,10,7,21,5,8,26,10,10,6,18,5,9,23,10,10,7,21,5,8,26
B_RP_FR_US_F_U_U_G4O_T05,7,10,10,2,6,3,11,13,10,10,4,12,5,11,17,10,10,5,15,6,11,19,10,10,7,21,8,11,23,10,10,7,21,8,11,23,10,10,4,12,5,11,17,10,10,8,24,9,11,25
B_RP_FR_US_M_U_U_G4O_T05,7,10,10,2,6,3,11,13,10,10,7,21,5,8,26,10,10,5,15,4,9,21,10,10,4,12,6,12,16,10,10,7,21,5,8,26,10,10,6,18,6,10,22,10,10,3,9,5,12,14
B_RP_FR_FR_M_U_U_G4O_T05,7,10,10,2,6,4,12,12,10,10,4,12,6,12,16,10,10,6,18,9,13,19,10,10,9,27,12,13,25,10,10,10,30,15,15,25,10,10,10,30,15,15,25,10,10,6,18,9,13,19
B_RP_FR_FR_F_U_U_G4O_T05,7,10,10,2,6,4,12,12,10,10,4,12,6,12,16,10,10,5,15,7,12,18,10,10,9,27,10,11,27,10,10,10,30,15,15,25,10,10,9,27,10,11,27,10,10,8,24,11,13,23
B_RP_FR_ZH_F_U_U_G4O_T05,7,10,10,2,6,4,12,12,10,10,6,18,8,12,20,10,10,6,18,10,14,18,10,10,10,30,12,12,28,10,10,10,30,12,12,28,10,10,10,30,12,12,28,10,10,7,21,9,12,22
B_RP_FR_ZH_F_ZH_M_G4O_T05,7,10,10,2,6,4,12,12,10,10,6,18,9,13,19,10,10,10,30,15,15,25,10,10,6,18,9,13,19,10,10,7,21,10,13,21,10,10,9,27,13,14,24,10,10,6,18,9,13,19
B_RP_FR_ZH_M_ZH_M_G4O_T05,7,10,10,2,6,4,12,12,10,10,6,18,8,12,20,10,10,7,21,10,13,21,10,10,9,27,10,11,27,10,10,10,30,10,10,30,10,10,8,24,10,12,24,10,10,10,30,10,10,30
B_RP_FR_U_U_ZH_M_G4O_T05,7,10,10,2,6,4,12,12,10,10,4,12,6,12,16,10,10,3,9,5,12,14,10,10,7,21,10,13,21,10,10,4,12,6,12,16,10,10,6,18,9,13,19,10,10,3,9,5,12,14
B_RP_FR_U_U_U_U_G4O_T05,7,10,10,2,6,3,11,13,10,10,4,12,5,11,17,10,10,8,24,6,8,28,10,10,4,12,5,11,17,10,10,6,18,7,11,21,10,10,10,30,15,15,25,10,10,6,18,7,11,21
B_RP_FR_US_M_ZH_M_G4O_T05,7,10,10,2,6,4,12,12,10,10,4,12,6,12,16,10,10,7,21,10,13,21,10,10,10,30,15,15,25,10,10,10,30,15,15,25,10,10,9,27,14,15,23,10,10,6,18,9,13,19
B_RP_FR_U_U_ZH_F_G4O_T05,7,10,10,2,6,3,11,13,10,10,10,30,15,15,25,10,10,9,27,10,11,27,10,10,8,24,12,14,22,10,10,7,21,10,13,21,10,10,7,21,10,13,21,10,10,8,24,12,14,22
B_RP_FR_FR_M_ZH_M_G4O_T05,7,10,10,2,6,2,10,14,10,10,4,12,4,10,18,10,10,3,9,3,10,16,10,10,4,12,4,10,18,10,10,1,3,1,10,12,10,10,6,18,6,10,22,10,10,7,21,7,10,24
B_RP_FR_US_F_ZH_M_G4O_T05,7,10,10,2,6,4,12,12,10,10,5,15,10,15,15,10,10,8,24,15,17,19,10,10,10,30,20,20,20,10,10,10,30,20,20,20,10,10,10,30,20,20,20,10,10,10,30,20,20,20
B_RP_FR_US_M_ZH_F_G4O_T05,7,10,10,2,6,2,10,14,10,10,7,21,5,8,26,10,10,7,21,5,8,26,10,10,4,12,4,10,18,10,10,3,9,4,11,15,10,10,6,18,5,9,23,10,10,0,0,0,10,10
B_RP_FR_ZH_F_ZH_F_G4O_T05,7,10,10,2,6,4,12,12,10,10,6,18,6,10,22,10,10,9,27,9,10,28,10,10,5,15,7,12,18,10,10,5,15,7,12,18,10,10,6,18,6,10,22,10,10,4,12,6,12,16
B_RP_FR_FR_F_ZH_M_G4O_T05,7,10,10,2,6,4,12,12,10,10,5,15,7,12,18,10,10,9,27,10,11,27,10,10,10,30,12,12,28,10,10,9,27,10,11,27,10,10,8,24,10,12,24,10,10,7,21,9,12,22
B_RP_FR_ZH_M_ZH_F_G4O_T05,7,10,10,2,6,4,12,12,10,10,4,12,6,12,16,10,10,8,24,12,14,22,10,10,10,30,18,18,22,10,10,9,27,15,16,22,10,10,8,24,12,14,22,10,10,5,15,9,14,16
B_RP_FR_FR_F_ZH_F_G4O_T05,7,10,10,2,6,8,16,8,10,10,9,27,15,16,22,10,10,10,30,20,20,20,10,10,9,27,16,17,21,10,10,10,30,20,20,20,10,10,10,30,20,20,20,10,10,9,27,16,17,21
B_RP_FR_US_F_ZH_F_G4O_T05,7,10,10,2,6,4,12,12,10,10,3,9,5,12,14,10,10,7,21,10,13,21,10,10,7,21,10,13,21,10,10,10,30,12,12,28,10,10,7,21,10,13,21,10,10,1,3,3,12,10
B_RP_FR_FR_M_ZH_F_G4O_T05,7,10,10,2,6,2,10,14,10,10,4,12,4,10,18,10,10,8,24,8,10,26,10,10,6,18,6,10,22,10,10,7,21,7,10,24,10,10,8,24,8,10,26,10,10,4,12,4,10,18
B_RP_FR_U_U_US_M_G4O_T05,7,10,10,2,6,3,11,13,10,10,3,9,4,11,15,10,10,5,15,6,11,19,10,10,4,12,5,11,17,10,10,7,21,8,11,23,10,10,8,24,9,11,25,10,10,3,9,4,11,15
B_RP_FR_ZH_M_US_M_G4O_T05,7,10,10,2,6,4,12,12,10,10,7,21,10,13,21,10,10,5,15,6,11,19,10,10,6,18,9,13,19,10,10,6,18,9,13,19,10,10,8,24,9,11,25,10,10,9,27,10,11,27
B_RP_FR_US_F_US_M_G4O_T05,7,10,10,2,6,4,12,12,10,10,4,12,6,12,16,10,10,5,15,10,15,15,10,10,10,30,18,18,22,10,10,10,30,18,18,22,10,10,10,30,18,18,22,10,10,10,30,18,18,22
B_RP_FR_ZH_F_US_M_G4O_T05,7,10,10,2,6,4,12,12,10,10,9,27,10,11,27,10,10,9,27,10,11,27,10,10,6,18,10,14,18,10,10,6,18,10,14,18,10,10,8,24,10,12,24,10,10,3,9,10,17,9
B_RP_FR_FR_M_US_M_G4O_T05,7,10,10,2,6,5,13,11,10,10,7,21,10,13,21,10,10,7,21,10,13,21,10,10,9,27,10,11,27,10,10,7,21,10,13,21,10,10,5,15,10,15,15,10,10,6,18,10,14,18
B_RP_FR_US_M_US_M_G4O_T05,7,10,10,2,6,4,12,12,10,10,4,12,6,12,16,10,10,7,21,9,12,22,10,10,10,30,15,15,25,10,10,9,27,12,13,25,10,10,7,21,9,12,22,10,10,3,9,6,13,13
B_RP_FR_FR_F_US_M_G4O_T05,7,10,10,2,6,3,11,13,10,10,5,15,4,9,21,10,10,3,9,5,12,14,10,10,7,21,10,13,21,10,10,9,27,12,13,25,10,10,9,27,12,13,25,10,10,7,21,10,13,21
B_RP_FR_ZH_M_US_F_G4O_T05,7,10,10,2,6,4,12,12,10,10,4,12,6,12,16,10,10,6,18,9,13,19,10,10,9,27,12,13,25,10,10,10,30,15,15,25,10,10,8,24,12,14,22,10,10,7,21,10,13,21
B_RP_FR_US_M_US_F_G4O_T05,7,10,10,2,6,4,12,12,10,10,7,21,10,13,21,10,10,10,30,20,20,20,10,10,10,30,20,20,20,10,10,10,30,20,20,20,10,10,10,30,20,20,20,10,10,10,30,20,20,20
B_RP_FR_U_U_US_F_G4O_T05,7,10,10,2,6,4,12,12,10,10,1,3,3,12,10,10,10,6,18,10,14,18,10,10,10,30,15,15,25,10,10,9,27,18,19,19,10,10,10,30,15,15,25,10,10,6,18,10,14,18
B_RP_FR_US_F_US_F_G4O_T05,7,10,10,2,6,3,11,13,10,10,5,15,5,10,20,10,10,8,24,9,11,25,10,10,8,24,9,11,25,10,10,10,30,12,12,28,10,10,5,15,6,11,19,10,10,3,9,4,11,15
B_RP_FR_ZH_F_US_F_G4O_T05,7,10,10,2,6,4,12,12,10,10,1,3,2,11,11,10,10,0,0,0,10,10,10,10,0,0,0,10,10,10,10,0,0,0,10,10,10,10,0,0,0,10,10,10,10,3,9,5,12,14
B_RP_FR_ZH_M_FR_M_G4O_T05,7,10,10,2,6,4,12,12,10,10,4,12,6,12,16,10,10,8,24,9,11,25,10,10,6,18,8,12,20,10,10,7,21,10,13,21,10,10,6,18,8,12,20,10,10,7,21,9,12,22
B_RP_FR_FR_F_US_F_G4O_T05,7,10,10,2,6,4,12,12,10,10,7,21,10,13,21,10,10,10,30,15,15,25,10,10,9,27,15,16,22,10,10,8,24,12,14,22,10,10,10,30,15,15,25,10,10,7,21,10,13,21
B_RP_FR_FR_M_US_F_G4O_T05,7,10,10,2,6,4,12,12,10,10,10,30,15,15,25,10,10,8,24,12,14,22,10,10,8,24,12,14,22,10,10,9,27,13,14,24,10,10,9,27,13,14,24,10,10,5,15,8,13,17
B_RP_FR_US_M_FR_M_G4O_T05,7,10,10,2,6,3,11,13,10,10,3,9,4,11,15,10,10,5,15,7,12,18,10,10,5,15,7,12,18,10,10,1,3,2,11,11,10,10,3,9,4,11,15,10,10,4,12,6,12,16
B_RP_FR_ZH_F_FR_M_G4O_T05,7,10,10,2,6,4,12,12,10,10,6,18,10,14,18,10,10,7,21,10,13,21,10,10,9,27,12,13,25,10,10,10,30,15,15,25,10,10,10,30,15,15,25,10,10,7,21,10,13,21
B_RP_FR_U_U_FR_M_G4O_T05,7,10,10,2,6,4,12,12,10,10,4,12,6,12,16,10,10,6,18,9,13,19,10,10,6,18,9,13,19,10,10,9,27,14,15,23,10,10,10,30,15,15,25,10,10,7,21,10,13,21
B_RP_FR_FR_M_FR_M_G4O_T05,7,10,10,2,6,4,12,12,10,10,2,6,4,12,12,10,10,6,18,8,12,20,10,10,7,21,10,13,21,10,10,7,21,10,13,21,10,10,7,21,10,13,21,10,10,5,15,7,12,18
B_RP_FR_FR_F_FR_M_G4O_T05,7,10,10,2,6,4,12,12,10,10,8,24,10,12,24,10,10,10,30,15,15,25,10,10,10,30,15,15,25,10,10,7,21,10,13,21,10,10,9,27,12,13,25,10,10,6,18,9,13,19
B_RP_FR_US_F_FR_M_G4O_T05,7,10,10,2,6,4,12,12,10,10,4,12,6,12,16,10,10,7,21,9,12,22,10,10,7,21,9,12,22,10,10,9,27,12,13,25,10,10,10,30,15,15,25,10,10,8,24,11,13,23
B_RP_FR_U_U_FR_F_G4O_T05,7,10,10,2,6,4,12,12,10,10,5,15,7,12,18,10,10,6,18,9,13,19,10,10,7,21,10,13,21,10,10,9,27,13,14,24,10,10,9,27,13,14,24,10,10,7,21,10,13,21
B_RP_FR_ZH_M_FR_F_G4O_T05,7,10,10,2,6,4,12,12,10,10,7,21,10,13,21,10,10,3,9,6,13,13,10,10,7,21,10,13,21,10,10,9,27,10,11,27,10,10,8,24,10,12,24,10,10,7,21,10,13,21
B_RP_FR_US_F_FR_F_G4O_T05,7,10,10,2,6,4,12,12,10,10,5,15,8,13,17,10,10,10,30,15,15,25,10,10,10,30,15,15,25,10,10,10,30,15,15,25,10,10,10,30,15,15,25,10,10,7,21,10,13,21
B_RP_FR_US_M_FR_F_G4O_T05,7,10,10,2,6,5,13,11,10,10,9,27,10,11,27,10,10,9,27,12,13,25,10,10,9,27,12,13,25,10,10,10,30,15,15,25,10,10,8,24,12,14,22,10,10,3,9,6,13,13
B_RP_FR_ZH_F_FR_F_G4O_T05,7,10,10,2,6,4,12,12,10,10,4,12,5,11,17,10,10,4,12,6,12,16,10,10,9,27,10,11,27,10,10,7,21,8,11,23,10,10,7,21,8,11,23,10,10,2,6,4,12,12
B_RP_FR_FR_M_FR_F_G4O_T05,7,10,10,2,6,4,12,12,10,10,7,21,10,13,21,10,10,8,24,12,14,22,10,10,8,24,12,14,22,10,10,6,18,9,13,19,10,10,9,27,13,14,24,10,10,2,6,4,12,12
B_RP_FR_FR_F_FR_F_G4O_T05,7,10,10,2,6,1,9,15,10,10,2,6,1,9,15,10,10,2,6,1,9,15,10,10,6,18,5,9,23,10,10,4,12,3,9,19,10,10,7,21,6,9,25,10,10,3,9,2,9,17
B_RP_FR_U_U_U_U_G4O_T05,7,10,10,5,15,10,15,15,10,10,6,18,9,13,19,10,10,10,30,15,15,25,10,10,10,30,15,15,25,10,10,9,27,12,13,25,10,10,6,18,9,13,19,10,10,7,21,10,13,21
B_RP_FR_US_F_U_U_G4O_T05,7,10,10,5,15,10,15,15,10,10,10,30,15,15,25,10,10,8,24,12,14,22,10,10,8,24,12,14,22,10,10,10,30,15,15,25,10,10,10,30,15,15,25,10,10,5,15,10,15,15
B_RP_FR_ZH_F_U_U_G4O_T05,7,10,10,5,15,10,15,15,10,10,10,30,20,20,20,10,10,9,27,18,19,19,10,10,9,27,18,19,19,10,10,10,30,20,20,20,10,10,10,30,20,20,20,10,10,10,30,20,20,20
B_RP_FR_ZH_M_U_U_G4O_T05,7,10,10,5,15,10,15,15,10,10,10,30,15,15,25,10,10,9,27,18,19,19,10,10,10,30,15,15,25,10,10,10,30,15,15,25,10,10,10,30,15,15,25,10,10,9,27,18,19,19
B_RP_FR_US_M_U_U_G4O_T05,7,10,10,5,15,10,15,15,10,10,8,24,12,14,22,10,10,8,24,12,14,22,10,10,10,30,15,15,25,10,10,10,30,15,15,25,10,10,8,24,12,14,22,10,10,6,18,9,13,19
B_RP_FR_U_U_ZH_M_G4O_T05,7,10,10,5,15,10,15,15,10,10,9,27,15,16,22,10,10,10,30,20,20,20,10,10,10,30,20,20,20,10,10,10,30,20,20,20,10,10,10,30,20,20,20,10,10,10,30,20,20,20
B_RP_FR_FR_M_U_U_G4O_T05,7,10,10,5,15,10,15,15,10,10,10,30,15,15,25,10,10,8,24,12,14,22,10,10,8,24,12,14,22,10,10,9,27,13,14,24,10,10,4,12,6,12,16,10,10,2,6,3,11,13
B_RP_FR_ZH_M_ZH_M_G4O_T05,7,10,10,5,15,10,15,15,10,10,10,30,15,15,25,10,10,10,30,15,15,25,10,10,6,18,12,16,16,10,10,10,30,15,15,25,10,10,5,15,10,15,15,10,10,9,27,15,16,22
B_RP_FR_US_M_ZH_M_G4O_T05,7,10,10,5,15,10,15,15,10,10,6,18,9,13,19,10,10,10,30,15,15,25,10,10,10,30,15,15,25,10,10,10,30,15,15,25,10,10,10,30,15,15,25,10,10,10,30,15,15,25
B_RP_FR_FR_F_U_U_G4O_T05,7,10,10,5,15,10,15,15,10,10,10,30,20,20,20,10,10,10,30,20,20,20,10,10,10,30,20,20,20,10,10,10,30,20,20,20,10,10,10,30,20,20,20,10,10,10,30,20,20,20
B_RP_FR_ZH_F_ZH_M_G4O_T05,7,10,10,5,15,10,15,15,10,10,9,27,15,16,22,10,10,10,30,20,20,20,10,10,10,30,20,20,20,10,10,10,30,20,20,20,10,10,10,30,20,20,20,10,10,10,30,20,20,20
B_RP_FR_US_F_ZH_M_G4O_T05,7,10,10,5,15,10,15,15,10,10,8,24,15,17,19,10,10,10,30,20,20,20,10,10,10,30,20,20,20,10,10,10,30,20,20,20,10,10,10,30,20,20,20,10,10,9,27,18,19,19
B_RP_FR_FR_F_ZH_M_G4O_T05,7,10,10,5,15,12,17,13,10,10,9,27,15,16,22,10,10,10,30,18,18,22,10,10,10,30,18,18,22,10,10,7,21,12,15,19,10,10,8,24,15,17,19,10,10,7,21,12,15,19
B_RP_FR_U_U_ZH_F_G4O_T05,7,10,10,5,15,10,15,15,10,10,10,30,15,15,25,10,10,10,30,20,20,20,10,10,10,30,20,20,20,10,10,10,30,20,20,20,10,10,10,30,20,20,20,10,10,10,30,20,20,20
B_RP_FR_FR_M_ZH_M_G4O_T05,7,10,10,5,15,10,15,15,10,10,9,27,15,16,22,10,10,10,30,20,20,20,10,10,10,30,20,20,20,10,10,10,30,20,20,20,10,10,10,30,20,20,20,10,10,10,30,20,20,20
B_RP_FR_ZH_M_ZH_F_G4O_T05,7,10,10,5,15,10,15,15,10,10,7,21,10,13,21,10,10,10,30,15,15,25,10,10,10,30,15,15,25,10,10,10,30,15,15,25,10,10,10,30,15,15,25,10,10,10,30,15,15,25
B_RP_FR_ZH_F_ZH_F_G4O_T05,7,10,10,5,15,10,15,15,10,10,9,27,15,16,22,10,10,10,30,15,15,25,10,10,8,24,15,17,19,10,10,10,30,15,15,25,10,10,10,30,15,15,25,10,10,10,30,15,15,25
B_RP_FR_US_F_ZH_F_G4O_T05,7,10,10,5,15,10,15,15,10,10,6,18,9,13,19,10,10,6,18,9,13,19,10,10,6,18,9,13,19,10,10,7,21,10,13,21,10,10,10,30,15,15,25,10,10,6,18,9,13,19
B_RP_FR_ZH_F_US_M_G4O_T05,7,10,10,5,15,10,15,15,10,10,10,30,15,15,25,10,10,10,30,15,15,25,10,10,10,30,15,15,25,10,10,8,24,12,14,22,10,10,8,24,12,14,22,10,10,9,27,13,14,24
B_RP_FR_FR_F_ZH_F_G4O_T05,7,10,10,5,15,10,15,15,10,10,10,30,15,15,25,10,10,10,30,15,15,25,10,10,7,21,15,18,16,10,10,10,30,15,15,25,10,10,10,30,15,15,25,10,10,6,18,15,19,13
B_RP_FR_US_M_ZH_F_G4O_T05,7,10,10,5,15,10,15,15,10,10,5,15,10,15,15,10,10,9,27,15,16,22,10,10,10,30,15,15,25,10,10,10,30,15,15,25,10,10,8,24,15,17,19,10,10,9,27,15,16,22
B_RP_FR_FR_M_ZH_F_G4O_T05,7,10,10,5,15,10,15,15,10,10,9,27,15,16,22,10,10,10,30,20,20,20,10,10,10,30,20,20,20,10,10,9,27,15,16,22,10,10,7,21,15,18,16,10,10,6,18,15,19,13
B_RP_FR_U_U_US_M_G4O_T05,7,10,10,5,15,10,15,15,10,10,7,21,10,13,21,10,10,10,30,10,10,30,10,10,7,21,10,13,21,10,10,8,24,10,12,24,10,10,9,27,10,11,27,10,10,5,15,10,15,15
B_RP_FR_ZH_M_US_M_G4O_T05,7,10,10,5,15,12,17,13,10,10,9,27,10,11,27,10,10,7,21,10,13,21,10,10,7,21,10,13,21,10,10,8,24,10,12,24,10,10,10,30,10,10,30,10,10,7,21,10,13,21
B_RP_FR_US_F_US_M_G4O_T05,7,10,10,5,15,12,17,13,10,10,10,30,15,15,25,10,10,10,30,20,20,20,10,10,10,30,20,20,20,10,10,8,24,20,22,14,10,10,10,30,20,20,20,10,10,10,30,20,20,20
B_RP_FR_FR_M_US_M_G4O_T05,7,10,10,5,15,10,15,15,10,10,10,30,15,15,25,10,10,10,30,20,20,20,10,10,10,30,20,20,20,10,10,10,30,20,20,20,10,10,10,30,20,20,20,10,10,10,30,20,20,20
B_RP_FR_FR_F_US_M_G4O_T05,7,10,10,5,15,10,15,15,10,10,5,15,10,15,15,10,10,9,27,15,16,22,10,10,10,30,20,20,20,10,10,9,27,15,16,22,10,10,10,30,20,20,20,10,10,10,30,20,20,20
B_RP_FR_US_M_US_M_G4O_T05,7,10,10,5,15,10,15,15,10,10,9,27,10,11,27,10,10,9,27,10,11,27,10,10,9,27,10,11,27,10,10,3,9,10,17,9,10,10,10,30,10,10,30,10,10,5,15,10,15,15
B_RP_FR_ZH_F_US_F_G4O_T05,7,10,10,5,15,10,15,15,10,10,7,21,10,13,21,10,10,10,30,15,15,25,10,10,10,30,15,15,25,10,10,5,15,10,15,15,10,10,10,30,15,15,25,10,10,7,21,10,13,21
B_RP_FR_ZH_M_US_F_G4O_T05,7,10,10,5,15,10,15,15,10,10,10,30,15,15,25,10,10,10,30,20,20,20,10,10,10,30,20,20,20,10,10,10,30,20,20,20,10,10,10,30,20,20,20,10,10,10,30,20,20,20
B_RP_FR_U_U_US_F_G4O_T05,7,10,10,5,15,10,15,15,10,10,10,30,15,15,25,10,10,10,30,15,15,25,10,10,9,27,15,16,22,10,10,9,27,15,16,22,10,10,8,24,15,17,19,10,10,8,24,15,17,19
B_RP_FR_US_M_US_F_G4O_T05,7,10,10,5,15,10,15,15,10,10,7,21,15,18,16,10,10,10,30,20,20,20,10,10,10,30,20,20,20,10,10,10,30,20,20,20,10,10,10,30,20,20,20,10,10,10,30,20,20,20
B_RP_FR_US_F_US_F_G4O_T05,7,10,10,5,15,10,15,15,10,10,10,30,15,15,25,10,10,10,30,20,20,20,10,10,10,30,20,20,20,10,10,8,24,18,20,16,10,10,10,30,20,20,20,10,10,7,21,15,18,16
B_RP_FR_FR_M_US_F_G4O_T05,7,10,10,5,15,10,15,15,10,10,8,24,12,14,22,10,10,9,27,15,16,22,10,10,10,30,18,18,22,10,10,10,30,18,18,22,10,10,10,30,18,18,22,10,10,10,30,18,18,22
B_RP_FR_U_U_FR_M_G4O_T05,7,10,10,5,15,10,15,15,10,10,9,27,15,16,22,10,10,10,30,20,20,20,10,10,10,30,20,20,20,10,10,10,30,20,20,20,10,10,10,30,20,20,20,10,10,7,21,21,24,10
B_RP_FR_FR_F_US_F_G4O_T05,7,10,10,5,15,10,15,15,10,10,9,27,15,16,22,10,10,10,30,20,20,20,10,10,10,30,20,20,20,10,10,10,30,20,20,20,10,10,10,30,20,20,20,10,10,10,30,20,20,20
B_RP_FR_US_M_FR_M_G4O_T05,7,10,10,5,15,12,17,13,10,10,7,21,10,13,21,10,10,10,30,15,15,25,10,10,6,18,10,14,18,10,10,7,21,11,14,20,10,10,10,30,15,15,25,10,10,9,27,14,15,23
B_RP_FR_ZH_F_FR_M_G4O_T05,7,10,10,5,15,12,17,13,10,10,10,30,20,20,20,10,10,9,27,15,16,22,10,10,10,30,20,20,20,10,10,8,24,18,20,16,10,10,10,30,20,20,20,10,10,10,30,20,20,20
B_RP_FR_US_F_FR_M_G4O_T05,7,10,10,5,15,10,15,15,10,10,8,24,12,14,22,10,10,6,18,9,13,19,10,10,8,24,12,14,22,10,10,9,27,13,14,24,10,10,10,30,15,15,25,10,10,8,24,12,14,22
B_RP_FR_ZH_M_FR_M_G4O_T05,7,10,10,5,15,10,15,15,10,10,10,30,15,15,25,10,10,4,12,10,16,12,10,10,7,21,15,18,16,10,10,10,30,15,15,25,10,10,10,30,15,15,25,10,10,10,30,15,15,25
B_RP_FR_U_U_FR_F_G4O_T05,7,10,10,5,15,10,15,15,10,10,9,27,15,16,22,10,10,10,30,20,20,20,10,10,10,30,20,20,20,10,10,9,27,15,16,22,10,10,9,27,15,16,22,10,10,9,27,15,16,22
B_RP_FR_FR_M_FR_M_G4O_T05,7,10,10,5,15,10,15,15,10,10,9,27,18,19,19,10,10,10,30,20,20,20,10,10,7,21,15,18,16,10,10,10,30,20,20,20,10,10,10,30,20,20,20,10,10,9,27,18,19,19
B_RP_FR_ZH_M_FR_F_G4O_T05,7,10,10,5,15,10,15,15,10,10,9,27,15,16,22,10,10,10,30,20,20,20,10,10,9,27,15,16,22,10,10,10,30,20,20,20,10,10,10,30,20,20,20,10,10,9,27,15,16,22
B_RP_FR_ZH_F_FR_F_G4O_T05,7,10,10,5,15,10,15,15,10,10,6,18,12,16,16,10,10,10,30,20,20,20,10,10,10,30,20,20,20,10,10,10,30,20,20,20,10,10,10,30,20,20,20,10,10,10,30,20,20,20
B_RP_FR_FR_F_FR_M_G4O_T05,7,10,10,5,15,12,17,13,10,10,10,30,15,15,25,10,10,10,30,15,15,25,10,10,7,21,15,18,16,10,10,7,21,15,18,16,10,10,7,21,15,18,16,10,10,7,21,15,18,16
B_RP_FR_US_M_FR_F_G4O_T05,7,10,10,5,15,10,15,15,10,10,10,30,15,15,25,10,10,10,30,15,15,25,10,10,7,21,12,15,19,10,10,7,21,12,15,19,10,10,10,30,15,15,25,10,10,10,30,15,15,25
B_RP_FR_US_F_FR_F_G4O_T05,7,10,10,5,15,10,15,15,10,10,10,30,15,15,25,10,10,8,24,12,14,22,10,10,9,27,13,14,24,10,10,7,21,11,14,20,10,10,7,21,11,14,20,10,10,7,21,11,14,20
B_RP_FR_FR_M_FR_F_G4O_T05,7,10,10,5,15,10,15,15,10,10,9,27,10,11,27,10,10,7,21,10,13,21,10,10,9,27,10,11,27,10,10,5,15,10,15,15,10,10,8,24,10,12,24,10,10,5,15,10,15,15
B_RP_FR_FR_F_FR_F_G4O_T05,7,10,10,5,15,12,17,13,10,10,10,30,20,20,20,10,10,10,30,20,20,20,10,10,10,30,20,20,20,10,10,9,27,18,19,19,10,10,10,30,20,20,20,10,10,8,24,16,18,18
B_RP_FR_ZH_M_U_U_G4O_T05,7,10,10,8,24,12,14,22,10,10,10,30,15,15,25,10,10,9,27,13,14,24,10,10,6,18,9,13,19,10,10,5,15,8,13,17,10,10,4,12,6,12,16,10,10,6,18,9,13,19
B_RP_FR_U_U_U_U_G4O_T05,7,10,10,8,24,12,14,22,10,10,10,30,15,15,25,10,10,10,30,15,15,25,10,10,10,30,15,15,25,10,10,10,30,15,15,25,10,10,10,30,15,15,25,10,10,5,15,10,15,15
B_RP_FR_US_F_U_U_G4O_T05,7,10,10,8,24,10,12,24,10,10,8,24,10,12,24,10,10,8,24,10,12,24,10,10,8,24,10,12,24,10,10,5,15,10,15,15,10,10,10,30,10,10,30,10,10,5,15,10,15,15
B_RP_FR_US_M_U_U_G4O_T05,7,10,10,8,24,12,14,22,10,10,4,12,6,12,16,10,10,4,12,6,12,16,10,10,10,30,15,15,25,10,10,8,24,12,14,22,10,10,5,15,7,12,18,10,10,3,9,4,11,15
B_RP_FR_ZH_F_U_U_G4O_T05,7,10,10,8,24,12,14,22,10,10,10,30,15,15,25,10,10,10,30,15,15,25,10,10,10,30,15,15,25,10,10,8,24,12,14,22,10,10,10,30,15,15,25,10,10,9,27,13,14,24
B_RP_FR_ZH_M_ZH_M_G4O_T05,7,10,10,8,24,10,12,24,10,10,7,21,9,12,22,10,10,8,24,10,12,24,10,10,8,24,10,12,24,10,10,9,27,10,11,27,10,10,9,27,10,11,27,10,10,10,30,10,10,30
B_RP_FR_FR_F_U_U_G4O_T05,7,10,10,8,24,12,14,22,10,10,10,30,15,15,25,10,10,10,30,15,15,25,10,10,10,30,15,15,25,10,10,10,30,15,15,25,10,10,10,30,15,15,25,10,10,6,18,9,13,19
B_RP_FR_U_U_ZH_M_G4O_T05,7,10,10,8,24,10,12,24,10,10,8,24,10,12,24,10,10,10,30,15,15,25,10,10,10,30,15,15,25,10,10,10,30,15,15,25,10,10,10,30,15,15,25,10,10,8,24,10,12,24
B_RP_FR_US_F_ZH_M_G4O_T05,7,10,10,8,24,12,14,22,10,10,10,30,15,15,25,10,10,8,24,12,14,22,10,10,7,21,10,13,21,10,10,4,12,6,12,16,10,10,5,15,7,12,18,10,10,0,0,0,10,10
B_RP_FR_ZH_F_ZH_M_G4O_T05,7,10,10,8,24,12,14,22,10,10,10,30,15,15,25,10,10,10,30,15,15,25,10,10,9,27,13,14,24,10,10,8,24,12,14,22,10,10,10,30,15,15,25,10,10,8,24,12,14,22
B_RP_FR_US_M_ZH_M_G4O_T05,7,10,10,8,24,12,14,22,10,10,8,24,12,14,22,10,10,7,21,10,13,21,10,10,9,27,15,16,22,10,10,10,30,15,15,25,10,10,10,30,15,15,25,10,10,10,30,15,15,25
B_RP_FR_FR_M_U_U_G4O_T05,7,10,10,8,24,12,14,22,10,10,6,18,10,14,18,10,10,9,27,15,16,22,10,10,10,30,18,18,22,10,10,10,30,18,18,22,10,10,10,30,18,18,22,10,10,7,21,12,15,19
B_RP_FR_U_U_ZH_F_G4O_T05,7,10,10,8,24,12,14,22,10,10,5,15,10,15,15,10,10,8,24,12,14,22,10,10,10,30,15,15,25,10,10,5,15,10,15,15,10,10,7,21,12,15,19,10,10,6,18,9,13,19
B_RP_FR_FR_F_ZH_M_G4O_T05,7,10,10,8,24,12,14,22,10,10,10,30,15,15,25,10,10,9,27,18,19,19,10,10,10,30,15,15,25,10,10,7,21,15,18,16,10,10,10,30,15,15,25,10,10,9,27,18,19,19
B_RP_FR_ZH_M_ZH_F_G4O_T05,7,10,10,8,24,12,14,22,10,10,8,24,12,14,22,10,10,10,30,18,18,22,10,10,10,30,18,18,22,10,10,9,27,15,16,22,10,10,10,30,18,18,22,10,10,9,27,15,16,22
B_RP_FR_FR_M_ZH_M_G4O_T05,7,10,10,8,24,12,14,22,10,10,10,30,15,15,25,10,10,10,30,15,15,25,10,10,10,30,15,15,25,10,10,10,30,15,15,25,10,10,10,30,15,15,25,10,10,10,30,15,15,25
B_RP_FR_US_F_ZH_F_G4O_T05,7,10,10,8,24,15,17,19,10,10,9,27,18,19,19,10,10,10,30,20,20,20,10,10,10,30,20,20,20,10,10,9,27,18,19,19,10,10,10,30,20,20,20,10,10,10,30,20,20,20
B_RP_FR_ZH_F_ZH_F_G4O_T05,7,10,10,8,24,12,14,22,10,10,7,21,10,13,21,10,10,5,15,9,14,16,10,10,9,27,14,15,23,10,10,10,30,15,15,25,10,10,10,30,15,15,25,10,10,6,18,9,13,19
B_RP_FR_FR_F_ZH_F_G4O_T05,7,10,10,8,24,12,14,22,10,10,8,24,12,14,22,10,10,9,27,15,16,22,10,10,8,24,12,14,22,10,10,8,24,12,14,22,10,10,9,27,15,16,22,10,10,9,27,15,16,22
B_RP_FR_US_M_ZH_F_G4O_T05,7,10,10,8,24,12,14,22,10,10,6,18,10,14,18,10,10,6,18,10,14,18,10,10,4,12,8,14,14,10,10,8,24,12,14,22,10,10,10,30,15,15,25,10,10,7,21,11,14,20
B_RP_FR_FR_M_ZH_F_G4O_T05,7,10,10,8,24,12,14,22,10,10,6,18,10,14,18,10,10,10,30,15,15,25,10,10,10,30,15,15,25,10,10,6,18,10,14,18,10,10,7,21,11,14,20,10,10,5,15,9,14,16
B_RP_FR_ZH_M_US_M_G4O_T05,7,10,10,8,24,10,12,24,10,10,9,27,12,13,25,10,10,7,21,9,12,22,10,10,10,30,15,15,25,10,10,8,24,10,12,24,10,10,6,18,8,12,20,10,10,8,24,10,12,24
B_RP_FR_U_U_US_M_G4O_T05,7,10,10,8,24,12,14,22,10,10,10,30,15,15,25,10,10,10,30,15,15,25,10,10,10,30,15,15,25,10,10,10,30,15,15,25,10,10,8,24,12,14,22,10,10,8,24,12,14,22
B_RP_FR_US_M_US_M_G4O_T05,7,10,10,8,24,12,14,22,10,10,10,30,15,15,25,10,10,10,30,15,15,25,10,10,10,30,15,15,25,10,10,10,30,15,15,25,10,10,8,24,12,14,22,10,10,4,12,6,12,16
B_RP_FR_ZH_F_US_M_G4O_T05,7,10,10,8,24,12,14,22,10,10,8,24,12,14,22,10,10,10,30,15,15,25,10,10,10,30,15,15,25,10,10,10,30,15,15,25,10,10,10,30,15,15,25,10,10,8,24,12,14,22
B_RP_FR_ZH_M_US_F_G4O_T05,7,10,10,8,24,12,14,22,10,10,7,21,10,13,21,10,10,9,27,15,16,22,10,10,10,30,18,18,22,10,10,10,30,18,18,22,10,10,10,30,18,18,22,10,10,7,21,10,13,21
B_RP_FR_FR_M_US_M_G4O_T05,7,10,10,8,24,12,14,22,10,10,7,21,10,13,21,10,10,5,15,9,14,16,10,10,5,15,9,14,16,10,10,10,30,15,15,25,10,10,8,24,12,14,22,10,10,8,24,12,14,22
B_RP_FR_US_F_US_M_G4O_T05,7,10,10,8,24,12,14,22,10,10,6,18,10,14,18,10,10,9,27,15,16,22,10,10,10,30,18,18,22,10,10,10,30,18,18,22,10,10,10,30,18,18,22,10,10,10,30,18,18,22
B_RP_FR_ZH_F_US_F_G4O_T05,7,10,10,8,24,10,12,24,10,10,9,27,15,16,22,10,10,10,30,20,20,20,10,10,10,30,20,20,20,10,10,10,30,20,20,20,10,10,10,30,20,20,20,10,10,10,30,20,20,20
B_RP_FR_FR_F_US_M_G4O_T05,7,10,10,8,24,10,12,24,10,10,8,24,10,12,24,10,10,10,30,15,15,25,10,10,8,24,10,12,24,10,10,6,18,10,14,18,10,10,10,30,15,15,25,10,10,8,24,10,12,24
B_RP_FR_U_U_US_F_G4O_T05,7,10,10,8,24,12,14,22,10,10,7,21,15,18,16,10,10,10,30,20,20,20,10,10,10,30,20,20,20,10,10,10,30,20,20,20,10,10,10,30,20,20,20,10,10,10,30,20,20,20
B_RP_FR_US_F_US_F_G4O_T05,7,10,10,8,24,12,14,22,10,10,9,27,15,16,22,10,10,7,21,10,13,21,10,10,9,27,15,16,22,10,10,10,30,15,15,25,10,10,8,24,12,14,22,10,10,8,24,12,14,22
B_RP_FR_FR_M_US_F_G4O_T05,7,10,10,8,24,12,14,22,10,10,10,30,15,15,25,10,10,10,30,15,15,25,10,10,7,21,10,13,21,10,10,9,27,13,14,24,10,10,8,24,12,14,22,10,10,9,27,13,14,24
B_RP_FR_US_M_US_F_G4O_T05,7,10,10,8,24,12,14,22,10,10,8,24,12,14,22,10,10,10,30,12,12,28,10,10,8,24,12,14,22,10,10,9,27,12,13,25,10,10,9,27,12,13,25,10,10,8,24,12,14,22
B_RP_FR_ZH_M_FR_M_G4O_T05,7,10,10,8,24,12,14,22,10,10,10,30,15,15,25,10,10,10,30,15,15,25,10,10,10,30,15,15,25,10,10,10,30,15,15,25,10,10,9,27,13,14,24,10,10,5,15,7,12,18
B_RP_FR_U_U_FR_M_G4O_T05,7,10,10,8,24,12,14,22,10,10,8,24,12,14,22,10,10,10,30,15,15,25,10,10,8,24,12,14,22,10,10,10,30,15,15,25,10,10,10,30,15,15,25,10,10,7,21,9,12,22
B_RP_FR_FR_F_US_F_G4O_T05,7,10,10,8,24,12,14,22,10,10,8,24,12,14,22,10,10,9,27,15,16,22,10,10,10,30,18,18,22,10,10,10,30,18,18,22,10,10,8,24,12,14,22,10,10,3,9,3,10,16
B_RP_FR_ZH_F_FR_M_G4O_T05,7,10,10,8,24,12,14,22,10,10,10,30,15,15,25,10,10,10,30,15,15,25,10,10,10,30,15,15,25,10,10,9,27,13,14,24,10,10,8,24,12,14,22,10,10,5,15,7,12,18
B_RP_FR_US_F_FR_M_G4O_T05,7,10,10,8,24,12,14,22,10,10,6,18,10,14,18,10,10,7,21,10,13,21,10,10,10,30,15,15,25,10,10,9,27,13,14,24,10,10,6,18,9,13,19,10,10,8,24,12,14,22
B_RP_FR_US_M_FR_M_G4O_T05,7,10,10,8,24,12,14,22,10,10,10,30,15,15,25,10,10,10,30,15,15,25,10,10,10,30,15,15,25,10,10,8,24,12,14,22,10,10,7,21,10,13,21,10,10,8,24,12,14,22
B_RP_FR_FR_F_FR_M_G4O_T05,7,10,10,8,24,12,14,22,10,10,10,30,15,15,25,10,10,10,30,15,15,25,10,10,10,30,15,15,25,10,10,10,30,15,15,25,10,10,10,30,15,15,25,10,10,6,18,12,16,16
B_RP_FR_FR_M_FR_M_G4O_T05,7,10,10,8,24,12,14,22,10,10,9,27,10,11,27,10,10,10,30,15,15,25,10,10,10,30,15,15,25,10,10,10,30,15,15,25,10,10,10,30,15,15,25,10,10,8,24,12,14,22
B_RP_FR_U_U_FR_F_G4O_T05,7,10,10,8,24,12,14,22,10,10,9,27,14,15,23,10,10,10,30,15,15,25,10,10,9,27,14,15,23,10,10,10,30,15,15,25,10,10,7,21,12,15,19,10,10,9,27,14,15,23
B_RP_FR_US_M_FR_F_G4O_T05,7,10,10,8,24,15,17,19,10,10,10,30,20,20,20,10,10,10,30,20,20,20,10,10,10,30,20,20,20,10,10,10,30,20,20,20,10,10,10,30,20,20,20,10,10,10,30,20,20,20
B_RP_FR_ZH_F_FR_F_G4O_T05,7,10,10,8,24,12,14,22,10,10,10,30,15,15,25,10,10,10,30,15,15,25,10,10,10,30,15,15,25,10,10,10,30,15,15,25,10,10,8,24,12,14,22,10,10,5,15,7,12,18
B_RP_FR_ZH_M_FR_F_G4O_T05,7,10,10,8,24,12,14,22,10,10,10,30,15,15,25,10,10,10,30,15,15,25,10,10,10,30,15,15,25,10,10,6,18,9,13,19,10,10,10,30,15,15,25,10,10,10,30,15,15,25
B_RP_FR_FR_M_FR_F_G4O_T05,7,10,10,8,24,12,14,22,10,10,5,15,10,15,15,10,10,3,9,6,13,13,10,10,8,24,12,14,22,10,10,8,24,12,14,22,10,10,8,24,12,14,22,10,10,6,18,10,14,18
B_RP_FR_FR_F_FR_F_G4O_T05,7,10,10,8,24,12,14,22,10,10,8,24,12,14,22,10,10,8,24,12,14,22,10,10,7,21,10,13,21,10,10,10,30,15,15,25,10,10,10,30,15,15,25,10,10,8,24,12,14,22
B_RP_FR_US_F_FR_F_G4O_T05,7,10,10,8,24,10,12,24,10,10,8,24,10,12,24,10,10,6,18,10,14,18,10,10,7,21,10,13,21,10,10,10,30,10,10,30,10,10,10,30,10,10,30,10,10,7,21,10,13,21
B_RP_FR_U_U_U_U_G4O_T05,7,10,10,10,30,20,20,20,10,10,10,30,20,20,20,10,10,10,30,20,20,20,10,10,10,30,20,20,20,10,10,10,30,20,20,20,10,10,10,30,20,20,20,10,10,10,30,20,20,20
B_RP_FR_ZH_M_U_U_G4O_T05,7,10,10,10,30,20,20,20,10,10,10,30,20,20,20,10,10,10,30,20,20,20,10,10,10,30,20,20,20,10,10,10,30,20,20,20,10,10,10,30,20,20,20,10,10,10,30,20,20,20
B_RP_FR_ZH_F_U_U_G4O_T05,7,10,10,10,30,15,15,25,10,10,10,30,15,15,25,10,10,9,27,15,16,22,10,10,10,30,15,15,25,10,10,7,21,15,18,16,10,10,10,30,15,15,25,10,10,2,6,6,14,10
B_RP_FR_US_M_U_U_G4O_T05,7,10,10,10,30,20,20,20,10,10,10,30,20,20,20,10,10,9,27,20,21,17,10,10,10,30,20,20,20,10,10,10,30,20,20,20,10,10,10,30,20,20,20,10,10,10,30,20,20,20
B_RP_FR_FR_M_U_U_G4O_T05,7,10,10,10,30,20,20,20,10,10,10,30,20,20,20,10,10,9,27,20,21,17,10,10,10,30,20,20,20,10,10,10,30,20,20,20,10,10,10,30,20,20,20,10,10,10,30,20,20,20
B_RP_FR_US_F_U_U_G4O_T05,7,10,10,10,30,20,20,20,10,10,10,30,20,20,20,10,10,10,30,20,20,20,10,10,10,30,20,20,20,10,10,10,30,20,20,20,10,10,10,30,20,20,20,10,10,10,30,20,20,20
B_RP_FR_ZH_M_ZH_M_G4O_T05,7,10,10,10,30,20,20,20,10,10,10,30,20,20,20,10,10,10,30,20,20,20,10,10,10,30,20,20,20,10,10,10,30,20,20,20,10,10,10,30,20,20,20,10,10,10,30,20,20,20
B_RP_FR_FR_F_U_U_G4O_T05,7,10,10,10,30,20,20,20,10,10,10,30,20,20,20,10,10,10,30,20,20,20,10,10,10,30,20,20,20,10,10,10,30,20,20,20,10,10,10,30,20,20,20,10,10,10,30,20,20,20
B_RP_FR_U_U_ZH_M_G4O_T05,7,10,10,10,30,20,20,20,10,10,10,30,20,20,20,10,10,10,30,20,20,20,10,10,10,30,20,20,20,10,10,10,30,20,20,20,10,10,10,30,20,20,20,10,10,10,30,20,20,20
B_RP_FR_ZH_F_ZH_M_G4O_T05,7,10,10,10,30,15,15,25,10,10,10,30,15,15,25,10,10,10,30,15,15,25,10,10,9,27,15,16,22,10,10,10,30,15,15,25,10,10,9,27,15,16,22,10,10,8,24,15,17,19
B_RP_FR_US_M_ZH_M_G4O_T05,7,10,10,10,30,20,20,20,10,10,10,30,20,20,20,10,10,10,30,20,20,20,10,10,10,30,20,20,20,10,10,10,30,20,20,20,10,10,10,30,20,20,20,10,10,10,30,20,20,20
B_RP_FR_FR_M_ZH_M_G4O_T05,7,10,10,10,30,15,15,25,10,10,10,30,15,15,25,10,10,10,30,15,15,25,10,10,10,30,15,15,25,10,10,9,27,13,14,24,10,10,4,12,6,12,16,10,10,7,21,12,15,19
B_RP_FR_FR_F_ZH_M_G4O_T05,7,10,10,10,30,15,15,25,10,10,9,27,12,13,25,10,10,7,21,10,13,21,10,10,6,18,8,12,20,10,10,9,27,12,13,25,10,10,10,30,15,15,25,10,10,6,18,8,12,20
B_RP_FR_ZH_M_ZH_F_G4O_T05,7,10,10,10,30,20,20,20,10,10,10,30,20,20,20,10,10,10,30,20,20,20,10,10,10,30,20,20,20,10,10,10,30,20,20,20,10,10,10,30,20,20,20,10,10,9,27,20,21,17
B_RP_FR_US_F_ZH_M_G4O_T05,7,10,10,10,30,15,15,25,10,10,10,30,15,15,25,10,10,10,30,15,15,25,10,10,9,27,15,16,22,10,10,8,24,15,17,19,10,10,10,30,15,15,25,10,10,5,15,15,20,10
B_RP_FR_U_U_ZH_F_G4O_T05,7,10,10,10,30,15,15,25,10,10,10,30,15,15,25,10,10,7,21,12,15,19,10,10,8,24,15,17,19,10,10,9,27,15,16,22,10,10,10,30,15,15,25,10,10,7,21,12,15,19
B_RP_FR_US_F_ZH_F_G4O_T05,7,10,10,10,30,20,20,20,10,10,10,30,20,20,20,10,10,10,30,20,20,20,10,10,10,30,20,20,20,10,10,10,30,20,20,20,10,10,10,30,20,20,20,10,10,8,24,20,22,14
B_RP_FR_ZH_F_ZH_F_G4O_T05,7,10,10,10,30,20,20,20,10,10,10,30,20,20,20,10,10,10,30,20,20,20,10,10,10,30,20,20,20,10,10,10,30,20,20,20,10,10,10,30,20,20,20,10,10,10,30,20,20,20
B_RP_FR_U_U_US_M_G4O_T05,7,10,10,10,30,20,20,20,10,10,10,30,20,20,20,10,10,10,30,20,20,20,10,10,10,30,20,20,20,10,10,8,24,20,22,14,10,10,10,30,20,20,20,10,10,8,24,20,22,14
B_RP_FR_US_M_ZH_F_G4O_T05,7,10,10,10,30,20,20,20,10,10,9,27,18,19,19,10,10,10,30,20,20,20,10,10,10,30,20,20,20,10,10,10,30,20,20,20,10,10,10,30,20,20,20,10,10,10,30,20,20,20
B_RP_FR_FR_M_ZH_F_G4O_T05,7,10,10,10,30,20,20,20,10,10,10,30,20,20,20,10,10,10,30,20,20,20,10,10,10,30,20,20,20,10,10,10,30,20,20,20,10,10,10,30,20,20,20,10,10,10,30,20,20,20
B_RP_FR_ZH_M_US_M_G4O_T05,7,10,10,10,30,20,20,20,10,10,10,30,20,20,20,10,10,7,21,15,18,16,10,10,10,30,20,20,20,10,10,10,30,20,20,20,10,10,10,30,20,20,20,10,10,10,30,20,20,20
B_RP_FR_US_M_US_M_G4O_T05,7,10,10,10,30,20,20,20,10,10,10,30,20,20,20,10,10,10,30,20,20,20,10,10,10,30,20,20,20,10,10,10,30,20,20,20,10,10,10,30,20,20,20,10,10,10,30,20,20,20
B_RP_FR_FR_F_ZH_F_G4O_T05,7,10,10,10,30,20,20,20,10,10,10,30,20,20,20,10,10,10,30,20,20,20,10,10,10,30,20,20,20,10,10,10,30,20,20,20,10,10,10,30,20,20,20,10,10,10,30,20,20,20
B_RP_FR_FR_M_US_M_G4O_T05,7,10,10,10,30,20,20,20,10,10,10,30,20,20,20,10,10,10,30,20,20,20,10,10,9,27,20,21,17,10,10,10,30,20,20,20,10,10,10,30,20,20,20,10,10,10,30,20,20,20
B_RP_FR_ZH_F_US_M_G4O_T05,7,10,10,10,30,20,20,20,10,10,10,30,20,20,20,10,10,10,30,20,20,20,10,10,6,18,18,22,10,10,10,10,30,20,20,20,10,10,10,30,20,20,20,10,10,10,30,20,20,20
B_RP_FR_FR_F_US_M_G4O_T05,7,10,10,10,30,20,20,20,10,10,10,30,20,20,20,10,10,10,30,20,20,20,10,10,10,30,20,20,20,10,10,10,30,20,20,20,10,10,10,30,20,20,20,10,10,10,30,20,20,20
B_RP_FR_US_F_US_M_G4O_T05,7,10,10,10,30,20,20,20,10,10,5,15,10,15,15,10,10,7,21,15,18,16,10,10,10,30,20,20,20,10,10,10,30,20,20,20,10,10,10,30,20,20,20,10,10,10,30,20,20,20
B_RP_FR_ZH_M_US_F_G4O_T05,7,10,10,10,30,20,20,20,10,10,10,30,20,20,20,10,10,10,30,20,20,20,10,10,10,30,20,20,20,10,10,10,30,20,20,20,10,10,10,30,20,20,20,10,10,10,30,20,20,20
B_RP_FR_U_U_US_F_G4O_T05,7,10,10,10,30,20,20,20,10,10,10,30,20,20,20,10,10,10,30,20,20,20,10,10,10,30,20,20,20,10,10,10,30,20,20,20,10,10,10,30,20,20,20,10,10,10,30,20,20,20
B_RP_FR_ZH_F_US_F_G4O_T05,7,10,10,10,30,20,20,20,10,10,10,30,20,20,20,10,10,10,30,20,20,20,10,10,10,30,20,20,20,10,10,9,27,18,19,19,10,10,10,30,20,20,20,10,10,10,30,20,20,20
B_RP_FR_US_M_US_F_G4O_T05,7,10,10,10,30,20,20,20,10,10,10,30,20,20,20,10,10,10,30,20,20,20,10,10,10,30,20,20,20,10,10,10,30,20,20,20,10,10,10,30,20,20,20,10,10,10,30,20,20,20
B_RP_FR_US_F_US_F_G4O_T05,7,10,10,10,30,20,20,20,10,10,10,30,20,20,20,10,10,10,30,20,20,20,10,10,10,30,20,20,20,10,10,10,30,20,20,20,10,10,10,30,20,20,20,10,10,10,30,20,20,20
B_RP_FR_FR_M_US_F_G4O_T05,7,10,10,10,30,20,20,20,10,10,10,30,20,20,20,10,10,10,30,20,20,20,10,10,10,30,20,20,20,10,10,10,30,20,20,20,10,10,10,30,20,20,20,10,10,10,30,20,20,20
B_RP_FR_ZH_M_FR_M_G4O_T05,7,10,10,10,30,20,20,20,10,10,7,21,15,18,16,10,10,10,30,25,25,15,10,10,10,30,25,25,15,10,10,10,30,25,25,15,10,10,10,30,25,25,15,10,10,10,30,25,25,15
B_RP_FR_FR_F_US_F_G4O_T05,7,10,10,10,30,20,20,20,10,10,10,30,20,20,20,10,10,10,30,20,20,20,10,10,10,30,20,20,20,10,10,10,30,20,20,20,10,10,10,30,20,20,20,10,10,9,27,20,21,17
B_RP_FR_US_M_FR_M_G4O_T05,7,10,10,10,30,20,20,20,10,10,10,30,20,20,20,10,10,10,30,20,20,20,10,10,10,30,20,20,20,10,10,10,30,20,20,20,10,10,10,30,20,20,20,10,10,10,30,20,20,20
B_RP_FR_U_U_FR_M_G4O_T05,7,10,10,10,30,20,20,20,10,10,8,24,15,17,19,10,10,10,30,20,20,20,10,10,10,30,20,20,20,10,10,10,30,20,20,20,10,10,10,30,20,20,20,10,10,10,30,20,20,20
B_RP_FR_FR_M_FR_M_G4O_T05,7,10,10,10,30,20,20,20,10,10,10,30,20,20,20,10,10,10,30,20,20,20,10,10,10,30,20,20,20,10,10,10,30,20,20,20,10,10,10,30,20,20,20,10,10,8,24,20,22,14
B_RP_FR_ZH_F_FR_M_G4O_T05,7,10,10,10,30,20,20,20,10,10,10,30,20,20,20,10,10,10,30,20,20,20,10,10,10,30,20,20,20,10,10,10,30,20,20,20,10,10,6,18,10,14,18,10,10,8,24,18,20,16
B_RP_FR_US_F_FR_M_G4O_T05,7,10,10,10,30,20,20,20,10,10,10,30,20,20,20,10,10,10,30,20,20,20,10,10,10,30,20,20,20,10,10,10,30,20,20,20,10,10,10,30,20,20,20,10,10,9,27,17,18,20
B_RP_FR_FR_F_FR_M_G4O_T05,7,10,10,10,30,20,20,20,10,10,10,30,20,20,20,10,10,10,30,20,20,20,10,10,10,30,20,20,20,10,10,10,30,20,20,20,10,10,10,30,20,20,20,10,10,10,30,20,20,20
B_RP_FR_U_U_FR_F_G4O_T05,7,10,10,10,30,20,20,20,10,10,10,30,20,20,20,10,10,10,30,20,20,20,10,10,10,30,20,20,20,10,10,10,30,20,20,20,10,10,10,30,20,20,20,10,10,10,30,20,20,20
B_RP_FR_US_M_FR_F_G4O_T05,7,10,10,10,30,20,20,20,10,10,10,30,20,20,20,10,10,10,30,20,20,20,10,10,10,30,20,20,20,10,10,10,30,20,20,20,10,10,10,30,20,20,20,10,10,7,21,19,22,12
B_RP_FR_ZH_F_FR_F_G4O_T05,7,10,10,10,30,15,15,25,10,10,10,30,15,15,25,10,10,10,30,15,15,25,10,10,8,24,12,14,22,10,10,9,27,14,15,23,10,10,10,30,15,15,25,10,10,6,18,9,13,19
B_RP_FR_ZH_M_FR_F_G4O_T05,7,10,10,10,30,20,20,20,10,10,10,30,20,20,20,10,10,8,24,18,20,16,10,10,10,30,20,20,20,10,10,10,30,20,20,20,10,10,10,30,20,20,20,10,10,10,30,20,20,20
B_RP_FR_FR_M_FR_F_G4O_T05,7,10,10,10,30,15,15,25,10,10,10,30,15,15,25,10,10,10,30,15,15,25,10,10,10,30,15,15,25,10,10,10,30,15,15,25,10,10,9,27,15,16,22,10,10,9,27,15,16,22
B_RP_FR_US_F_FR_F_G4O_T05,7,10,10,10,30,20,20,20,10,10,10,30,20,20,20,10,10,7,21,15,18,16,10,10,10,30,20,20,20,10,10,9,27,18,19,19,10,10,10,30,20,20,20,10,10,9,27,18,19,19
B_RP_FR_FR_F_FR_F_G4O_T05,7,10,10,10,30,20,20,20,10,10,10,30,20,20,20,10,10,10,30,20,20,20,10,10,10,30,20,20,20,10,10,10,30,20,20,20,10,10,10,30,20,20,20,10,10,10,30,20,20,20
A_RP_FR_U_U_ZH_M_G4O_T07,7,10,10,5,15,3,8,22,10,10,4,12,2,8,20,10,10,4,12,2,8,20,10,10,4,12,2,8,20,10,10,4,12,2,8,20,10,10,4,12,1,7,21,10,10,4,12,1,7,21
A_RP_FR_U_U_U_U_G4O_T07,7,10,10,5,15,2,7,23,10,10,5,15,2,7,23,10,10,5,15,3,8,22,10,10,5,15,0,5,25,10,10,5,15,1,6,24,10,10,5,15,2,7,23,10,10,5,15,0,5,25
A_RP_FR_U_U_US_M_G4O_T07,7,10,10,5,15,3,8,22,10,10,5,15,2,7,23,10,10,4,12,1,7,21,10,10,3,9,1,8,18,10,10,3,9,0,7,19,10,10,2,6,1,9,15,10,10,2,6,0,8,16
A_RP_FR_U_U_ZH_F_G4O_T07,7,10,10,5,15,2,7,23,10,10,5,15,2,7,23,10,10,5,15,2,7,23,10,10,5,15,2,7,23,10,10,5,15,1,6,24,10,10,5,15,2,7,23,10,10,5,15,0,5,25
A_RP_FR_ZH_M_U_U_G4O_T07,7,10,10,5,15,2,7,23,10,10,4,12,1,7,21,10,10,3,9,2,9,17,10,10,2,6,2,10,14,10,10,1,3,2,11,11,10,10,0,0,1,11,9,10,10,2,6,0,8,16
A_RP_FR_U_U_US_F_G4O_T07,7,10,10,5,15,3,8,22,10,10,5,15,2,7,23,10,10,4,12,2,8,20,10,10,4,12,3,9,19,10,10,4,12,2,8,20,10,10,4,12,3,9,19,10,10,4,12,0,6,22
A_RP_FR_U_U_FR_F_G4O_T07,7,10,10,5,15,3,8,22,10,10,6,18,2,6,26,10,10,4,12,1,7,21,10,10,3,9,2,9,17,10,10,2,6,2,10,14,10,10,1,3,3,12,10,10,10,2,6,0,8,16
A_RP_FR_U_U_FR_M_G4O_T07,7,10,10,5,15,3,8,22,10,10,5,15,1,6,24,10,10,4,12,1,7,21,10,10,3,9,1,8,18,10,10,2,6,3,11,13,10,10,3,9,2,9,17,10,10,3,9,1,8,18
A_RP_FR_ZH_M_US_M_G4O_T07,7,10,10,5,15,2,7,23,10,10,4,12,4,10,18,10,10,3,9,4,11,15,10,10,3,9,2,9,17,10,10,4,12,3,9,19,10,10,3,9,1,8,18,10,10,3,9,0,7,19
A_RP_FR_ZH_M_ZH_M_G4O_T07,7,10,10,5,15,2,7,23,10,10,3,9,3,10,16,10,10,4,12,3,9,19,10,10,4,12,2,8,20,10,10,4,12,0,6,22,10,10,3,9,1,8,18,10,10,4,12,0,6,22
A_RP_FR_ZH_M_ZH_F_G4O_T07,7,10,10,5,15,2,7,23,10,10,4,12,1,7,21,10,10,3,9,2,9,17,10,10,3,9,2,9,17,10,10,3,9,1,8,18,10,10,3,9,3,10,16,10,10,3,9,0,7,19
A_RP_FR_ZH_M_US_F_G4O_T07,7,10,10,5,15,2,7,23,10,10,6,18,3,7,25,10,10,6,18,0,4,28,10,10,4,12,2,8,20,10,10,4,12,1,7,21,10,10,5,15,0,5,25,10,10,4,12,0,6,22
A_RP_FR_ZH_M_FR_F_G4O_T07,7,10,10,5,15,2,7,23,10,10,4,12,2,8,20,10,10,4,12,1,7,21,10,10,3,9,0,7,19,10,10,2,6,3,11,13,10,10,2,6,2,10,14,10,10,3,9,2,9,17
A_RP_FR_ZH_F_U_U_G4O_T07,7,10,10,5,15,3,8,22,10,10,4,12,3,9,19,10,10,4,12,3,9,19,10,10,4,12,2,8,20,10,10,4,12,2,8,20,10,10,4,12,2,8,20,10,10,4,12,0,6,22
A_RP_FR_ZH_M_FR_M_G4O_T07,7,10,10,5,15,3,8,22,10,10,4,12,1,7,21,10,10,4,12,2,8,20,10,10,4,12,1,7,21,10,10,3,9,2,9,17,10,10,3,9,1,8,18,10,10,4,12,0,6,22
A_RP_FR_ZH_F_ZH_M_G4O_T07,7,10,10,5,15,1,6,24,10,10,4,12,4,10,18,10,10,3,9,1,8,18,10,10,3,9,2,9,17,10,10,4,12,3,9,19,10,10,4,12,3,9,19,10,10,4,12,0,6,22
A_RP_FR_ZH_F_FR_M_G4O_T07,7,10,10,5,15,3,8,22,10,10,4,12,1,7,21,10,10,3,9,3,10,16,10,10,4,12,0,6,22,10,10,3,9,2,9,17,10,10,4,12,1,7,21,10,10,3,9,0,7,19
A_RP_FR_ZH_F_US_M_G4O_T07,7,10,10,5,15,2,7,23,10,10,4,12,1,7,21,10,10,3,9,1,8,18,10,10,2,6,2,10,14,10,10,2,6,3,11,13,10,10,3,9,2,9,17,10,10,3,9,2,9,17
A_RP_FR_ZH_F_FR_F_G4O_T07,7,10,10,5,15,3,8,22,10,10,4,12,4,10,18,10,10,6,18,3,7,25,10,10,5,15,0,5,25,10,10,4,12,1,7,21,10,10,5,15,2,7,23,10,10,4,12,1,7,21
A_RP_FR_ZH_F_US_F_G4O_T07,7,10,10,5,15,2,7,23,10,10,4,12,2,8,20,10,10,3,9,2,9,17,10,10,3,9,1,8,18,10,10,3,9,3,10,16,10,10,3,9,1,8,18,10,10,3,9,1,8,18
A_RP_FR_US_M_ZH_M_G4O_T07,7,10,10,5,15,2,7,23,10,10,4,12,1,7,21,10,10,3,9,1,8,18,10,10,2,6,2,10,14,10,10,2,6,1,9,15,10,10,2,6,2,10,14,10,10,2,6,0,8,16
A_RP_FR_US_M_U_U_G4O_T07,7,10,10,5,15,2,7,23,10,10,4,12,3,9,19,10,10,6,18,2,6,26,10,10,5,15,2,7,23,10,10,5,15,2,7,23,10,10,5,15,1,6,24,10,10,5,15,0,5,25
A_RP_FR_US_M_US_F_G4O_T07,7,10,10,5,15,2,7,23,10,10,5,15,0,5,25,10,10,3,9,1,8,18,10,10,4,12,3,9,19,10,10,4,12,1,7,21,10,10,3,9,2,9,17,10,10,4,12,0,6,22
A_RP_FR_US_M_ZH_F_G4O_T07,7,10,10,5,15,2,7,23,10,10,4,12,4,10,18,10,10,4,12,2,8,20,10,10,3,9,1,8,18,10,10,3,9,1,8,18,10,10,3,9,0,7,19,10,10,3,9,1,8,18
A_RP_FR_US_M_US_M_G4O_T07,7,10,10,5,15,2,7,23,10,10,5,15,1,6,24,10,10,4,12,0,6,22,10,10,3,9,1,8,18,10,10,2,6,3,11,13,10,10,2,6,2,10,14,10,10,3,9,1,8,18
A_RP_FR_US_M_FR_M_G4O_T07,7,10,10,5,15,3,8,22,10,10,5,15,1,6,24,10,10,4,12,3,9,19,10,10,4,12,2,8,20,10,10,4,12,2,8,20,10,10,4,12,2,8,20,10,10,4,12,0,6,22
A_RP_FR_US_F_U_U_G4O_T07,7,10,10,5,15,3,8,22,10,10,5,15,3,8,22,10,10,5,15,2,7,23,10,10,5,15,2,7,23,10,10,5,15,3,8,22,10,10,5,15,2,7,23,10,10,5,15,1,6,24
A_RP_FR_ZH_F_ZH_F_G4O_T07,7,10,10,5,15,2,7,23,10,10,4,12,2,8,20,10,10,3,9,1,8,18,10,10,3,9,1,8,18,10,10,2,6,2,10,14,10,10,2,6,2,10,14,10,10,2,6,0,8,16
A_RP_FR_US_F_ZH_M_G4O_T07,7,10,10,5,15,1,6,24,10,10,4,12,1,7,21,10,10,3,9,2,9,17,10,10,3,9,1,8,18,10,10,2,6,1,9,15,10,10,3,9,2,9,17,10,10,3,9,0,7,19
A_RP_FR_US_M_FR_F_G4O_T07,7,10,10,5,15,2,7,23,10,10,4,12,1,7,21,10,10,3,9,2,9,17,10,10,3,9,1,8,18,10,10,3,9,1,8,18,10,10,3,9,1,8,18,10,10,3,9,1,8,18
A_RP_FR_US_F_ZH_F_G4O_T07,7,10,10,5,15,3,8,22,10,10,4,12,1,7,21,10,10,3,9,0,7,19,10,10,2,6,2,10,14,10,10,2,6,2,10,14,10,10,1,3,2,11,11,10,10,3,9,1,8,18
A_RP_FR_US_F_US_M_G4O_T07,7,10,10,5,15,2,7,23,10,10,4,12,3,9,19,10,10,3,9,1,8,18,10,10,3,9,0,7,19,10,10,2,6,0,8,16,10,10,2,6,2,10,14,10,10,3,9,0,7,19
A_RP_FR_US_F_US_F_G4O_T07,7,10,10,5,15,1,6,24,10,10,4,12,3,9,19,10,10,4,12,2,8,20,10,10,4,12,2,8,20,10,10,4,12,2,8,20,10,10,4,12,0,6,22,10,10,4,12,0,6,22
A_RP_FR_US_F_FR_M_G4O_T07,7,10,10,5,15,3,8,22,10,10,4,12,0,6,22,10,10,3,9,1,8,18,10,10,2,6,3,11,13,10,10,2,6,2,10,14,10,10,2,6,1,9,15,10,10,3,9,0,7,19
A_RP_FR_FR_M_ZH_F_G4O_T07,7,10,10,5,15,2,7,23,10,10,4,12,2,8,20,10,10,3,9,3,10,16,10,10,4,12,3,9,19,10,10,4,12,2,8,20,10,10,4,12,2,8,20,10,10,4,12,0,6,22
A_RP_FR_FR_M_U_U_G4O_T07,7,10,10,5,15,3,8,22,10,10,4,12,2,8,20,10,10,3,9,3,10,16,10,10,3,9,3,10,16,10,10,3,9,2,9,17,10,10,3,9,2,9,17,10,10,3,9,2,9,17
A_RP_FR_US_F_FR_F_G4O_T07,7,10,10,5,15,2,7,23,10,10,4,12,1,7,21,10,10,3,9,2,9,17,10,10,2,6,2,10,14,10,10,2,6,3,11,13,10,10,2,6,2,10,14,10,10,2,6,0,8,16
A_RP_FR_FR_M_US_M_G4O_T07,7,10,10,5,15,2,7,23,10,10,6,18,1,5,27,10,10,4,12,0,6,22,10,10,3,9,2,9,17,10,10,3,9,1,8,18,10,10,2,6,1,9,15,10,10,3,9,0,7,19
A_RP_FR_FR_M_ZH_M_G4O_T07,7,10,10,5,15,2,7,23,10,10,6,18,1,5,27,10,10,5,15,0,5,25,10,10,4,12,2,8,20,10,10,4,12,1,7,21,10,10,5,15,1,6,24,10,10,5,15,0,5,25
A_RP_FR_FR_M_FR_M_G4O_T07,7,10,10,5,15,2,7,23,10,10,5,15,1,6,24,10,10,5,15,1,6,24,10,10,5,15,3,8,22,10,10,5,15,2,7,23,10,10,5,15,0,5,25,10,10,5,15,0,5,25
A_RP_FR_FR_M_US_F_G4O_T07,7,10,10,5,15,2,7,23,10,10,4,12,1,7,21,10,10,3,9,1,8,18,10,10,2,6,2,10,14,10,10,1,3,1,10,12,10,10,1,3,1,10,12,10,10,1,3,0,9,13
A_RP_FR_FR_F_ZH_M_G4O_T07,7,10,10,5,15,1,6,24,10,10,4,12,2,8,20,10,10,3,9,2,9,17,10,10,3,9,1,8,18,10,10,4,12,0,6,22,10,10,2,6,2,10,14,10,10,3,9,1,8,18
A_RP_FR_FR_M_FR_F_G4O_T07,7,10,10,5,15,3,8,22,10,10,4,12,1,7,21,10,10,3,9,2,9,17,10,10,3,9,0,7,19,10,10,2,6,1,9,15,10,10,3,9,4,11,15,10,10,4,12,0,6,22
A_RP_FR_FR_F_ZH_F_G4O_T07,7,10,10,5,15,2,7,23,10,10,4,12,2,8,20,10,10,3,9,2,9,17,10,10,2,6,2,10,14,10,10,1,3,0,9,13,10,10,0,0,2,12,8,10,10,2,6,0,8,16
A_RP_FR_FR_F_U_U_G4O_T07,7,10,10,5,15,2,7,23,10,10,5,15,4,9,21,10,10,5,15,2,7,23,10,10,5,15,1,6,24,10,10,5,15,2,7,23,10,10,5,15,2,7,23,10,10,5,15,2,7,23
A_RP_FR_FR_F_US_M_G4O_T07,7,10,10,10,30,3,3,37,10,10,7,21,1,4,30,10,10,5,15,1,6,24,10,10,4,12,3,9,19,10,10,5,15,3,8,22,10,10,4,12,3,9,19,10,10,4,12,0,6,22
A_RP_FR_FR_F_FR_F_G4O_T07,7,10,10,5,15,3,8,22,10,10,5,15,1,6,24,10,10,4,12,2,8,20,10,10,4,12,2,8,20,10,10,4,12,1,7,21,10,10,4,12,0,6,22,10,10,3,9,1,8,18
A_RP_FR_FR_F_FR_M_G4O_T07,7,10,10,5,15,3,8,22,10,10,4,12,3,9,19,10,10,3,9,1,8,18,10,10,2,6,0,8,16,10,10,1,3,0,9,13,10,10,0,0,2,12,8,10,10,1,3,2,11,11
A_RP_FR_FR_F_US_F_G4O_T07,7,10,10,5,15,2,7,23,10,10,4,12,2,8,20,10,10,3,9,1,8,18,10,10,3,9,3,10,16,10,10,3,9,1,8,18,10,10,3,9,3,10,16,10,10,3,9,0,7,19
B_RP_FR_U_U_U_U_G4O_T07,7,10,10,0,0,0,10,10,10,10,0,0,0,10,10,10,10,3,9,5,12,14,10,10,6,18,10,14,18,10,10,10,30,20,20,20,10,10,9,27,18,19,19,10,10,9,27,18,19,19
B_RP_FR_ZH_M_U_U_G4O_T07,7,10,10,0,0,0,10,10,10,10,4,12,6,12,16,10,10,6,18,9,13,19,10,10,7,21,10,13,21,10,10,7,21,10,13,21,10,10,8,24,12,14,22,10,10,9,27,13,14,24
B_RP_FR_ZH_F_U_U_G4O_T07,7,10,10,0,0,0,10,10,10,10,3,9,5,12,14,10,10,4,12,6,12,16,10,10,5,15,8,13,17,10,10,8,24,12,14,22,10,10,8,24,12,14,22,10,10,9,27,14,15,23
B_RP_FR_US_M_U_U_G4O_T07,7,10,10,0,0,0,10,10,10,10,0,0,0,10,10,10,10,0,0,0,10,10,10,10,0,0,0,10,10,10,10,0,0,0,10,10,10,10,1,3,0,9,13,10,10,0,0,0,10,10
B_RP_FR_FR_M_U_U_G4O_T07,7,10,10,0,0,0,10,10,10,10,2,6,3,11,13,10,10,1,3,1,10,12,10,10,0,0,0,10,10,10,10,0,0,0,10,10,10,10,4,12,5,11,17,10,10,8,24,5,7,29
B_RP_FR_US_F_U_U_G4O_T07,7,10,10,0,0,0,10,10,10,10,3,9,5,12,14,10,10,7,21,10,13,21,10,10,5,15,10,15,15,10,10,7,21,10,13,21,10,10,7,21,10,13,21,10,10,10,30,10,10,30
B_RP_FR_ZH_M_ZH_M_G4O_T07,7,10,10,0,0,0,10,10,10,10,0,0,0,10,10,10,10,2,6,0,8,16,10,10,0,0,0,10,10,10,10,0,0,0,10,10,10,10,0,0,0,10,10,10,10,0,0,0,10,10
B_RP_FR_FR_F_U_U_G4O_T07,7,10,10,0,0,0,10,10,10,10,0,0,0,10,10,10,10,2,6,0,8,16,10,10,4,12,6,12,16,10,10,9,27,10,11,27,10,10,9,27,10,11,27,10,10,8,24,10,12,24
B_RP_FR_US_F_ZH_M_G4O_T07,7,10,10,0,0,0,10,10,10,10,1,3,0,9,13,10,10,0,0,0,10,10,10,10,4,12,0,6,22,10,10,3,9,0,7,19,10,10,2,6,0,8,16,10,10,0,0,0,10,10
B_RP_FR_U_U_ZH_M_G4O_T07,7,10,10,0,0,0,10,10,10,10,0,0,0,10,10,10,10,0,0,0,10,10,10,10,3,9,0,7,19,10,10,0,0,0,10,10,10,10,0,0,0,10,10,10,10,0,0,0,10,10
B_RP_FR_ZH_F_ZH_M_G4O_T07,7,10,10,0,0,0,10,10,10,10,2,6,3,11,13,10,10,7,21,10,13,21,10,10,8,24,12,14,22,10,10,10,30,15,15,25,10,10,8,24,13,15,21,10,10,8,24,12,14,22
B_RP_FR_US_M_ZH_M_G4O_T07,7,10,10,0,0,0,10,10,10,10,2,6,3,11,13,10,10,2,6,2,10,14,10,10,4,12,5,11,17,10,10,5,15,8,13,17,10,10,10,30,12,12,28,10,10,9,27,10,11,27
B_RP_FR_FR_F_ZH_M_G4O_T07,7,10,10,0,0,0,10,10,10,10,0,0,0,10,10,10,10,3,9,5,12,14,10,10,5,15,10,15,15,10,10,10,30,20,20,20,10,10,10,30,20,20,20,10,10,8,24,15,17,19
B_RP_FR_U_U_ZH_F_G4O_T07,7,10,10,0,0,0,10,10,10,10,0,0,0,10,10,10,10,2,6,2,10,14,10,10,3,9,5,12,14,10,10,7,21,10,13,21,10,10,7,21,10,13,21,10,10,9,27,15,16,22
B_RP_FR_ZH_M_ZH_F_G4O_T07,7,10,10,0,0,0,10,10,10,10,4,12,5,11,17,10,10,6,18,8,12,20,10,10,7,21,10,13,21,10,10,10,30,15,15,25,10,10,9,27,12,13,25,10,10,10,30,15,15,25
B_RP_FR_FR_M_ZH_M_G4O_T07,7,10,10,0,0,0,10,10,10,10,1,3,0,9,13,10,10,0,0,0,10,10,10,10,1,3,0,9,13,10,10,0,0,0,10,10,10,10,0,0,0,10,10,10,10,0,0,0,10,10
B_RP_FR_US_M_ZH_F_G4O_T07,7,10,10,0,0,0,10,10,10,10,0,0,0,10,10,10,10,0,0,0,10,10,10,10,0,0,0,10,10,10,10,0,0,0,10,10,10,10,7,21,10,13,21,10,10,8,24,12,14,22
B_RP_FR_FR_M_ZH_F_G4O_T07,7,10,10,0,0,0,10,10,10,10,0,0,0,10,10,10,10,0,0,0,10,10,10,10,2,6,0,8,16,10,10,5,15,5,10,20,10,10,7,21,5,8,26,10,10,4,12,5,11,17
B_RP_FR_US_F_ZH_F_G4O_T07,7,10,10,0,0,0,10,10,10,10,0,0,0,10,10,10,10,3,9,4,11,15,10,10,6,18,8,12,20,10,10,10,30,15,15,25,10,10,10,30,15,15,25,10,10,10,30,15,15,25
B_RP_FR_ZH_F_ZH_F_G4O_T07,7,10,10,0,0,0,10,10,10,10,4,12,6,12,16,10,10,5,15,8,13,17,10,10,9,27,10,11,27,10,10,7,21,10,13,21,10,10,10,30,12,12,28,10,10,10,30,12,12,28
B_RP_FR_FR_F_ZH_F_G4O_T07,7,10,10,0,0,0,10,10,10,10,0,0,0,10,10,10,10,1,3,0,9,13,10,10,2,6,0,8,16,10,10,2,6,0,8,16,10,10,3,9,0,7,19,10,10,0,0,0,10,10
B_RP_FR_ZH_F_US_M_G4O_T07,7,10,10,0,0,0,10,10,10,10,0,0,0,10,10,10,10,0,0,0,10,10,10,10,0,0,0,10,10,10,10,4,12,6,12,16,10,10,8,24,10,12,24,10,10,8,24,12,14,22
B_RP_FR_U_U_US_M_G4O_T07,7,10,10,0,0,0,10,10,10,10,0,0,0,10,10,10,10,5,15,10,15,15,10,10,6,18,9,13,19,10,10,8,24,12,14,22,10,10,8,24,12,14,22,10,10,7,21,10,13,21
B_RP_FR_ZH_M_US_M_G4O_T07,7,10,10,0,0,0,10,10,10,10,0,0,0,10,10,10,10,0,0,0,10,10,10,10,0,0,0,10,10,10,10,1,3,0,9,13,10,10,0,0,0,10,10,10,10,0,0,0,10,10
B_RP_FR_US_F_US_M_G4O_T07,7,10,10,0,0,0,10,10,10,10,0,0,0,10,10,10,10,0,0,0,10,10,10,10,3,9,9,16,10,10,10,10,30,15,15,25,10,10,7,21,12,15,19,10,10,8,24,12,14,22
B_RP_FR_FR_M_US_M_G4O_T07,7,10,10,0,0,0,10,10,10,10,3,9,5,12,14,10,10,7,21,8,11,23,10,10,8,24,10,12,24,10,10,9,27,12,13,25,10,10,10,30,15,15,25,10,10,8,24,10,12,24
B_RP_FR_US_M_US_M_G4O_T07,7,10,10,0,0,0,10,10,10,10,3,9,5,12,14,10,10,7,21,10,13,21,10,10,6,18,7,11,21,10,10,4,12,6,12,16,10,10,6,18,7,11,21,10,10,2,6,3,11,13
B_RP_FR_FR_F_US_M_G4O_T07,7,10,10,0,0,0,10,10,10,10,0,0,0,10,10,10,10,2,6,0,8,16,10,10,4,12,6,12,16,10,10,5,15,5,10,20,10,10,5,15,5,10,20,10,10,1,3,0,9,13
B_RP_FR_US_M_US_F_G4O_T07,7,10,10,0,0,0,10,10,10,10,2,6,1,9,15,10,10,0,0,0,10,10,10,10,1,3,0,9,13,10,10,1,3,0,9,13,10,10,5,15,5,10,20,10,10,5,15,5,10,20
B_RP_FR_U_U_US_F_G4O_T07,7,10,10,0,0,0,10,10,10,10,1,3,0,9,13,10,10,1,3,0,9,13,10,10,0,0,0,10,10,10,10,0,0,0,10,10,10,10,1,3,0,9,13,10,10,0,0,0,10,10
B_RP_FR_US_F_US_F_G4O_T07,7,10,10,0,0,0,10,10,10,10,3,9,5,12,14,10,10,5,15,8,13,17,10,10,9,27,12,13,25,10,10,8,24,10,12,24,10,10,10,30,15,15,25,10,10,4,12,6,12,16
B_RP_FR_ZH_M_US_F_G4O_T07,7,10,10,0,0,0,10,10,10,10,1,3,2,11,11,10,10,4,12,5,11,17,10,10,7,21,10,13,21,10,10,6,18,8,12,20,10,10,8,24,11,13,23,10,10,5,15,7,12,18
B_RP_FR_FR_F_US_F_G4O_T07,7,10,10,0,0,0,10,10,10,10,3,9,5,12,14,10,10,7,21,10,13,21,10,10,10,30,10,10,30,10,10,9,27,10,11,27,10,10,9,27,10,11,27,10,10,5,15,10,15,15
B_RP_FR_ZH_F_US_F_G4O_T07,7,10,10,0,0,0,10,10,10,10,2,6,5,13,11,10,10,5,15,7,12,18,10,10,3,9,5,12,14,10,10,6,18,10,14,18,10,10,10,30,15,15,25,10,10,6,18,10,14,18
B_RP_FR_FR_M_US_F_G4O_T07,7,10,10,0,0,0,10,10,10,10,0,0,0,10,10,10,10,1,3,0,9,13,10,10,2,6,0,8,16,10,10,0,0,0,10,10,10,10,0,0,0,10,10,10,10,0,0,0,10,10
B_RP_FR_ZH_M_FR_M_G4O_T07,7,10,10,0,0,0,10,10,10,10,0,0,0,10,10,10,10,0,0,0,10,10,10,10,1,3,0,9,13,10,10,0,0,0,10,10,10,10,1,3,0,9,13,10,10,0,0,0,10,10
B_RP_FR_U_U_FR_M_G4O_T07,7,10,10,0,0,0,10,10,10,10,0,0,0,10,10,10,10,1,3,0,9,13,10,10,0,0,0,10,10,10,10,3,9,0,7,19,10,10,0,0,0,10,10,10,10,0,0,0,10,10
B_RP_FR_US_M_FR_M_G4O_T07,7,10,10,0,0,0,10,10,10,10,2,6,3,11,13,10,10,6,18,9,13,19,10,10,6,18,9,13,19,10,10,7,21,10,13,21,10,10,7,21,10,13,21,10,10,5,15,8,13,17
B_RP_FR_FR_M_FR_M_G4O_T07,7,10,10,0,0,0,10,10,10,10,2,6,4,12,12,10,10,5,15,10,15,15,10,10,8,24,12,14,22,10,10,10,30,15,15,25,10,10,7,21,10,13,21,10,10,7,21,10,13,21
B_RP_FR_ZH_F_FR_M_G4O_T07,7,10,10,0,0,0,10,10,10,10,0,0,0,10,10,10,10,0,0,0,10,10,10,10,0,0,0,10,10,10,10,0,0,0,10,10,10,10,2,6,2,10,14,10,10,0,0,0,10,10
B_RP_FR_ZH_M_FR_F_G4O_T07,7,10,10,0,0,0,10,10,10,10,1,3,1,10,12,10,10,4,12,4,10,18,10,10,4,12,4,10,18,10,10,6,18,6,10,22,10,10,6,18,6,10,22,10,10,3,9,3,10,16
B_RP_FR_FR_F_FR_M_G4O_T07,7,10,10,0,0,0,10,10,10,10,1,3,1,10,12,10,10,3,9,2,9,17,10,10,0,0,0,10,10,10,10,0,0,0,10,10,10,10,6,18,4,8,24,10,10,4,12,3,9,19
B_RP_FR_US_F_FR_M_G4O_T07,7,10,10,0,0,0,10,10,10,10,1,3,1,10,12,10,10,3,9,5,12,14,10,10,6,18,6,10,22,10,10,4,12,4,10,18,10,10,7,21,8,11,23,10,10,6,18,6,10,22
B_RP_FR_U_U_FR_F_G4O_T07,7,10,10,0,0,0,10,10,10,10,2,6,4,12,12,10,10,7,21,10,13,21,10,10,6,18,9,13,19,10,10,7,21,10,13,21,10,10,6,18,9,13,19,10,10,9,27,10,11,27
B_RP_FR_ZH_F_FR_F_G4O_T07,7,10,10,0,0,0,10,10,10,10,2,6,2,10,14,10,10,5,15,5,10,20,10,10,5,15,5,10,20,10,10,2,6,2,10,14,10,10,3,9,3,10,16,10,10,3,9,3,10,16
B_RP_FR_US_F_FR_F_G4O_T07,7,10,10,0,0,0,10,10,10,10,0,0,0,10,10,10,10,0,0,0,10,10,10,10,2,6,5,13,11,10,10,3,9,2,9,17,10,10,5,15,3,8,22,10,10,4,12,3,9,19
B_RP_FR_US_M_FR_F_G4O_T07,7,10,10,0,0,0,10,10,10,10,3,9,5,12,14,10,10,7,21,10,13,21,10,10,7,21,10,13,21,10,10,9,27,15,16,22,10,10,10,30,15,15,25,10,10,10,30,15,15,25
B_RP_FR_FR_F_FR_F_G4O_T07,7,10,10,0,0,0,10,10,10,10,2,6,2,10,14,10,10,6,18,9,13,19,10,10,6,18,9,13,19,10,10,9,27,12,13,25,10,10,8,24,12,14,22,10,10,7,21,10,13,21
B_RP_FR_FR_M_FR_F_G4O_T07,7,10,10,0,0,0,10,10,10,10,0,0,0,10,10,10,10,3,9,5,12,14,10,10,4,12,4,10,18,10,10,6,18,10,14,18,10,10,10,30,15,15,25,10,10,8,24,10,12,24
B_RP_FR_U_U_U_U_G4O_T07,7,10,10,2,6,4,12,12,10,10,4,12,6,12,16,10,10,10,30,15,15,25,10,10,9,27,13,14,24,10,10,10,30,15,15,25,10,10,10,30,15,15,25,10,10,10,30,15,15,25
B_RP_FR_ZH_F_U_U_G4O_T07,7,10,10,2,6,3,11,13,10,10,5,15,5,10,20,10,10,9,27,10,11,27,10,10,9,27,10,11,27,10,10,4,12,5,11,17,10,10,6,18,7,11,21,10,10,6,18,7,11,21
B_RP_FR_US_F_U_U_G4O_T07,7,10,10,2,6,3,11,13,10,10,5,15,4,9,21,10,10,4,12,5,11,17,10,10,7,21,6,9,25,10,10,9,27,10,11,27,10,10,7,21,8,11,23,10,10,6,18,7,11,21
B_RP_FR_ZH_M_U_U_G4O_T07,7,10,10,2,6,4,12,12,10,10,8,24,10,12,24,10,10,10,30,15,15,25,10,10,10,30,15,15,25,10,10,10,30,15,15,25,10,10,7,21,10,13,21,10,10,7,21,10,13,21
B_RP_FR_FR_M_U_U_G4O_T07,7,10,10,2,6,4,12,12,10,10,10,30,10,10,30,10,10,8,24,10,12,24,10,10,6,18,12,16,16,10,10,8,24,10,12,24,10,10,9,27,10,11,27,10,10,4,12,10,16,12
B_RP_FR_US_M_U_U_G4O_T07,7,10,10,2,6,4,12,12,10,10,4,12,6,12,16,10,10,6,18,8,12,20,10,10,6,18,8,12,20,10,10,7,21,10,13,21,10,10,6,18,8,12,20,10,10,6,18,8,12,20
B_RP_FR_FR_F_U_U_G4O_T07,7,10,10,2,6,2,10,14,10,10,4,12,4,10,18,10,10,8,24,8,10,26,10,10,9,27,9,10,28,10,10,7,21,7,10,24,10,10,5,15,5,10,20,10,10,3,9,3,10,16
B_RP_FR_U_U_ZH_M_G4O_T07,7,10,10,2,6,2,10,14,10,10,2,6,2,10,14,10,10,4,12,6,12,16,10,10,7,21,10,13,21,10,10,6,18,9,13,19,10,10,9,27,15,16,22,10,10,10,30,18,18,22
B_RP_FR_ZH_F_ZH_M_G4O_T07,7,10,10,2,6,4,12,12,10,10,7,21,8,11,23,10,10,6,18,9,13,19,10,10,9,27,13,14,24,10,10,10,30,15,15,25,10,10,9,27,13,14,24,10,10,7,21,8,11,23
B_RP_FR_ZH_M_ZH_M_G4O_T07,7,10,10,2,6,4,12,12,10,10,4,12,6,12,16,10,10,7,21,10,13,21,10,10,8,24,12,14,22,10,10,10,30,15,15,25,10,10,10,30,15,15,25,10,10,7,21,10,13,21
B_RP_FR_US_M_ZH_M_G4O_T07,7,10,10,2,6,4,12,12,10,10,5,15,6,11,19,10,10,3,9,5,12,14,10,10,8,24,12,14,22,10,10,10,30,15,15,25,10,10,10,30,15,15,25,10,10,6,18,9,13,19
B_RP_FR_US_F_ZH_M_G4O_T07,7,10,10,2,6,2,10,14,10,10,3,9,3,10,16,10,10,4,12,4,10,18,10,10,4,12,4,10,18,10,10,1,3,1,10,12,10,10,1,3,1,10,12,10,10,0,0,0,10,10
B_RP_FR_FR_F_ZH_M_G4O_T07,7,10,10,2,6,4,12,12,10,10,9,27,18,19,19,10,10,10,30,20,20,20,10,10,10,30,20,20,20,10,10,9,27,18,19,19,10,10,8,24,16,18,18,10,10,7,21,14,17,17
B_RP_FR_U_U_ZH_F_G4O_T07,7,10,10,2,6,5,13,11,10,10,3,9,4,11,15,10,10,6,18,10,14,18,10,10,7,21,10,13,21,10,10,5,15,10,15,15,10,10,10,30,15,15,25,10,10,8,24,10,12,24
B_RP_FR_FR_M_ZH_M_G4O_T07,7,10,10,2,6,4,12,12,10,10,6,18,5,9,23,10,10,6,18,6,10,22,10,10,7,21,8,11,23,10,10,10,30,15,15,25,10,10,10,30,15,15,25,10,10,7,21,8,11,23
B_RP_FR_US_M_ZH_F_G4O_T07,7,10,10,2,6,4,12,12,10,10,3,9,5,12,14,10,10,9,27,10,11,27,10,10,8,24,7,9,27,10,10,10,30,10,10,30,10,10,7,21,9,12,22,10,10,5,15,8,13,17
B_RP_FR_ZH_F_ZH_F_G4O_T07,7,10,10,2,6,4,12,12,10,10,3,9,5,12,14,10,10,6,18,10,14,18,10,10,9,27,14,15,23,10,10,9,27,14,15,23,10,10,9,27,14,15,23,10,10,9,27,14,15,23
B_RP_FR_ZH_M_ZH_F_G4O_T07,7,10,10,2,6,1,9,15,10,10,3,9,2,9,17,10,10,6,18,7,11,21,10,10,10,30,15,15,25,10,10,10,30,15,15,25,10,10,10,30,15,15,25,10,10,5,15,9,14,16
B_RP_FR_FR_M_ZH_F_G4O_T07,7,10,10,2,6,4,12,12,10,10,7,21,10,13,21,10,10,6,18,9,13,19,10,10,8,24,12,14,22,10,10,10,30,15,15,25,10,10,10,30,15,15,25,10,10,9,27,13,14,24
B_RP_FR_US_F_ZH_F_G4O_T07,7,10,10,2,6,3,11,13,10,10,3,9,5,12,14,10,10,10,30,15,15,25,10,10,9,27,10,11,27,10,10,8,24,11,13,23,10,10,10,30,15,15,25,10,10,8,24,11,13,23
B_RP_FR_FR_F_ZH_F_G4O_T07,7,10,10,2,6,4,12,12,10,10,4,12,6,12,16,10,10,7,21,9,12,22,10,10,7,21,9,12,22,10,10,9,27,12,13,25,10,10,10,30,15,15,25,10,10,6,18,9,13,19
B_RP_FR_ZH_M_US_M_G4O_T07,7,10,10,2,6,4,12,12,10,10,3,9,5,12,14,10,10,6,18,9,13,19,10,10,5,15,7,12,18,10,10,8,24,12,14,22,10,10,8,24,12,14,22,10,10,7,21,10,13,21
B_RP_FR_U_U_US_M_G4O_T07,7,10,10,2,6,4,12,12,10,10,5,15,7,12,18,10,10,5,15,6,11,19,10,10,8,24,10,12,24,10,10,8,24,10,12,24,10,10,7,21,9,12,22,10,10,5,15,7,12,18
B_RP_FR_US_M_US_M_G4O_T07,7,10,10,2,6,1,9,15,10,10,1,3,2,11,11,10,10,7,21,5,8,26,10,10,7,21,5,8,26,10,10,6,18,3,7,25,10,10,6,18,4,8,24,10,10,2,6,3,11,13
B_RP_FR_ZH_F_US_M_G4O_T07,7,10,10,2,6,4,12,12,10,10,5,15,6,11,19,10,10,8,24,12,14,22,10,10,7,21,9,12,22,10,10,8,24,12,14,22,10,10,6,18,9,13,19,10,10,4,12,6,12,16
B_RP_FR_US_F_US_M_G4O_T07,7,10,10,2,6,1,9,15,10,10,3,9,2,9,17,10,10,3,9,2,9,17,10,10,6,18,5,9,23,10,10,4,12,3,9,19,10,10,6,18,5,9,23,10,10,5,15,4,9,21
B_RP_FR_FR_M_US_M_G4O_T07,7,10,10,2,6,1,9,15,10,10,2,6,1,9,15,10,10,0,0,0,10,10,10,10,1,3,1,10,12,10,10,3,9,1,8,18,10,10,0,0,0,10,10,10,10,0,0,0,10,10
B_RP_FR_ZH_M_US_F_G4O_T07,7,10,10,2,6,4,12,12,10,10,6,18,8,12,20,10,10,4,12,6,12,16,10,10,9,27,12,13,25,10,10,10,30,15,15,25,10,10,10,30,15,15,25,10,10,10,30,15,15,25
B_RP_FR_FR_F_US_M_G4O_T07,7,10,10,2,6,2,10,14,10,10,2,6,2,10,14,10,10,0,0,0,10,10,10,10,5,15,7,12,18,10,10,8,24,10,12,24,10,10,8,24,10,12,24,10,10,4,12,6,12,16
B_RP_FR_U_U_US_F_G4O_T07,7,10,10,2,6,4,12,12,10,10,8,24,10,12,24,10,10,7,21,10,13,21,10,10,6,18,9,13,19,10,10,6,18,9,13,19,10,10,10,30,15,15,25,10,10,6,18,9,13,19
B_RP_FR_FR_M_US_F_G4O_T07,7,10,10,2,6,3,11,13,10,10,0,0,0,10,10,10,10,0,0,0,10,10,10,10,2,6,3,11,13,10,10,6,18,9,13,19,10,10,4,12,6,12,16,10,10,6,18,9,13,19
B_RP_FR_ZH_F_US_F_G4O_T07,7,10,10,2,6,3,11,13,10,10,4,12,5,11,17,10,10,4,12,6,12,16,10,10,7,21,8,11,23,10,10,4,12,5,11,17,10,10,6,18,7,11,21,10,10,4,12,5,11,17
B_RP_FR_U_U_FR_M_G4O_T07,7,10,10,2,6,5,13,11,10,10,7,21,10,13,21,10,10,10,30,12,12,28,10,10,10,30,12,12,28,10,10,10,30,12,12,28,10,10,9,27,15,16,22,10,10,7,21,10,13,21
B_RP_FR_ZH_F_FR_M_G4O_T07,7,10,10,2,6,3,11,13,10,10,9,27,4,5,33,10,10,1,3,1,10,12,10,10,3,9,5,12,14,10,10,5,15,9,14,16,10,10,9,27,7,8,30,10,10,2,6,3,11,13
B_RP_FR_US_F_US_F_G4O_T07,7,10,10,2,6,4,12,12,10,10,5,15,6,11,19,10,10,5,15,6,11,19,10,10,8,24,10,12,24,10,10,10,30,12,12,28,10,10,9,27,10,11,27,10,10,4,12,6,12,16
B_RP_FR_FR_F_US_F_G4O_T07,7,10,10,2,6,1,9,15,10,10,2,6,2,10,14,10,10,2,6,3,11,13,10,10,8,24,6,8,28,10,10,4,12,3,9,19,10,10,4,12,3,9,19,10,10,3,9,2,9,17
B_RP_FR_ZH_M_FR_M_G4O_T07,7,10,10,2,6,5,13,11,10,10,7,21,10,13,21,10,10,10,30,15,15,25,10,10,10,30,18,18,22,10,10,9,27,14,15,23,10,10,10,30,18,18,22,10,10,8,24,12,14,22
B_RP_FR_US_M_FR_M_G4O_T07,7,10,10,2,6,4,12,12,10,10,4,12,6,12,16,10,10,5,15,8,13,17,10,10,10,30,20,20,20,10,10,10,30,20,20,20,10,10,10,30,20,20,20,10,10,10,30,20,20,20
B_RP_FR_U_U_FR_F_G4O_T07,7,10,10,2,6,4,12,12,10,10,4,12,6,12,16,10,10,4,12,6,12,16,10,10,7,21,10,13,21,10,10,10,30,15,15,25,10,10,9,27,12,13,25,10,10,7,21,10,13,21
B_RP_FR_FR_M_FR_M_G4O_T07,7,10,10,2,6,4,12,12,10,10,3,9,5,12,14,10,10,9,27,10,11,27,10,10,10,30,12,12,28,10,10,8,24,10,12,24,10,10,10,30,12,12,28,10,10,4,12,6,12,16
B_RP_FR_US_M_US_F_G4O_T07,7,10,10,2,6,3,11,13,10,10,4,12,5,11,17,10,10,3,9,4,11,15,10,10,5,15,6,11,19,10,10,5,15,6,11,19,10,10,3,9,4,11,15,10,10,3,9,4,11,15
B_RP_FR_US_F_FR_M_G4O_T07,7,10,10,2,6,5,13,11,10,10,7,21,10,13,21,10,10,10,30,15,15,25,10,10,10,30,15,15,25,10,10,5,15,10,15,15,10,10,7,21,10,13,21,10,10,4,12,12,18,10
B_RP_FR_FR_F_FR_M_G4O_T07,7,10,10,2,6,4,12,12,10,10,4,12,6,12,16,10,10,6,18,9,13,19,10,10,7,21,10,13,21,10,10,8,24,12,14,22,10,10,10,30,15,15,25,10,10,5,15,7,12,18
B_RP_FR_ZH_M_FR_F_G4O_T07,7,10,10,2,6,4,12,12,10,10,5,15,6,11,19,10,10,6,18,8,12,20,10,10,7,21,10,13,21,10,10,9,27,12,13,25,10,10,8,24,10,12,24,10,10,4,12,6,12,16
B_RP_FR_US_M_FR_F_G4O_T07,7,10,10,2,6,4,12,12,10,10,2,6,4,12,12,10,10,6,18,12,16,16,10,10,9,27,27,28,10,10,10,10,30,30,30,10,10,10,10,30,30,30,10,10,10,10,30,30,30,10
B_RP_FR_US_F_FR_F_G4O_T07,7,10,10,2,6,4,12,12,10,10,8,24,12,14,22,10,10,10,30,15,15,25,10,10,10,30,15,15,25,10,10,9,27,15,16,22,10,10,10,30,15,15,25,10,10,10,30,15,15,25
B_RP_FR_ZH_F_FR_F_G4O_T07,7,10,10,2,6,4,12,12,10,10,9,27,10,11,27,10,10,9,27,10,11,27,10,10,5,15,10,15,15,10,10,10,30,10,10,30,10,10,10,30,10,10,30,10,10,7,21,10,13,21
B_RP_FR_FR_F_FR_F_G4O_T07,7,10,10,2,6,4,12,12,10,10,6,18,10,14,18,10,10,7,21,10,13,21,10,10,8,24,10,12,24,10,10,6,18,10,14,18,10,10,8,24,10,12,24,10,10,4,12,10,16,12
B_RP_FR_FR_M_FR_F_G4O_T07,7,10,10,2,6,3,11,13,10,10,3,9,4,11,15,10,10,7,21,5,8,26,10,10,7,21,5,8,26,10,10,7,21,5,8,26,10,10,6,18,5,9,23,10,10,4,12,4,10,18
B_RP_FR_ZH_M_U_U_G4O_T07,7,10,10,5,15,10,15,15,10,10,7,21,10,13,21,10,10,7,21,10,13,21,10,10,7,21,10,13,21,10,10,7,21,10,13,21,10,10,8,24,10,12,24,10,10,4,12,10,16,12
B_RP_FR_ZH_F_U_U_G4O_T07,7,10,10,5,15,10,15,15,10,10,9,27,15,16,22,10,10,10,30,20,20,20,10,10,10,30,20,20,20,10,10,10,30,20,20,20,10,10,10,30,20,20,20,10,10,7,21,15,18,16
B_RP_FR_U_U_U_U_G4O_T07,7,10,10,5,15,12,17,13,10,10,10,30,15,15,25,10,10,7,21,14,17,17,10,10,10,30,15,15,25,10,10,7,21,14,17,17,10,10,10,30,15,15,25,10,10,6,18,13,17,15
B_RP_FR_US_M_U_U_G4O_T07,7,10,10,5,15,10,15,15,10,10,8,24,10,12,24,10,10,7,21,10,13,21,10,10,10,30,10,10,30,10,10,7,21,10,13,21,10,10,8,24,10,12,24,10,10,3,9,10,17,9
B_RP_FR_FR_F_U_U_G4O_T07,7,10,10,5,15,10,15,15,10,10,10,30,15,15,25,10,10,10,30,20,20,20,10,10,10,30,20,20,20,10,10,8,24,15,17,19,10,10,10,30,20,20,20,10,10,10,30,20,20,20
B_RP_FR_FR_M_U_U_G4O_T07,7,10,10,5,15,10,15,15,10,10,6,18,14,18,14,10,10,10,30,20,20,20,10,10,10,30,20,20,20,10,10,10,30,20,20,20,10,10,10,30,20,20,20,10,10,9,27,18,19,19
B_RP_FR_US_F_U_U_G4O_T07,7,10,10,5,15,10,15,15,10,10,9,27,15,16,22,10,10,9,27,12,13,25,10,10,8,24,7,9,27,10,10,8,24,10,12,24,10,10,8,24,10,12,24,10,10,6,18,11,15,17
B_RP_FR_ZH_M_ZH_M_G4O_T07,7,10,10,5,15,10,15,15,10,10,9,27,15,16,22,10,10,9,27,15,16,22,10,10,9,27,15,16,22,10,10,8,24,15,17,19,10,10,10,30,15,15,25,10,10,8,24,15,17,19
B_RP_FR_U_U_ZH_M_G4O_T07,7,10,10,5,15,10,15,15,10,10,6,18,10,14,18,10,10,10,30,15,15,25,10,10,10,30,15,15,25,10,10,10,30,15,15,25,10,10,10,30,15,15,25,10,10,9,27,15,16,22
B_RP_FR_US_F_ZH_M_G4O_T07,7,10,10,5,15,10,15,15,10,10,8,24,12,14,22,10,10,8,24,12,14,22,10,10,10,30,20,20,20,10,10,10,30,20,20,20,10,10,10,30,20,20,20,10,10,9,27,18,19,19
B_RP_FR_US_M_ZH_M_G4O_T07,7,10,10,5,15,10,15,15,10,10,5,15,10,15,15,10,10,8,24,10,12,24,10,10,9,27,10,11,27,10,10,8,24,10,12,24,10,10,9,27,10,11,27,10,10,9,27,10,11,27
B_RP_FR_ZH_F_ZH_M_G4O_T07,7,10,10,5,15,10,15,15,10,10,10,30,20,20,20,10,10,8,24,15,17,19,10,10,10,30,20,20,20,10,10,10,30,20,20,20,10,10,10,30,20,20,20,10,10,10,30,20,20,20
B_RP_FR_FR_M_ZH_M_G4O_T07,7,10,10,5,15,10,15,15,10,10,10,30,15,15,25,10,10,10,30,15,15,25,10,10,8,24,12,14,22,10,10,9,27,14,15,23,10,10,9,27,14,15,23,10,10,4,12,7,13,15
B_RP_FR_U_U_ZH_F_G4O_T07,7,10,10,5,15,12,17,13,10,10,8,24,18,20,16,10,10,10,30,25,25,15,10,10,10,30,25,25,15,10,10,10,30,25,25,15,10,10,10,30,25,25,15,10,10,10,30,25,25,15
B_RP_FR_FR_F_ZH_M_G4O_T07,7,10,10,5,15,12,17,13,10,10,8,24,15,17,19,10,10,10,30,20,20,20,10,10,10,30,20,20,20,10,10,10,30,20,20,20,10,10,10,30,20,20,20,10,10,8,24,15,17,19
B_RP_FR_ZH_F_ZH_F_G4O_T07,7,10,10,5,15,10,15,15,10,10,9,27,10,11,27,10,10,7,21,10,13,21,10,10,8,24,10,12,24,10,10,9,27,10,11,27,10,10,9,27,10,11,27,10,10,6,18,10,14,18
B_RP_FR_ZH_M_ZH_F_G4O_T07,7,10,10,5,15,10,15,15,10,10,10,30,20,20,20,10,10,10,30,20,20,20,10,10,10,30,20,20,20,10,10,10,30,20,20,20,10,10,10,30,20,20,20,10,10,10,30,20,20,20
B_RP_FR_US_M_ZH_F_G4O_T07,7,10,10,5,15,12,17,13,10,10,10,30,15,15,25,10,10,9,27,18,19,19,10,10,8,24,21,23,13,10,10,10,30,15,15,25,10,10,8,24,21,23,13,10,10,10,30,15,15,25
B_RP_FR_FR_M_ZH_F_G4O_T07,7,10,10,5,15,12,17,13,10,10,8,24,16,18,18,10,10,10,30,20,20,20,10,10,10,30,20,20,20,10,10,10,30,20,20,20,10,10,10,30,20,20,20,10,10,8,24,16,18,18
B_RP_FR_FR_F_ZH_F_G4O_T07,7,10,10,5,15,10,15,15,10,10,7,21,15,18,16,10,10,10,30,20,20,20,10,10,10,30,20,20,20,10,10,10,30,20,20,20,10,10,10,30,20,20,20,10,10,10,30,20,20,20
B_RP_FR_ZH_M_US_M_G4O_T07,7,10,10,5,15,10,15,15,10,10,10,30,20,20,20,10,10,10,30,20,20,20,10,10,10,30,20,20,20,10,10,10,30,20,20,20,10,10,8,24,15,17,19,10,10,10,30,20,20,20
B_RP_FR_US_F_ZH_F_G4O_T07,7,10,10,5,15,10,15,15,10,10,9,27,15,16,22,10,10,10,30,20,20,20,10,10,10,30,20,20,20,10,10,10,30,20,20,20,10,10,10,30,20,20,20,10,10,9,27,15,16,22
B_RP_FR_U_U_US_M_G4O_T07,7,10,10,5,15,10,15,15,10,10,10,30,15,15,25,10,10,10,30,20,20,20,10,10,10,30,20,20,20,10,10,10,30,20,20,20,10,10,10,30,20,20,20,10,10,10,30,20,20,20
B_RP_FR_ZH_F_US_M_G4O_T07,7,10,10,5,15,12,17,13,10,10,6,18,14,18,14,10,10,10,30,15,15,25,10,10,6,18,14,18,14,10,10,10,30,15,15,25,10,10,10,30,15,15,25,10,10,10,30,15,15,25
B_RP_FR_US_M_US_M_G4O_T07,7,10,10,5,15,12,17,13,10,10,10,30,15,15,25,10,10,9,27,20,21,17,10,10,10,30,15,15,25,10,10,9,27,20,21,17,10,10,10,30,15,15,25,10,10,5,15,12,17,13
B_RP_FR_ZH_M_US_F_G4O_T07,7,10,10,5,15,10,15,15,10,10,6,18,12,16,16,10,10,7,21,15,18,16,10,10,10,30,20,20,20,10,10,10,30,20,20,20,10,10,10,30,20,20,20,10,10,10,30,20,20,20
B_RP_FR_US_F_US_M_G4O_T07,7,10,10,5,15,10,15,15,10,10,7,21,15,18,16,10,10,10,30,20,20,20,10,10,10,30,20,20,20,10,10,10,30,20,20,20,10,10,10,30,20,20,20,10,10,10,30,20,20,20
B_RP_FR_U_U_US_F_G4O_T07,7,10,10,5,15,10,15,15,10,10,8,24,12,14,22,10,10,8,24,14,16,20,10,10,10,30,15,15,25,10,10,10,30,15,15,25,10,10,10,30,15,15,25,10,10,6,18,9,13,19
B_RP_FR_FR_M_US_M_G4O_T07,7,10,10,5,15,10,15,15,10,10,10,30,15,15,25,10,10,10,30,15,15,25,10,10,8,24,18,20,16,10,10,10,30,15,15,25,10,10,8,24,18,20,16,10,10,10,30,15,15,25
B_RP_FR_US_M_US_F_G4O_T07,7,10,10,5,15,10,15,15,10,10,6,18,5,9,23,10,10,9,27,15,16,22,10,10,10,30,20,20,20,10,10,10,30,20,20,20,10,10,10,30,20,20,20,10,10,10,30,20,20,20
B_RP_FR_ZH_F_US_F_G4O_T07,7,10,10,5,15,10,15,15,10,10,6,18,10,14,18,10,10,8,24,12,14,22,10,10,7,21,10,13,21,10,10,5,15,10,15,15,10,10,10,30,15,15,25,10,10,7,21,10,13,21
B_RP_FR_FR_F_US_M_G4O_T07,7,10,10,5,15,12,17,13,10,10,10,30,20,20,20,10,10,10,30,20,20,20,10,10,10,30,20,20,20,10,10,10,30,20,20,20,10,10,10,30,20,20,20,10,10,7,21,20,23,11
B_RP_FR_FR_M_US_F_G4O_T07,7,10,10,5,15,10,15,15,10,10,10,30,15,15,25,10,10,7,21,10,13,21,10,10,7,21,10,13,21,10,10,8,24,14,16,20,10,10,6,18,10,14,18,10,10,5,15,10,15,15
B_RP_FR_US_F_US_F_G4O_T07,7,10,10,5,15,10,15,15,10,10,8,24,12,14,22,10,10,7,21,11,14,20,10,10,8,24,12,14,22,10,10,6,18,11,15,17,10,10,9,27,13,14,24,10,10,8,24,12,14,22
B_RP_FR_FR_F_US_F_G4O_T07,7,10,10,5,15,10,15,15,10,10,10,30,15,15,25,10,10,8,24,12,14,22,10,10,7,21,9,12,22,10,10,8,24,12,14,22,10,10,10,30,15,15,25,10,10,9,27,13,14,24
B_RP_FR_ZH_F_FR_M_G4O_T07,7,10,10,5,15,10,15,15,10,10,9,27,15,16,22,10,10,10,30,20,20,20,10,10,10,30,20,20,20,10,10,10,30,20,20,20,10,10,10,30,20,20,20,10,10,10,30,20,20,20
B_RP_FR_ZH_M_FR_M_G4O_T07,7,10,10,5,15,12,17,13,10,10,10,30,15,15,25,10,10,10,30,15,15,25,10,10,10,30,15,15,25,10,10,10,30,15,15,25,10,10,10,30,15,15,25,10,10,9,27,15,16,22
B_RP_FR_U_U_FR_M_G4O_T07,7,10,10,5,15,10,15,15,10,10,8,24,12,14,22,10,10,5,15,10,15,15,10,10,8,24,12,14,22,10,10,8,24,12,14,22,10,10,8,24,12,14,22,10,10,6,18,9,13,19
B_RP_FR_US_F_FR_M_G4O_T07,7,10,10,5,15,12,17,13,10,10,10,30,20,20,20,10,10,8,24,18,20,16,10,10,10,30,20,20,20,10,10,10,30,20,20,20,10,10,10,30,20,20,20,10,10,10,30,20,20,20
B_RP_FR_FR_M_FR_M_G4O_T07,7,10,10,5,15,10,15,15,10,10,5,15,10,15,15,10,10,6,18,10,14,18,10,10,9,27,10,11,27,10,10,5,15,10,15,15,10,10,8,24,10,12,24,10,10,6,18,10,14,18
B_RP_FR_FR_F_FR_M_G4O_T07,7,10,10,5,15,12,17,13,10,10,9,27,15,16,22,10,10,10,30,18,18,22,10,10,10,30,18,18,22,10,10,10,30,18,18,22,10,10,10,30,18,18,22,10,10,9,27,15,16,22
B_RP_FR_US_M_FR_M_G4O_T07,7,10,10,5,15,10,15,15,10,10,9,27,15,16,22,10,10,7,21,10,13,21,10,10,10,30,20,20,20,10,10,10,30,20,20,20,10,10,10,30,20,20,20,10,10,10,30,20,20,20
B_RP_FR_ZH_M_FR_F_G4O_T07,7,10,10,5,15,12,17,13,10,10,10,30,20,20,20,10,10,10,30,20,20,20,10,10,10,30,20,20,20,10,10,10,30,20,20,20,10,10,10,30,20,20,20,10,10,10,30,20,20,20
B_RP_FR_US_M_FR_F_G4O_T07,7,10,10,5,15,10,15,15,10,10,8,24,6,8,28,10,10,6,18,9,13,19,10,10,9,27,12,13,25,10,10,10,30,15,15,25,10,10,9,27,12,13,25,10,10,6,18,9,13,19
B_RP_FR_U_U_FR_F_G4O_T07,7,10,10,5,15,10,15,15,10,10,5,15,10,15,15,10,10,8,24,15,17,19,10,10,10,30,20,20,20,10,10,10,30,20,20,20,10,10,10,30,20,20,20,10,10,9,27,18,19,19
B_RP_FR_ZH_F_FR_F_G4O_T07,7,10,10,5,15,10,15,15,10,10,9,27,15,16,22,10,10,10,30,20,20,20,10,10,10,30,20,20,20,10,10,10,30,20,20,20,10,10,10,30,20,20,20,10,10,9,27,15,16,22
B_RP_FR_US_F_FR_F_G4O_T07,7,10,10,5,15,10,15,15,10,10,10,30,15,15,25,10,10,10,30,20,20,20,10,10,10,30,20,20,20,10,10,8,24,20,22,14,10,10,10,30,20,20,20,10,10,10,30,20,20,20
B_RP_FR_FR_F_FR_F_G4O_T07,7,10,10,5,15,10,15,15,10,10,9,27,15,16,22,10,10,9,27,15,16,22,10,10,10,30,15,15,25,10,10,10,30,15,15,25,10,10,10,30,15,15,25,10,10,6,18,12,16,16
B_RP_FR_FR_M_FR_F_G4O_T07,7,10,10,5,15,10,15,15,10,10,7,21,15,18,16,10,10,10,30,20,20,20,10,10,10,30,20,20,20,10,10,10,30,20,20,20,10,10,10,30,20,20,20,10,10,10,30,20,20,20
B_RP_FR_ZH_M_U_U_G4O_T07,7,10,10,8,24,12,14,22,10,10,10,30,15,15,25,10,10,9,27,13,14,24,10,10,10,30,15,15,25,10,10,10,30,15,15,25,10,10,10,30,15,15,25,10,10,4,12,6,12,16
B_RP_FR_US_M_U_U_G4O_T07,7,10,10,8,24,10,12,24,10,10,7,21,10,13,21,10,10,9,27,10,11,27,10,10,7,21,10,13,21,10,10,8,24,10,12,24,10,10,8,24,10,12,24,10,10,4,12,10,16,12
B_RP_FR_U_U_U_U_G4O_T07,7,10,10,8,24,12,14,22,10,10,9,27,15,16,22,10,10,10,30,20,20,20,10,10,8,24,12,14,22,10,10,6,18,9,13,19,10,10,6,18,9,13,19,10,10,3,9,6,13,13
B_RP_FR_FR_F_U_U_G4O_T07,7,10,10,8,24,12,14,22,10,10,7,21,10,13,21,10,10,8,24,15,17,19,10,10,6,18,10,14,18,10,10,5,15,8,13,17,10,10,8,24,14,16,20,10,10,8,24,13,15,21
B_RP_FR_US_F_U_U_G4O_T07,7,10,10,8,24,12,14,22,10,10,8,24,12,14,22,10,10,7,21,12,15,19,10,10,9,27,12,13,25,10,10,9,27,12,13,25,10,10,10,30,12,12,28,10,10,7,21,12,15,19
B_RP_FR_U_U_ZH_M_G4O_T07,7,10,10,8,24,12,14,22,10,10,8,24,12,14,22,10,10,6,18,10,14,18,10,10,10,30,18,18,22,10,10,10,30,18,18,22,10,10,10,30,18,18,22,10,10,10,30,18,18,22
B_RP_FR_FR_M_U_U_G4O_T07,7,10,10,8,24,16,18,18,10,10,10,30,15,15,25,10,10,8,24,16,18,18,10,10,6,18,12,16,16,10,10,8,24,16,18,18,10,10,10,30,20,20,20,10,10,9,27,18,19,19
B_RP_FR_ZH_F_U_U_G4O_T07,7,10,10,8,24,12,14,22,10,10,8,24,14,16,20,10,10,8,24,14,16,20,10,10,10,30,20,20,20,10,10,10,30,20,20,20,10,10,8,24,14,16,20,10,10,8,24,14,16,20
B_RP_FR_ZH_M_ZH_M_G4O_T07,7,10,10,8,24,12,14,22,10,10,10,30,15,15,25,10,10,10,30,15,15,25,10,10,10,30,15,15,25,10,10,10,30,15,15,25,10,10,9,27,13,14,24,10,10,7,21,10,13,21
B_RP_FR_ZH_F_ZH_M_G4O_T07,7,10,10,8,24,12,14,22,10,10,8,24,12,14,22,10,10,10,30,15,15,25,10,10,10,30,15,15,25,10,10,10,30,15,15,25,10,10,10,30,15,15,25,10,10,8,24,12,14,22
B_RP_FR_US_M_ZH_M_G4O_T07,7,10,10,8,24,12,14,22,10,10,10,30,15,15,25,10,10,10,30,15,15,25,10,10,10,30,15,15,25,10,10,9,27,15,16,22,10,10,8,24,12,14,22,10,10,6,18,12,16,16
B_RP_FR_FR_M_ZH_M_G4O_T07,7,10,10,8,24,10,12,24,10,10,6,18,12,16,16,10,10,10,30,20,20,20,10,10,10,30,20,20,20,10,10,9,27,18,19,19,10,10,10,30,20,20,20,10,10,10,30,20,20,20
B_RP_FR_FR_F_ZH_M_G4O_T07,7,10,10,8,24,10,12,24,10,10,7,21,10,13,21,10,10,10,30,10,10,30,10,10,8,24,10,12,24,10,10,9,27,10,11,27,10,10,10,30,10,10,30,10,10,6,18,10,14,18
B_RP_FR_ZH_M_ZH_F_G4O_T07,7,10,10,8,24,12,14,22,10,10,5,15,10,15,15,10,10,10,30,15,15,25,10,10,9,27,15,16,22,10,10,10,30,15,15,25,10,10,7,21,10,13,21,10,10,4,12,6,12,16
B_RP_FR_US_M_ZH_F_G4O_T07,7,10,10,8,24,10,12,24,10,10,5,15,8,13,17,10,10,10,30,15,15,25,10,10,7,21,10,13,21,10,10,8,24,10,12,24,10,10,10,30,15,15,25,10,10,9,27,13,14,24
B_RP_FR_US_F_ZH_M_G4O_T07,7,10,10,8,24,12,14,22,10,10,6,18,10,14,18,10,10,10,30,15,15,25,10,10,9,27,14,15,23,10,10,10,30,15,15,25,10,10,9,27,14,15,23,10,10,10,30,15,15,25
B_RP_FR_U_U_ZH_F_G4O_T07,7,10,10,8,24,17,19,17,10,10,10,30,20,20,20,10,10,10,30,20,20,20,10,10,10,30,20,20,20,10,10,10,30,20,20,20,10,10,9,27,20,21,17,10,10,10,30,20,20,20
B_RP_FR_ZH_F_ZH_F_G4O_T07,7,10,10,8,24,12,14,22,10,10,10,30,20,20,20,10,10,10,30,20,20,20,10,10,10,30,20,20,20,10,10,10,30,20,20,20,10,10,10,30,20,20,20,10,10,10,30,20,20,20
B_RP_FR_US_F_ZH_F_G4O_T07,7,10,10,8,24,12,14,22,10,10,6,18,10,14,18,10,10,6,18,9,13,19,10,10,8,24,12,14,22,10,10,7,21,10,13,21,10,10,9,27,13,14,24,10,10,9,27,13,14,24
B_RP_FR_FR_M_ZH_F_G4O_T07,7,10,10,8,24,12,14,22,10,10,10,30,15,15,25,10,10,10,30,15,15,25,10,10,8,24,12,14,22,10,10,10,30,15,15,25,10,10,10,30,15,15,25,10,10,10,30,15,15,25
B_RP_FR_FR_F_ZH_F_G4O_T07,7,10,10,8,24,12,14,22,10,10,8,24,12,14,22,10,10,9,27,12,13,25,10,10,7,21,12,15,19,10,10,7,21,12,15,19,10,10,7,21,12,15,19,10,10,9,27,12,13,25
B_RP_FR_U_U_US_M_G4O_T07,7,10,10,8,24,12,14,22,10,10,5,15,10,15,15,10,10,8,24,15,17,19,10,10,10,30,20,20,20,10,10,10,30,20,20,20,10,10,10,30,20,20,20,10,10,10,30,20,20,20
B_RP_FR_ZH_M_US_M_G4O_T07,7,10,10,8,24,10,12,24,10,10,7,21,10,13,21,10,10,9,27,10,11,27,10,10,6,18,10,14,18,10,10,8,24,10,12,24,10,10,9,27,10,11,27,10,10,6,18,10,14,18
B_RP_FR_US_M_US_M_G4O_T07,7,10,10,8,24,12,14,22,10,10,8,24,12,14,22,10,10,10,30,18,18,22,10,10,10,30,18,18,22,10,10,10,30,18,18,22,10,10,9,27,15,16,22,10,10,10,30,18,18,22
B_RP_FR_ZH_F_US_M_G4O_T07,7,10,10,8,24,10,12,24,10,10,8,24,12,14,22,10,10,10,30,15,15,25,10,10,10,30,15,15,25,10,10,8,24,12,14,22,10,10,9,27,14,15,23,10,10,8,24,12,14,22
B_RP_FR_US_F_US_M_G4O_T07,7,10,10,8,24,12,14,22,10,10,10,30,15,15,25,10,10,10,30,15,15,25,10,10,10,30,15,15,25,10,10,9,27,12,13,25,10,10,10,30,15,15,25,10,10,10,30,15,15,25
B_RP_FR_FR_M_US_M_G4O_T07,7,10,10,8,24,12,14,22,10,10,10,30,15,15,25,10,10,9,27,13,14,24,10,10,9,27,13,14,24,10,10,10,30,15,15,25,10,10,10,30,15,15,25,10,10,8,24,12,14,22
B_RP_FR_U_U_US_F_G4O_T07,7,10,10,8,24,12,14,22,10,10,4,12,6,12,16,10,10,6,18,9,13,19,10,10,8,24,12,14,22,10,10,10,30,15,15,25,10,10,7,21,10,13,21,10,10,6,18,9,13,19
B_RP_FR_ZH_F_US_F_G4O_T07,7,10,10,8,24,12,14,22,10,10,10,30,20,20,20,10,10,10,30,20,20,20,10,10,10,30,20,20,20,10,10,10,30,20,20,20,10,10,10,30,20,20,20,10,10,9,27,18,19,19
B_RP_FR_US_M_US_F_G4O_T07,7,10,10,8,24,12,14,22,10,10,8,24,10,12,24,10,10,10,30,15,15,25,10,10,10,30,15,15,25,10,10,7,21,10,13,21,10,10,6,18,8,12,20,10,10,6,18,9,13,19
B_RP_FR_FR_F_US_M_G4O_T07,7,10,10,8,24,12,14,22,10,10,10,30,15,15,25,10,10,10,30,15,15,25,10,10,10,30,15,15,25,10,10,10,30,15,15,25,10,10,10,30,15,15,25,10,10,5,15,10,15,15
B_RP_FR_ZH_M_FR_M_G4O_T07,7,10,10,8,24,12,14,22,10,10,7,21,10,13,21,10,10,7,21,10,13,21,10,10,8,24,12,14,22,10,10,9,27,13,14,24,10,10,8,24,12,14,22,10,10,4,12,6,12,16
B_RP_FR_US_F_US_F_G4O_T07,7,10,10,8,24,12,14,22,10,10,8,24,12,14,22,10,10,10,30,15,15,25,10,10,10,30,15,15,25,10,10,8,24,12,14,22,10,10,8,24,12,14,22,10,10,4,12,6,12,16
B_RP_FR_FR_M_US_F_G4O_T07,7,10,10,8,24,12,14,22,10,10,8,24,10,12,24,10,10,6,18,10,14,18,10,10,8,24,10,12,24,10,10,9,27,11,12,26,10,10,10,30,15,15,25,10,10,10,30,15,15,25
B_RP_FR_FR_F_US_F_G4O_T07,7,10,10,8,24,12,14,22,10,10,8,24,12,14,22,10,10,10,30,15,15,25,10,10,10,30,15,15,25,10,10,10,30,15,15,25,10,10,10,30,15,15,25,10,10,10,30,15,15,25
B_RP_FR_U_U_FR_M_G4O_T07,7,10,10,8,24,12,14,22,10,10,10,30,20,20,20,10,10,10,30,20,20,20,10,10,10,30,20,20,20,10,10,10,30,20,20,20,10,10,9,27,18,19,19,10,10,8,24,12,14,22
B_RP_FR_ZH_F_FR_M_G4O_T07,7,10,10,8,24,10,12,24,10,10,10,30,15,15,25,10,10,10,30,15,15,25,10,10,9,27,15,16,22,10,10,9,27,15,16,22,10,10,9,27,15,16,22,10,10,6,18,9,13,19
B_RP_FR_US_F_FR_M_G4O_T07,7,10,10,8,24,12,14,22,10,10,10,30,20,20,20,10,10,10,30,20,20,20,10,10,10,30,20,20,20,10,10,10,30,20,20,20,10,10,10,30,20,20,20,10,10,7,21,18,21,13
B_RP_FR_US_M_FR_M_G4O_T07,7,10,10,8,24,12,14,22,10,10,9,27,13,14,24,10,10,9,27,13,14,24,10,10,10,30,15,15,25,10,10,10,30,15,15,25,10,10,9,27,13,14,24,10,10,6,18,9,13,19
B_RP_FR_FR_M_FR_M_G4O_T07,7,10,10,8,24,10,12,24,10,10,6,18,9,13,19,10,10,8,24,10,12,24,10,10,7,21,9,12,22,10,10,6,18,9,13,19,10,10,7,21,9,12,22,10,10,2,6,5,13,11
B_RP_FR_FR_F_FR_M_G4O_T07,7,10,10,8,24,15,17,19,10,10,10,30,18,18,22,10,10,10,30,20,20,20,10,10,10,30,20,20,20,10,10,10,30,20,20,20,10,10,10,30,20,20,20,10,10,10,30,20,20,20
B_RP_FR_U_U_FR_F_G4O_T07,7,10,10,8,24,12,14,22,10,10,10,30,15,15,25,10,10,10,30,15,15,25,10,10,10,30,15,15,25,10,10,9,27,14,15,23,10,10,10,30,15,15,25,10,10,10,30,15,15,25
B_RP_FR_ZH_M_FR_F_G4O_T07,7,10,10,8,24,12,14,22,10,10,9,27,15,16,22,10,10,10,30,18,18,22,10,10,10,30,18,18,22,10,10,10,30,18,18,22,10,10,10,30,18,18,22,10,10,10,30,18,18,22
B_RP_FR_ZH_F_FR_F_G4O_T07,7,10,10,8,24,10,12,24,10,10,10,30,15,15,25,10,10,10,30,20,20,20,10,10,10,30,20,20,20,10,10,10,30,20,20,20,10,10,10,30,20,20,20,10,10,10,30,20,20,20
B_RP_FR_US_M_FR_F_G4O_T07,7,10,10,8,24,15,17,19,10,10,10,30,20,20,20,10,10,10,30,20,20,20,10,10,10,30,20,20,20,10,10,10,30,20,20,20,10,10,10,30,20,20,20,10,10,9,27,20,21,17
B_RP_FR_ZH_M_US_F_G4O_T07,7,10,10,8,24,12,14,22,10,10,10,30,15,15,25,10,10,10,30,15,15,25,10,10,9,27,13,14,24,10,10,9,27,13,14,24,10,10,8,24,12,14,22,10,10,4,12,6,12,16
B_RP_FR_FR_M_FR_F_G4O_T07,7,10,10,8,24,12,14,22,10,10,7,21,10,13,21,10,10,5,15,9,14,16,10,10,5,15,9,14,16,10,10,9,27,13,14,24,10,10,10,30,15,15,25,10,10,8,24,12,14,22
B_RP_FR_US_F_FR_F_G4O_T07,7,10,10,8,24,10,12,24,10,10,6,18,8,12,20,10,10,3,9,5,12,14,10,10,10,30,15,15,25,10,10,10,30,15,15,25,10,10,10,30,15,15,25,10,10,8,24,10,12,24
B_RP_FR_FR_F_FR_F_G4O_T07,7,10,10,8,24,15,17,19,10,10,10,30,20,20,20,10,10,10,30,20,20,20,10,10,10,30,20,20,20,10,10,10,30,20,20,20,10,10,10,30,20,20,20,10,10,10,30,20,20,20
B_RP_FR_U_U_U_U_G4O_T07,7,10,10,10,30,20,20,20,10,10,10,30,20,20,20,10,10,10,30,20,20,20,10,10,10,30,20,20,20,10,10,10,30,20,20,20,10,10,10,30,20,20,20,10,10,6,18,8,12,20
B_RP_FR_ZH_M_U_U_G4O_T07,7,10,10,10,30,20,20,20,10,10,10,30,20,20,20,10,10,10,30,20,20,20,10,10,10,30,20,20,20,10,10,10,30,20,20,20,10,10,10,30,20,20,20,10,10,10,30,20,20,20
B_RP_FR_US_F_U_U_G4O_T07,7,10,10,10,30,15,15,25,10,10,10,30,15,15,25,10,10,8,24,15,17,19,10,10,10,30,15,15,25,10,10,10,30,15,15,25,10,10,10,30,15,15,25,10,10,10,30,15,15,25
B_RP_FR_ZH_F_U_U_G4O_T07,7,10,10,10,30,20,20,20,10,10,10,30,20,20,20,10,10,10,30,20,20,20,10,10,8,24,20,22,14,10,10,10,30,20,20,20,10,10,10,30,20,20,20,10,10,10,30,20,20,20
B_RP_FR_FR_M_U_U_G4O_T07,7,10,10,10,30,20,20,20,10,10,10,30,20,20,20,10,10,10,30,20,20,20,10,10,10,30,20,20,20,10,10,10,30,20,20,20,10,10,10,30,20,20,20,10,10,9,27,20,21,17
B_RP_FR_US_M_U_U_G4O_T07,7,10,10,10,30,20,20,20,10,10,7,21,15,18,16,10,10,10,30,20,20,20,10,10,10,30,20,20,20,10,10,10,30,20,20,20,10,10,9,27,20,21,17,10,10,10,30,20,20,20
B_RP_FR_ZH_M_ZH_M_G4O_T07,7,10,10,10,30,15,15,25,10,10,10,30,15,15,25,10,10,8,24,12,14,22,10,10,9,27,13,14,24,10,10,10,30,15,15,25,10,10,10,30,15,15,25,10,10,7,21,10,13,21
B_RP_FR_FR_F_U_U_G4O_T07,7,10,10,10,30,20,20,20,10,10,10,30,20,20,20,10,10,10,30,20,20,20,10,10,10,30,20,20,20,10,10,10,30,20,20,20,10,10,10,30,20,20,20,10,10,10,30,20,20,20
B_RP_FR_ZH_F_ZH_M_G4O_T07,7,10,10,10,30,20,20,20,10,10,10,30,20,20,20,10,10,10,30,20,20,20,10,10,10,30,20,20,20,10,10,9,27,24,25,13,10,10,10,30,20,20,20,10,10,10,30,20,20,20
B_RP_FR_US_M_ZH_M_G4O_T07,7,10,10,10,30,20,20,20,10,10,10,30,20,20,20,10,10,10,30,20,20,20,10,10,10,30,20,20,20,10,10,10,30,20,20,20,10,10,10,30,20,20,20,10,10,9,27,27,28,10
B_RP_FR_U_U_ZH_M_G4O_T07,7,10,10,10,30,20,20,20,10,10,10,30,20,20,20,10,10,10,30,20,20,20,10,10,10,30,20,20,20,10,10,10,30,20,20,20,10,10,10,30,20,20,20,10,10,10,30,20,20,20
B_RP_FR_US_F_ZH_M_G4O_T07,7,10,10,10,30,15,15,25,10,10,10,30,15,15,25,10,10,8,24,15,17,19,10,10,10,30,15,15,25,10,10,10,30,15,15,25,10,10,9,27,15,16,22,10,10,8,24,15,17,19
B_RP_FR_FR_F_ZH_M_G4O_T07,7,10,10,10,30,20,20,20,10,10,10,30,20,20,20,10,10,10,30,20,20,20,10,10,10,30,20,20,20,10,10,10,30,20,20,20,10,10,10,30,20,20,20,10,10,9,27,18,19,19
B_RP_FR_FR_M_ZH_M_G4O_T07,7,10,10,10,30,20,20,20,10,10,10,30,20,20,20,10,10,10,30,20,20,20,10,10,10,30,20,20,20,10,10,10,30,20,20,20,10,10,10,30,20,20,20,10,10,10,30,20,20,20
B_RP_FR_U_U_ZH_F_G4O_T07,7,10,10,10,30,15,15,25,10,10,8,24,14,16,20,10,10,8,24,14,16,20,10,10,6,18,12,16,16,10,10,10,30,15,15,25,10,10,10,30,15,15,25,10,10,9,27,14,15,23
B_RP_FR_ZH_F_ZH_F_G4O_T07,7,10,10,10,30,20,20,20,10,10,10,30,20,20,20,10,10,10,30,20,20,20,10,10,10,30,20,20,20,10,10,10,30,20,20,20,10,10,10,30,20,20,20,10,10,7,21,15,18,16
B_RP_FR_ZH_M_ZH_F_G4O_T07,7,10,10,10,30,20,20,20,10,10,10,30,20,20,20,10,10,10,30,20,20,20,10,10,10,30,20,20,20,10,10,10,30,20,20,20,10,10,10,30,20,20,20,10,10,10,30,20,20,20
B_RP_FR_US_M_ZH_F_G4O_T07,7,10,10,10,30,15,15,25,10,10,9,27,10,11,27,10,10,7,21,11,14,20,10,10,10,30,20,20,20,10,10,10,30,18,18,22,10,10,10,30,18,18,22,10,10,10,30,18,18,22
B_RP_FR_FR_M_ZH_F_G4O_T07,7,10,10,10,30,20,20,20,10,10,9,27,18,19,19,10,10,10,30,20,20,20,10,10,10,30,20,20,20,10,10,10,30,20,20,20,10,10,9,27,18,19,19,10,10,10,30,20,20,20
B_RP_FR_US_F_ZH_F_G4O_T07,7,10,10,10,30,20,20,20,10,10,10,30,20,20,20,10,10,10,30,20,20,20,10,10,10,30,20,20,20,10,10,10,30,20,20,20,10,10,10,30,20,20,20,10,10,10,30,20,20,20
B_RP_FR_FR_F_ZH_F_G4O_T07,7,10,10,10,30,15,15,25,10,10,10,30,20,20,20,10,10,10,30,20,20,20,10,10,10,30,20,20,20,10,10,10,30,20,20,20,10,10,10,30,20,20,20,10,10,10,30,20,20,20
B_RP_FR_U_U_US_M_G4O_T07,7,10,10,10,30,20,20,20,10,10,10,30,20,20,20,10,10,10,30,20,20,20,10,10,9,27,17,18,20,10,10,10,30,20,20,20,10,10,10,30,20,20,20,10,10,9,27,17,18,20
B_RP_FR_ZH_M_US_M_G4O_T07,7,10,10,10,30,20,20,20,10,10,10,30,20,20,20,10,10,10,30,20,20,20,10,10,10,30,20,20,20,10,10,10,30,20,20,20,10,10,10,30,20,20,20,10,10,9,27,20,21,17
B_RP_FR_ZH_F_US_M_G4O_T07,7,10,10,10,30,20,20,20,10,10,10,30,20,20,20,10,10,10,30,20,20,20,10,10,10,30,20,20,20,10,10,10,30,20,20,20,10,10,8,24,20,22,14,10,10,8,24,20,22,14
B_RP_FR_FR_F_US_M_G4O_T07,7,10,10,10,30,20,20,20,10,10,10,30,20,20,20,10,10,10,30,20,20,20,10,10,10,30,20,20,20,10,10,10,30,20,20,20,10,10,10,30,20,20,20,10,10,9,27,27,28,10
B_RP_FR_US_M_US_M_G4O_T07,7,10,10,10,30,20,20,20,10,10,10,30,20,20,20,10,10,10,30,20,20,20,10,10,10,30,20,20,20,10,10,10,30,20,20,20,10,10,10,30,20,20,20,10,10,10,30,20,20,20
B_RP_FR_US_F_US_M_G4O_T07,7,10,10,10,30,20,20,20,10,10,10,30,20,20,20,10,10,10,30,20,20,20,10,10,10,30,20,20,20,10,10,10,30,20,20,20,10,10,9,27,20,21,17,10,10,10,30,20,20,20
B_RP_FR_FR_M_US_M_G4O_T07,7,10,10,10,30,20,20,20,10,10,9,27,18,19,19,10,10,10,30,20,20,20,10,10,10,30,20,20,20,10,10,10,30,20,20,20,10,10,10,30,20,20,20,10,10,10,30,20,20,20
B_RP_FR_US_M_US_F_G4O_T07,7,10,10,10,30,20,20,20,10,10,10,30,20,20,20,10,10,10,30,20,20,20,10,10,10,30,20,20,20,10,10,9,27,18,19,19,10,10,10,30,20,20,20,10,10,7,21,14,17,17
B_RP_FR_ZH_M_US_F_G4O_T07,7,10,10,10,30,15,15,25,10,10,5,15,10,15,15,10,10,10,30,15,15,25,10,10,10,30,15,15,25,10,10,9,27,15,16,22,10,10,10,30,15,15,25,10,10,4,12,10,16,12
B_RP_FR_U_U_US_F_G4O_T07,7,10,10,10,30,20,20,20,10,10,10,30,20,20,20,10,10,10,30,20,20,20,10,10,9,27,19,20,18,10,10,10,30,20,20,20,10,10,9,27,19,20,18,10,10,10,30,20,20,20
B_RP_FR_ZH_F_US_F_G4O_T07,7,10,10,10,30,20,20,20,10,10,10,30,20,20,20,10,10,10,30,20,20,20,10,10,9,27,17,18,20,10,10,10,30,20,20,20,10,10,9,27,17,18,20,10,10,8,24,14,16,20
B_RP_FR_FR_F_US_F_G4O_T07,7,10,10,10,30,20,20,20,10,10,10,30,20,20,20,10,10,10,30,20,20,20,10,10,8,24,24,26,10,10,10,10,30,20,20,20,10,10,10,30,20,20,20,10,10,10,30,20,20,20
B_RP_FR_US_F_US_F_G4O_T07,7,10,10,10,30,20,20,20,10,10,10,30,20,20,20,10,10,10,30,20,20,20,10,10,10,30,20,20,20,10,10,10,30,20,20,20,10,10,10,30,20,20,20,10,10,10,30,20,20,20
B_RP_FR_ZH_F_FR_M_G4O_T07,7,10,10,10,30,15,15,25,10,10,9,27,18,19,19,10,10,9,27,18,19,19,10,10,10,30,20,20,20,10,10,10,30,20,20,20,10,10,10,30,20,20,20,10,10,10,30,20,20,20
B_RP_FR_ZH_M_FR_M_G4O_T07,7,10,10,10,30,20,20,20,10,10,10,30,25,25,15,10,10,10,30,25,25,15,10,10,10,30,25,25,15,10,10,10,30,25,25,15,10,10,10,30,25,25,15,10,10,10,30,25,25,15
B_RP_FR_FR_M_US_F_G4O_T07,7,10,10,10,30,20,20,20,10,10,10,30,20,20,20,10,10,10,30,20,20,20,10,10,10,30,20,20,20,10,10,10,30,20,20,20,10,10,10,30,20,20,20,10,10,10,30,20,20,20
B_RP_FR_U_U_FR_M_G4O_T07,7,10,10,10,30,20,20,20,10,10,10,30,20,20,20,10,10,10,30,20,20,20,10,10,10,30,20,20,20,10,10,10,30,20,20,20,10,10,10,30,20,20,20,10,10,6,18,18,22,10
B_RP_FR_US_M_FR_M_G4O_T07,7,10,10,10,30,20,20,20,10,10,10,30,20,20,20,10,10,10,30,20,20,20,10,10,10,30,20,20,20,10,10,10,30,20,20,20,10,10,10,30,20,20,20,10,10,10,30,20,20,20
B_RP_FR_FR_M_FR_M_G4O_T07,7,10,10,10,30,20,20,20,10,10,10,30,20,20,20,10,10,10,30,20,20,20,10,10,10,30,20,20,20,10,10,8,24,20,22,14,10,10,10,30,20,20,20,10,10,10,30,20,20,20
B_RP_FR_U_U_FR_F_G4O_T07,7,10,10,10,30,20,20,20,10,10,10,30,20,20,20,10,10,10,30,20,20,20,10,10,10,30,20,20,20,10,10,10,30,20,20,20,10,10,10,30,20,20,20,10,10,10,30,20,20,20
B_RP_FR_US_F_FR_M_G4O_T07,7,10,10,10,30,20,20,20,10,10,10,30,20,20,20,10,10,10,30,20,20,20,10,10,10,30,20,20,20,10,10,10,30,20,20,20,10,10,10,30,20,20,20,10,10,7,21,15,18,16
B_RP_FR_ZH_M_FR_F_G4O_T07,7,10,10,10,30,20,20,20,10,10,10,30,20,20,20,10,10,8,24,20,22,14,10,10,10,30,20,20,20,10,10,10,30,20,20,20,10,10,10,30,20,20,20,10,10,10,30,20,20,20
B_RP_FR_ZH_F_FR_F_G4O_T07,7,10,10,10,30,20,20,20,10,10,10,30,20,20,20,10,10,8,24,20,22,14,10,10,10,30,20,20,20,10,10,10,30,20,20,20,10,10,10,30,20,20,20,10,10,10,30,20,20,20
B_RP_FR_FR_F_FR_M_G4O_T07,7,10,10,10,30,20,20,20,10,10,10,30,20,20,20,10,10,8,24,10,12,24,10,10,7,21,15,18,16,10,10,10,30,20,20,20,10,10,10,30,20,20,20,10,10,10,30,20,20,20
B_RP_FR_US_F_FR_F_G4O_T07,7,10,10,10,30,20,20,20,10,10,10,30,20,20,20,10,10,10,30,20,20,20,10,10,10,30,20,20,20,10,10,10,30,20,20,20,10,10,10,30,20,20,20,10,10,10,30,20,20,20
B_RP_FR_FR_F_FR_F_G4O_T07,7,10,10,10,30,15,15,25,10,10,4,12,8,14,14,10,10,3,9,9,16,10,10,10,10,30,20,20,20,10,10,10,30,20,20,20,10,10,10,30,20,20,20,10,10,7,21,15,18,16
B_RP_FR_US_M_FR_F_G4O_T07,7,10,10,10,30,15,15,25,10,10,9,27,18,19,19,10,10,10,30,15,15,25,10,10,10,30,15,15,25,10,10,10,30,15,15,25,10,10,6,18,12,16,16,10,10,7,21,15,18,16
B_RP_FR_FR_M_FR_F_G4O_T07,7,10,10,10,30,15,15,25,10,10,8,24,12,14,22,10,10,6,18,9,13,19,10,10,8,24,12,14,22,10,10,8,24,12,14,22,10,10,10,30,15,15,25,10,10,10,30,15,15,25
A_RP_FR_U_U_ZH_M_G35T_T03,7,10,10,5,15,1,6,24,10,10,3,9,2,9,17,10,10,2,6,2,10,14,10,10,1,3,3,12,10,10,10,4,12,2,8,20,10,10,3,9,1,8,18,10,10,3,9,0,7,19
A_RP_FR_U_U_ZH_F_G35T_T03,7,10,10,5,15,2,7,23,10,10,3,9,1,8,18,10,10,7,21,2,5,29,10,10,4,12,2,8,20,10,10,3,9,3,10,16,10,10,2,6,3,11,13,10,10,6,18,1,5,27
A_RP_FR_U_U_U_U_G35T_T03,7,10,10,5,15,2,7,23,10,10,3,9,0,7,19,10,10,4,12,4,10,18,10,10,6,18,1,5,27,10,10,2,6,3,11,13,10,10,8,24,4,6,30,10,10,5,15,0,5,25
A_RP_FR_U_U_FR_M_G35T_T03,7,10,10,5,15,3,8,22,10,10,7,21,2,5,29,10,10,4,12,1,7,21,10,10,6,18,3,7,25,10,10,3,9,2,9,17,10,10,2,6,3,11,13,10,10,5,15,1,6,24
A_RP_FR_U_U_US_M_G35T_T03,7,10,10,5,15,3,8,22,10,10,7,21,2,5,29,10,10,2,6,0,8,16,10,10,8,24,3,5,31,10,10,4,12,1,7,21,10,10,6,18,1,5,27,10,10,3,9,0,7,19
A_RP_FR_U_U_US_F_G35T_T03,7,10,10,5,15,3,8,22,10,10,7,21,4,7,27,10,10,2,6,2,10,14,10,10,4,12,0,6,22,10,10,3,9,1,8,18,10,10,6,18,2,6,26,10,10,8,24,1,3,33
A_RP_FR_U_U_FR_F_G35T_T03,7,10,10,5,15,2,7,23,10,10,3,9,3,10,16,10,10,2,6,1,9,15,10,10,4,12,2,8,20,10,10,6,18,2,6,26,10,10,3,9,2,9,17,10,10,1,3,0,9,13
A_RP_FR_ZH_M_ZH_M_G35T_T03,7,10,10,5,15,2,7,23,10,10,3,9,1,8,18,10,10,2,6,2,10,14,10,10,4,12,3,9,19,10,10,1,3,1,10,12,10,10,6,18,3,7,25,10,10,0,0,0,10,10
A_RP_FR_ZH_M_U_U_G35T_T03,7,10,10,5,15,2,7,23,10,10,3,9,1,8,18,10,10,2,6,1,9,15,10,10,4,12,2,8,20,10,10,3,9,2,9,17,10,10,6,18,3,7,25,10,10,1,3,0,9,13
A_RP_FR_ZH_M_US_M_G35T_T03,7,10,10,5,15,3,8,22,10,10,2,6,1,9,15,10,10,4,12,3,9,19,10,10,1,3,3,12,10,10,10,6,18,4,8,24,10,10,3,9,0,7,19,10,10,7,21,0,3,31
A_RP_FR_ZH_M_ZH_F_G35T_T03,7,10,10,5,15,2,7,23,10,10,3,9,2,9,17,10,10,4,12,3,9,19,10,10,2,6,3,11,13,10,10,1,3,2,11,11,10,10,6,18,4,8,24,10,10,7,21,0,3,31
A_RP_FR_ZH_M_FR_M_G35T_T03,7,10,10,5,15,4,9,21,10,10,3,9,4,11,15,10,10,2,6,2,10,14,10,10,1,3,1,10,12,10,10,3,9,2,9,17,10,10,4,12,3,9,19,10,10,2,6,0,8,16
A_RP_FR_ZH_M_US_F_G35T_T03,7,10,10,5,15,3,8,22,10,10,2,6,3,11,13,10,10,4,12,2,8,20,10,10,3,9,2,9,17,10,10,6,18,2,6,26,10,10,1,3,2,11,11,10,10,7,21,0,3,31
A_RP_FR_ZH_F_ZH_M_G35T_T03,7,10,10,5,15,1,6,24,10,10,3,9,1,8,18,10,10,2,6,3,11,13,10,10,4,12,3,9,19,10,10,6,18,0,4,28,10,10,7,21,1,4,30,10,10,3,9,0,7,19
A_RP_FR_ZH_M_FR_F_G35T_T03,7,10,10,5,15,2,7,23,10,10,3,9,3,10,16,10,10,2,6,3,11,13,10,10,4,12,2,8,20,10,10,6,18,3,7,25,10,10,1,3,2,11,11,10,10,7,21,2,5,29
A_RP_FR_ZH_F_U_U_G35T_T03,7,10,10,5,15,1,6,24,10,10,3,9,3,10,16,10,10,2,6,1,9,15,10,10,4,12,1,7,21,10,10,6,18,2,6,26,10,10,7,21,0,3,31,10,10,3,9,0,7,19
A_RP_FR_ZH_F_US_M_G35T_T03,7,10,10,5,15,1,6,24,10,10,3,9,2,9,17,10,10,4,12,1,7,21,10,10,2,6,2,10,14,10,10,6,18,3,7,25,10,10,7,21,3,6,28,10,10,1,3,0,9,13
A_RP_FR_ZH_F_ZH_F_G35T_T03,7,10,10,5,15,2,7,23,10,10,4,12,3,9,19,10,10,6,18,1,5,27,10,10,3,9,2,9,17,10,10,7,21,2,5,29,10,10,8,24,2,4,32,10,10,4,12,0,6,22
A_RP_FR_ZH_F_US_F_G35T_T03,7,10,10,5,15,1,6,24,10,10,3,9,2,9,17,10,10,4,12,2,8,20,10,10,3,9,1,8,18,10,10,2,6,3,11,13,10,10,4,12,2,8,20,10,10,6,18,0,4,28
A_RP_FR_ZH_F_FR_M_G35T_T03,7,10,10,5,15,3,8,22,10,10,2,6,1,9,15,10,10,4,12,1,7,21,10,10,3,9,2,9,17,10,10,6,18,2,6,26,10,10,1,3,1,10,12,10,10,5,15,0,5,25
A_RP_FR_US_M_U_U_G35T_T03,7,10,10,5,15,3,8,22,10,10,2,6,2,10,14,10,10,4,12,2,8,20,10,10,3,9,0,7,19,10,10,6,18,3,7,25,10,10,4,12,1,7,21,10,10,1,3,1,10,12
A_RP_FR_ZH_F_FR_F_G35T_T03,7,10,10,5,15,2,7,23,10,10,3,9,2,9,17,10,10,4,12,2,8,20,10,10,6,18,2,6,26,10,10,1,3,1,10,12,10,10,7,21,3,6,28,10,10,2,6,1,9,15
A_RP_FR_US_M_ZH_F_G35T_T03,7,10,10,5,15,3,8,22,10,10,7,21,3,6,28,10,10,4,12,2,8,20,10,10,6,18,1,5,27,10,10,3,9,1,8,18,10,10,2,6,1,9,15,10,10,1,3,0,9,13
A_RP_FR_US_M_ZH_M_G35T_T03,7,10,10,5,15,3,8,22,10,10,2,6,1,9,15,10,10,4,12,1,7,21,10,10,6,18,1,5,27,10,10,3,9,1,8,18,10,10,7,21,2,5,29,10,10,2,6,0,8,16
A_RP_FR_US_M_US_M_G35T_T03,7,10,10,5,15,2,7,23,10,10,3,9,1,8,18,10,10,2,6,2,10,14,10,10,4,12,2,8,20,10,10,1,3,0,9,13,10,10,6,18,2,6,26,10,10,3,9,0,7,19
A_RP_FR_US_M_FR_F_G35T_T03,7,10,10,5,15,2,7,23,10,10,3,9,1,8,18,10,10,2,6,1,9,15,10,10,4,12,3,9,19,10,10,1,3,3,12,10,10,10,6,18,2,6,26,10,10,7,21,0,3,31
A_RP_FR_US_M_FR_M_G35T_T03,7,10,10,5,15,1,6,24,10,10,3,9,0,7,19,10,10,4,12,1,7,21,10,10,2,6,2,10,14,10,10,3,9,1,8,18,10,10,7,21,2,5,29,10,10,4,12,0,6,22
A_RP_FR_US_M_US_F_G35T_T03,7,10,10,5,15,2,7,23,10,10,3,9,2,9,17,10,10,4,12,2,8,20,10,10,2,6,0,8,16,10,10,6,18,3,7,25,10,10,1,3,1,10,12,10,10,3,9,0,7,19
A_RP_FR_US_F_U_U_G35T_T03,7,10,10,5,15,2,7,23,10,10,3,9,2,9,17,10,10,4,12,3,9,19,10,10,2,6,1,9,15,10,10,6,18,3,7,25,10,10,7,21,3,6,28,10,10,1,3,0,9,13
A_RP_FR_US_F_ZH_M_G35T_T03,7,10,10,5,15,3,8,22,10,10,7,21,3,6,28,10,10,4,12,2,8,20,10,10,6,18,3,7,25,10,10,2,6,1,9,15,10,10,8,24,2,4,32,10,10,3,9,1,8,18
A_RP_FR_US_F_ZH_F_G35T_T03,7,10,10,5,15,2,7,23,10,10,3,9,3,10,16,10,10,2,6,2,10,14,10,10,4,12,2,8,20,10,10,3,9,0,7,19,10,10,2,6,2,10,14,10,10,1,3,0,9,13
A_RP_FR_US_F_US_F_G35T_T03,7,10,10,5,15,2,7,23,10,10,3,9,2,9,17,10,10,4,12,1,7,21,10,10,2,6,4,12,12,10,10,6,18,2,6,26,10,10,3,9,0,7,19,10,10,7,21,0,3,31
A_RP_FR_US_F_FR_F_G35T_T03,7,10,10,5,15,3,8,22,10,10,7,21,3,6,28,10,10,2,6,3,11,13,10,10,4,12,3,9,19,10,10,6,18,1,5,27,10,10,3,9,2,9,17,10,10,1,3,1,10,12
A_RP_FR_US_F_US_M_G35T_T03,7,10,10,5,15,2,7,23,10,10,3,9,2,9,17,10,10,7,21,4,7,27,10,10,4,12,1,7,21,10,10,6,18,2,6,26,10,10,2,6,2,10,14,10,10,1,3,1,10,12
A_RP_FR_FR_M_ZH_F_G35T_T03,7,10,10,5,15,2,7,23,10,10,3,9,1,8,18,10,10,4,12,1,7,21,10,10,2,6,2,10,14,10,10,3,9,1,8,18,10,10,6,18,2,6,26,10,10,1,3,1,10,12
A_RP_FR_US_F_FR_M_G35T_T03,7,10,10,5,15,2,7,23,10,10,3,9,2,9,17,10,10,4,12,3,9,19,10,10,2,6,1,9,15,10,10,6,18,2,6,26,10,10,1,3,0,9,13,10,10,7,21,2,5,29
A_RP_FR_FR_M_ZH_M_G35T_T03,7,10,10,5,15,2,7,23,10,10,3,9,1,8,18,10,10,4,12,1,7,21,10,10,2,6,0,8,16,10,10,6,18,2,6,26,10,10,3,9,1,8,18,10,10,1,3,0,9,13
A_RP_FR_FR_M_U_U_G35T_T03,7,10,10,3,9,2,9,17,10,10,6,18,3,7,25,10,10,4,12,1,7,21,10,10,5,15,3,8,22,10,10,2,6,4,12,12,10,10,7,21,2,5,29,10,10,1,3,0,9,13
A_RP_FR_FR_M_US_M_G35T_T03,7,10,10,7,21,4,7,27,10,10,3,9,0,7,19,10,10,5,15,3,8,22,10,10,2,6,3,11,13,10,10,4,12,1,7,21,10,10,6,18,2,6,26,10,10,1,3,0,9,13
A_RP_FR_FR_M_US_F_G35T_T03,7,10,10,5,15,1,6,24,10,10,4,12,2,8,20,10,10,3,9,0,7,19,10,10,2,6,1,9,15,10,10,6,18,1,5,27,10,10,3,9,2,9,17,10,10,4,12,0,6,22
A_RP_FR_FR_M_FR_M_G35T_T03,7,10,10,5,15,2,7,23,10,10,3,9,2,9,17,10,10,4,12,2,8,20,10,10,3,9,2,9,17,10,10,3,9,1,8,18,10,10,2,6,3,11,13,10,10,1,3,0,9,13
A_RP_FR_FR_M_FR_F_G35T_T03,7,10,10,5,15,2,7,23,10,10,3,9,2,9,17,10,10,2,6,3,11,13,10,10,4,12,1,7,21,10,10,6,18,1,5,27,10,10,5,15,2,7,23,10,10,3,9,0,7,19
A_RP_FR_FR_F_ZH_F_G35T_T03,7,10,10,5,15,3,8,22,10,10,2,6,0,8,16,10,10,7,21,3,6,28,10,10,1,3,2,11,11,10,10,3,9,0,7,19,10,10,4,12,2,8,20,10,10,6,18,0,4,28
A_RP_FR_FR_F_ZH_M_G35T_T03,7,10,10,5,15,2,7,23,10,10,3,9,3,10,16,10,10,7,21,1,4,30,10,10,8,24,1,3,33,10,10,2,6,1,9,15,10,10,4,12,1,7,21,10,10,6,18,0,4,28
A_RP_FR_FR_F_U_U_G35T_T03,7,10,10,3,9,2,9,17,10,10,5,15,2,7,23,10,10,2,6,3,11,13,10,10,4,12,3,9,19,10,10,6,18,2,6,26,10,10,3,9,2,9,17,10,10,2,6,0,8,16
A_RP_FR_FR_F_FR_M_G35T_T03,7,10,10,3,9,2,9,17,10,10,4,12,2,8,20,10,10,5,15,1,6,24,10,10,2,6,1,9,15,10,10,7,21,2,5,29,10,10,6,18,1,5,27,10,10,1,3,0,9,13
A_RP_FR_FR_F_US_F_G35T_T03,7,10,10,5,15,2,7,23,10,10,3,9,1,8,18,10,10,4,12,3,9,19,10,10,2,6,2,10,14,10,10,1,3,1,10,12,10,10,6,18,2,6,26,10,10,4,12,0,6,22
A_RP_FR_FR_F_FR_F_G35T_T03,7,10,10,5,15,2,7,23,10,10,3,9,2,9,17,10,10,4,12,1,7,21,10,10,2,6,1,9,15,10,10,6,18,4,8,24,10,10,3,9,1,8,18,10,10,2,6,0,8,16
A_RP_FR_FR_F_US_M_G35T_T03,7,10,10,5,15,2,7,23,10,10,3,9,1,8,18,10,10,4,12,1,7,21,10,10,2,6,2,10,14,10,10,3,9,1,8,18,10,10,2,6,4,12,12,10,10,1,3,0,9,13
B_RP_FR_ZH_M_U_U_G35T_T03,7,10,10,0,0,5,15,5,10,10,10,30,10,10,30,10,10,5,15,5,10,20,10,10,8,24,4,6,30,10,10,4,12,6,12,16,10,10,5,15,5,10,20,10,10,0,0,0,10,10
B_RP_FR_ZH_F_U_U_G35T_T03,7,10,10,0,0,0,10,10,10,10,0,0,0,10,10,10,10,1,3,3,12,10,10,10,3,9,6,13,13,10,10,3,9,5,12,14,10,10,9,27,7,8,30,10,10,1,3,4,13,9
B_RP_FR_U_U_U_U_G35T_T03,7,10,10,0,0,5,15,5,10,10,10,30,5,5,35,10,10,6,18,8,12,20,10,10,7,21,4,7,27,10,10,6,18,8,12,20,10,10,9,27,7,8,30,10,10,4,12,8,14,14
B_RP_FR_FR_M_U_U_G35T_T03,7,10,10,0,0,5,15,5,10,10,9,27,7,8,30,10,10,9,27,5,6,32,10,10,6,18,8,12,20,10,10,8,24,4,6,30,10,10,4,12,6,12,16,10,10,4,12,8,14,14
B_RP_FR_US_F_U_U_G35T_T03,7,10,10,0,0,5,15,5,10,10,8,24,4,6,30,10,10,5,15,10,15,15,10,10,7,21,6,9,25,10,10,5,15,10,15,15,10,10,8,24,6,8,28,10,10,6,18,10,14,18
B_RP_FR_US_M_U_U_G35T_T03,7,10,10,0,0,5,15,5,10,10,10,30,5,5,35,10,10,4,12,6,12,16,10,10,5,15,10,15,15,10,10,9,27,7,8,30,10,10,9,27,10,11,27,10,10,6,18,10,14,18
B_RP_FR_ZH_F_ZH_M_G35T_T03,7,10,10,0,0,0,10,10,10,10,0,0,0,10,10,10,10,5,15,5,10,20,10,10,6,18,8,12,20,10,10,9,27,7,8,30,10,10,8,24,6,8,28,10,10,3,9,5,12,14
B_RP_FR_FR_F_U_U_G35T_T03,7,10,10,0,0,5,15,5,10,10,9,27,2,3,35,10,10,6,18,5,9,23,10,10,6,18,8,12,20,10,10,10,30,20,20,20,10,10,10,30,10,10,30,10,10,2,6,6,14,10
B_RP_FR_U_U_ZH_M_G35T_T03,7,10,10,0,0,5,15,5,10,10,7,21,6,9,25,10,10,8,24,4,6,30,10,10,2,6,6,14,10,10,10,9,27,7,8,30,10,10,6,18,8,12,20,10,10,7,21,10,13,21
B_RP_FR_ZH_M_ZH_M_G35T_T03,7,10,10,0,0,0,10,10,10,10,0,0,0,10,10,10,10,3,9,6,13,13,10,10,8,24,10,12,24,10,10,6,18,8,12,20,10,10,9,27,7,8,30,10,10,2,6,4,12,12
B_RP_FR_FR_M_ZH_M_G35T_T03,7,10,10,0,0,0,10,10,10,10,0,0,0,10,10,10,10,2,6,6,14,10,10,10,8,24,6,8,28,10,10,5,15,5,10,20,10,10,7,21,4,7,27,10,10,6,18,8,12,20
B_RP_FR_US_F_ZH_M_G35T_T03,7,10,10,0,0,5,15,5,10,10,10,30,20,20,20,10,10,10,30,20,20,20,10,10,10,30,20,20,20,10,10,10,30,20,20,20,10,10,10,30,20,20,20,10,10,9,27,8,9,29
B_RP_FR_US_M_ZH_M_G35T_T03,7,10,10,0,0,0,10,10,10,10,0,0,0,10,10,10,10,4,12,6,12,16,10,10,6,18,8,12,20,10,10,8,24,6,8,28,10,10,9,27,7,8,30,10,10,4,12,6,12,16
B_RP_FR_ZH_M_ZH_F_G35T_T03,7,10,10,0,0,5,15,5,10,10,7,21,6,9,25,10,10,3,9,6,13,13,10,10,7,21,10,13,21,10,10,10,30,20,20,20,10,10,10,30,10,10,30,10,10,4,12,2,8,20
B_RP_FR_FR_F_ZH_M_G35T_T03,7,10,10,0,0,0,10,10,10,10,2,6,6,14,10,10,10,4,12,8,14,14,10,10,9,27,7,8,30,10,10,6,18,8,12,20,10,10,6,18,8,12,20,10,10,6,18,8,12,20
B_RP_FR_U_U_ZH_F_G35T_T03,7,10,10,0,0,5,15,5,10,10,10,30,20,20,20,10,10,10,30,20,20,20,10,10,10,30,20,20,20,10,10,10,30,20,20,20,10,10,10,30,20,20,20,10,10,10,30,20,20,20
B_RP_FR_US_M_ZH_F_G35T_T03,7,10,10,0,0,0,10,10,10,10,2,6,4,12,12,10,10,6,18,6,10,22,10,10,5,15,10,15,15,10,10,7,21,4,7,27,10,10,6,18,8,12,20,10,10,2,6,6,14,10
B_RP_FR_US_F_ZH_F_G35T_T03,7,10,10,0,0,0,10,10,10,10,2,6,4,12,12,10,10,1,3,3,12,10,10,10,7,21,4,7,27,10,10,7,21,10,13,21,10,10,6,18,8,12,20,10,10,5,15,15,20,10
B_RP_FR_ZH_F_ZH_F_G35T_T03,7,10,10,0,0,0,10,10,10,10,1,3,3,12,10,10,10,6,18,8,12,20,10,10,8,24,10,12,24,10,10,7,21,10,13,21,10,10,9,27,10,11,27,10,10,2,6,4,12,12
B_RP_FR_FR_M_ZH_F_G35T_T03,7,10,10,0,0,5,15,5,10,10,10,30,5,5,35,10,10,7,21,3,6,28,10,10,2,6,6,14,10,10,10,10,30,20,20,20,10,10,10,30,20,20,20,10,10,10,30,20,20,20
B_RP_FR_FR_F_ZH_F_G35T_T03,7,10,10,0,0,0,10,10,10,10,0,0,0,10,10,10,10,0,0,0,10,10,10,10,2,6,4,12,12,10,10,4,12,6,12,16,10,10,10,30,20,20,20,10,10,10,30,10,10,30
B_RP_FR_ZH_M_US_M_G35T_T03,7,10,10,0,0,5,15,5,10,10,10,30,10,10,30,10,10,6,18,8,12,20,10,10,10,30,20,20,20,10,10,9,27,7,8,30,10,10,5,15,15,20,10,10,10,10,30,20,20,20
B_RP_FR_U_U_US_M_G35T_T03,7,10,10,0,0,5,15,5,10,10,8,24,4,6,30,10,10,8,24,10,12,24,10,10,7,21,10,13,21,10,10,9,27,7,8,30,10,10,6,18,8,12,20,10,10,4,12,8,14,14
B_RP_FR_ZH_F_US_M_G35T_T03,7,10,10,0,0,5,15,5,10,10,9,27,7,8,30,10,10,6,18,8,12,20,10,10,6,18,8,12,20,10,10,10,30,20,20,20,10,10,10,30,20,20,20,10,10,9,27,7,8,30
B_RP_FR_US_F_US_M_G35T_T03,7,10,10,0,0,5,15,5,10,10,10,30,15,15,25,10,10,8,24,4,6,30,10,10,4,12,6,12,16,10,10,5,15,15,20,10,10,10,10,30,5,5,35,10,10,6,18,8,12,20
B_RP_FR_US_M_US_M_G35T_T03,7,10,10,0,0,0,10,10,10,10,0,0,0,10,10,10,10,0,0,5,15,5,10,10,8,24,4,6,30,10,10,0,0,0,10,10,10,10,0,0,0,10,10,10,10,0,0,0,10,10
B_RP_FR_FR_M_US_M_G35T_T03,7,10,10,0,0,0,10,10,10,10,1,3,3,12,10,10,10,6,18,8,12,20,10,10,4,12,6,12,16,10,10,7,21,10,13,21,10,10,9,27,5,6,32,10,10,3,9,5,12,14
B_RP_FR_FR_F_US_M_G35T_T03,7,10,10,0,0,5,15,5,10,10,9,27,10,11,27,10,10,6,18,8,12,20,10,10,8,24,6,8,28,10,10,2,6,6,14,10,10,10,6,18,10,14,18,10,10,7,21,10,13,21
B_RP_FR_US_M_US_F_G35T_T03,7,10,10,0,0,0,10,10,10,10,2,6,6,14,10,10,10,6,18,8,12,20,10,10,10,30,20,20,20,10,10,8,24,4,6,30,10,10,3,9,5,12,14,10,10,7,21,4,7,27
B_RP_FR_U_U_US_F_G35T_T03,7,10,10,0,0,5,15,5,10,10,7,21,10,13,21,10,10,8,24,3,5,31,10,10,5,15,10,15,15,10,10,8,24,10,12,24,10,10,8,24,10,12,24,10,10,7,21,10,13,21
B_RP_FR_ZH_M_US_F_G35T_T03,7,10,10,0,0,0,10,10,10,10,1,3,3,12,10,10,10,8,24,10,12,24,10,10,8,24,10,12,24,10,10,4,12,6,12,16,10,10,7,21,10,13,21,10,10,8,24,10,12,24
B_RP_FR_US_F_US_F_G35T_T03,7,10,10,0,0,0,10,10,10,10,2,6,4,12,12,10,10,5,15,10,15,15,10,10,4,12,6,12,16,10,10,5,15,10,15,15,10,10,10,30,20,20,20,10,10,10,30,20,20,20
B_RP_FR_ZH_F_US_F_G35T_T03,7,10,10,0,0,0,10,10,10,10,0,0,0,10,10,10,10,0,0,0,10,10,10,10,0,0,0,10,10,10,10,0,0,0,10,10,10,10,0,0,0,10,10,10,10,0,0,0,10,10
B_RP_FR_U_U_FR_M_G35T_T03,7,10,10,0,0,0,10,10,10,10,0,0,0,10,10,10,10,0,0,5,15,5,10,10,10,30,20,20,20,10,10,10,30,20,20,20,10,10,10,30,10,10,30,10,10,6,18,8,12,20
B_RP_FR_ZH_M_FR_M_G35T_T03,7,10,10,0,0,5,15,5,10,10,9,27,8,9,29,10,10,8,24,6,8,28,10,10,4,12,7,13,15,10,10,10,30,20,20,20,10,10,10,30,20,20,20,10,10,9,27,7,8,30
B_RP_FR_FR_M_US_F_G35T_T03,7,10,10,0,0,0,10,10,10,10,2,6,4,12,12,10,10,6,18,10,14,18,10,10,6,18,8,12,20,10,10,5,15,5,10,20,10,10,5,15,10,15,15,10,10,8,24,6,8,28
B_RP_FR_FR_F_US_F_G35T_T03,7,10,10,0,0,0,10,10,10,10,1,3,3,12,10,10,10,6,18,8,12,20,10,10,9,27,5,6,32,10,10,5,15,15,20,10,10,10,10,30,20,20,20,10,10,8,24,4,6,30
B_RP_FR_ZH_F_FR_M_G35T_T03,7,10,10,0,0,5,15,5,10,10,10,30,10,10,30,10,10,8,24,4,6,30,10,10,2,6,6,14,10,10,10,9,27,7,8,30,10,10,8,24,2,4,32,10,10,4,12,6,12,16
B_RP_FR_US_F_FR_M_G35T_T03,7,10,10,0,0,5,15,5,10,10,10,30,20,20,20,10,10,10,30,20,20,20,10,10,10,30,20,20,20,10,10,10,30,20,20,20,10,10,10,30,10,10,30,10,10,5,15,10,15,15
B_RP_FR_FR_M_FR_M_G35T_T03,7,10,10,0,0,0,10,10,10,10,0,0,5,15,5,10,10,5,15,5,10,20,10,10,6,18,8,12,20,10,10,5,15,10,15,15,10,10,9,27,7,8,30,10,10,5,15,15,20,10
B_RP_FR_FR_F_FR_M_G35T_T03,7,10,10,0,0,5,15,5,10,10,9,27,10,11,27,10,10,10,30,20,20,20,10,10,10,30,20,20,20,10,10,9,27,7,8,30,10,10,6,18,8,12,20,10,10,4,12,8,14,14
B_RP_FR_US_M_FR_M_G35T_T03,7,10,10,0,0,0,10,10,10,10,0,0,0,10,10,10,10,2,6,4,12,12,10,10,0,0,0,10,10,10,10,0,0,0,10,10,10,10,2,6,4,12,12,10,10,3,9,5,12,14
B_RP_FR_U_U_FR_F_G35T_T03,7,10,10,0,0,5,15,5,10,10,5,15,10,15,15,10,10,10,30,20,20,20,10,10,10,30,20,20,20,10,10,10,30,20,20,20,10,10,10,30,10,10,30,10,10,6,18,8,12,20
B_RP_FR_ZH_M_FR_F_G35T_T03,7,10,10,0,0,0,10,10,10,10,3,9,6,13,13,10,10,8,24,4,6,30,10,10,4,12,10,16,12,10,10,6,18,8,12,20,10,10,8,24,4,6,30,10,10,4,12,2,8,20
B_RP_FR_FR_M_FR_F_G35T_T03,7,10,10,0,0,0,10,10,10,10,1,3,3,12,10,10,10,9,27,7,8,30,10,10,6,18,8,12,20,10,10,8,24,10,12,24,10,10,9,27,7,8,30,10,10,5,15,15,20,10
B_RP_FR_US_M_FR_F_G35T_T03,7,10,10,0,0,0,10,10,10,10,4,12,8,14,14,10,10,8,24,6,8,28,10,10,8,24,6,8,28,10,10,2,6,6,14,10,10,10,5,15,10,15,15,10,10,5,15,5,10,20
B_RP_FR_ZH_F_FR_F_G35T_T03,7,10,10,0,0,0,10,10,10,10,0,0,5,15,5,10,10,8,24,4,6,30,10,10,4,12,6,12,16,10,10,4,12,7,13,15,10,10,8,24,4,6,30,10,10,3,9,6,13,13
B_RP_FR_FR_F_FR_F_G35T_T03,7,10,10,0,0,0,10,10,10,10,3,9,6,13,13,10,10,10,30,0,0,40,10,10,7,21,10,13,21,10,10,9,27,7,8,30,10,10,6,18,8,12,20,10,10,4,12,2,8,20
B_RP_FR_US_F_FR_F_G35T_T03,7,10,10,0,0,0,10,10,10,10,0,0,0,10,10,10,10,0,0,5,15,5,10,10,10,30,10,10,30,10,10,6,18,8,12,20,10,10,5,15,0,5,25,10,10,0,0,0,10,10
B_RP_FR_U_U_U_U_G35T_T03,7,10,10,2,6,4,12,12,10,10,6,18,8,12,20,10,10,8,24,6,8,28,10,10,5,15,10,15,15,10,10,6,18,8,12,20,10,10,9,27,7,8,30,10,10,6,18,10,14,18
B_RP_FR_ZH_M_U_U_G35T_T03,7,10,10,2,6,6,14,10,10,10,6,18,8,12,20,10,10,10,30,20,20,20,10,10,10,30,20,20,20,10,10,10,30,0,0,40,10,10,5,15,10,15,15,10,10,5,15,15,20,10
B_RP_FR_US_F_U_U_G35T_T03,7,10,10,2,6,6,14,10,10,10,8,24,4,6,30,10,10,7,21,10,13,21,10,10,10,30,20,20,20,10,10,10,30,20,20,20,10,10,10,30,20,20,20,10,10,10,30,20,20,20
B_RP_FR_US_M_U_U_G35T_T03,7,10,10,2,6,6,14,10,10,10,8,24,6,8,28,10,10,4,12,6,12,16,10,10,6,18,8,12,20,10,10,7,21,3,6,28,10,10,7,21,6,9,25,10,10,4,12,6,12,16
B_RP_FR_U_U_ZH_M_G35T_T03,7,10,10,2,6,6,14,10,10,10,8,24,4,6,30,10,10,4,12,8,14,14,10,10,10,30,20,20,20,10,10,10,30,20,20,20,10,10,10,30,20,20,20,10,10,10,30,10,10,30
B_RP_FR_ZH_F_U_U_G35T_T03,7,10,10,2,6,4,12,12,10,10,8,24,6,8,28,10,10,10,30,20,20,20,10,10,10,30,10,10,30,10,10,7,21,4,7,27,10,10,6,18,8,12,20,10,10,8,24,10,12,24
B_RP_FR_FR_M_U_U_G35T_T03,7,10,10,2,6,4,12,12,10,10,4,12,6,12,16,10,10,4,12,8,14,14,10,10,9,27,5,6,32,10,10,6,18,10,14,18,10,10,10,30,20,20,20,10,10,10,30,20,20,20
B_RP_FR_ZH_M_ZH_M_G35T_T03,7,10,10,2,6,4,12,12,10,10,4,12,6,12,16,10,10,7,21,10,13,21,10,10,6,18,8,12,20,10,10,4,12,8,14,14,10,10,9,27,7,8,30,10,10,4,12,6,12,16
B_RP_FR_FR_F_U_U_G35T_T03,7,10,10,2,6,6,14,10,10,10,9,27,7,8,30,10,10,7,21,10,13,21,10,10,7,21,10,13,21,10,10,10,30,20,20,20,10,10,10,30,20,20,20,10,10,10,30,20,20,20
B_RP_FR_US_M_ZH_M_G35T_T03,7,10,10,2,6,6,14,10,10,10,4,12,8,14,14,10,10,6,18,8,12,20,10,10,7,21,3,6,28,10,10,3,9,5,12,14,10,10,5,15,10,15,15,10,10,9,27,7,8,30
B_RP_FR_ZH_F_ZH_M_G35T_T03,7,10,10,2,6,6,14,10,10,10,8,24,10,12,24,10,10,8,24,4,6,30,10,10,2,6,6,14,10,10,10,7,21,10,13,21,10,10,8,24,6,8,28,10,10,4,12,8,14,14
B_RP_FR_US_F_ZH_M_G35T_T03,7,10,10,2,6,6,14,10,10,10,7,21,10,13,21,10,10,6,18,4,8,24,10,10,7,21,10,13,21,10,10,9,27,10,11,27,10,10,8,24,10,12,24,10,10,7,21,10,13,21
B_RP_FR_U_U_ZH_F_G35T_T03,7,10,10,2,6,4,12,12,10,10,4,12,6,12,16,10,10,7,21,5,8,26,10,10,6,18,8,12,20,10,10,6,18,8,12,20,10,10,10,30,20,20,20,10,10,10,30,20,20,20
B_RP_FR_ZH_F_ZH_F_G35T_T03,7,10,10,2,6,6,14,10,10,10,8,24,4,6,30,10,10,4,12,8,14,14,10,10,5,15,10,15,15,10,10,9,27,0,1,37,10,10,2,6,4,12,12,10,10,2,6,6,14,10
B_RP_FR_FR_F_ZH_M_G35T_T03,7,10,10,2,6,6,14,10,10,10,5,15,15,20,10,10,10,10,30,20,20,20,10,10,10,30,20,20,20,10,10,9,27,7,8,30,10,10,9,27,7,8,30,10,10,2,6,6,14,10
B_RP_FR_FR_M_ZH_M_G35T_T03,7,10,10,2,6,6,14,10,10,10,4,12,6,12,16,10,10,9,27,7,8,30,10,10,7,21,10,13,21,10,10,8,24,4,6,30,10,10,2,6,6,14,10,10,10,5,15,10,15,15
B_RP_FR_ZH_M_ZH_F_G35T_T03,7,10,10,2,6,6,14,10,10,10,9,27,27,28,10,10,10,10,30,20,20,20,10,10,10,30,20,20,20,10,10,10,30,20,20,20,10,10,10,30,20,20,20,10,10,10,30,20,20,20
B_RP_FR_US_M_ZH_F_G35T_T03,7,10,10,2,6,4,12,12,10,10,8,24,0,2,34,10,10,0,0,0,10,10,10,10,3,9,6,13,13,10,10,6,18,14,18,14,10,10,10,30,20,20,20,10,10,10,30,20,20,20
B_RP_FR_US_F_ZH_F_G35T_T03,7,10,10,2,6,6,14,10,10,10,9,27,7,8,30,10,10,5,15,15,20,10,10,10,10,30,20,20,20,10,10,10,30,20,20,20,10,10,10,30,10,10,30,10,10,4,12,2,8,20
B_RP_FR_FR_M_ZH_F_G35T_T03,7,10,10,2,6,4,12,12,10,10,6,18,8,12,20,10,10,6,18,8,12,20,10,10,8,24,6,8,28,10,10,6,18,8,12,20,10,10,6,18,8,12,20,10,10,5,15,15,20,10
B_RP_FR_ZH_M_US_M_G35T_T03,7,10,10,2,6,4,12,12,10,10,3,9,6,13,13,10,10,2,6,4,12,12,10,10,6,18,8,12,20,10,10,8,24,4,6,30,10,10,5,15,10,15,15,10,10,9,27,7,8,30
B_RP_FR_FR_F_ZH_F_G35T_T03,7,10,10,2,6,6,14,10,10,10,10,30,20,20,20,10,10,10,30,20,20,20,10,10,10,30,20,20,20,10,10,10,30,20,20,20,10,10,10,30,20,20,20,10,10,6,18,8,12,20
B_RP_FR_US_M_US_M_G35T_T03,7,10,10,2,6,6,14,10,10,10,5,15,5,10,20,10,10,1,3,3,12,10,10,10,2,6,6,14,10,10,10,5,15,5,10,20,10,10,7,21,4,7,27,10,10,2,6,6,14,10
B_RP_FR_U_U_US_M_G35T_T03,7,10,10,2,6,6,14,10,10,10,8,24,4,6,30,10,10,4,12,8,14,14,10,10,10,30,20,20,20,10,10,9,27,7,8,30,10,10,4,12,6,12,16,10,10,5,15,10,15,15
B_RP_FR_ZH_F_US_M_G35T_T03,7,10,10,2,6,6,14,10,10,10,6,18,8,12,20,10,10,8,24,6,8,28,10,10,10,30,20,20,20,10,10,10,30,20,20,20,10,10,10,30,20,20,20,10,10,10,30,20,20,20
B_RP_FR_US_F_US_M_G35T_T03,7,10,10,2,6,4,12,12,10,10,6,18,8,12,20,10,10,9,27,7,8,30,10,10,7,21,5,8,26,10,10,7,21,10,13,21,10,10,7,21,10,13,21,10,10,4,12,10,16,12
B_RP_FR_U_U_US_F_G35T_T03,7,10,10,2,6,6,14,10,10,10,6,18,8,12,20,10,10,8,24,4,6,30,10,10,10,30,20,20,20,10,10,10,30,20,20,20,10,10,10,30,20,20,20,10,10,8,24,4,6,30
B_RP_FR_FR_F_US_M_G35T_T03,7,10,10,2,6,6,14,10,10,10,9,27,10,11,27,10,10,10,30,20,20,20,10,10,10,30,10,10,30,10,10,7,21,10,13,21,10,10,10,30,20,20,20,10,10,10,30,0,0,40
B_RP_FR_US_M_US_F_G35T_T03,7,10,10,2,6,4,12,12,10,10,8,24,6,8,28,10,10,5,15,7,12,18,10,10,7,21,5,8,26,10,10,4,12,10,16,12,10,10,10,30,20,20,20,10,10,9,27,7,8,30
B_RP_FR_FR_M_US_M_G35T_T03,7,10,10,2,6,6,14,10,10,10,9,27,10,11,27,10,10,9,27,10,11,27,10,10,10,30,20,20,20,10,10,8,24,4,6,30,10,10,4,12,8,14,14,10,10,8,24,6,8,28
B_RP_FR_US_F_US_F_G35T_T03,7,10,10,2,6,6,14,10,10,10,6,18,0,4,28,10,10,1,3,3,12,10,10,10,4,12,8,14,14,10,10,6,18,10,14,18,10,10,8,24,4,6,30,10,10,5,15,10,15,15
B_RP_FR_ZH_F_US_F_G35T_T03,7,10,10,2,6,6,14,10,10,10,10,30,20,20,20,10,10,10,30,20,20,20,10,10,10,30,20,20,20,10,10,10,30,20,20,20,10,10,10,30,20,20,20,10,10,8,24,4,6,30
B_RP_FR_ZH_M_US_F_G35T_T03,7,10,10,2,6,4,12,12,10,10,4,12,6,12,16,10,10,7,21,5,8,26,10,10,5,15,5,10,20,10,10,4,12,6,12,16,10,10,3,9,5,12,14,10,10,3,9,6,13,13
B_RP_FR_U_U_FR_M_G35T_T03,7,10,10,2,6,4,12,12,10,10,3,9,6,13,13,10,10,9,27,10,11,27,10,10,9,27,5,6,32,10,10,5,15,10,15,15,10,10,8,24,10,12,24,10,10,8,24,10,12,24
B_RP_FR_FR_F_US_F_G35T_T03,7,10,10,2,6,6,14,10,10,10,5,15,15,20,10,10,10,10,30,20,20,20,10,10,10,30,20,20,20,10,10,10,30,10,10,30,10,10,9,27,7,8,30,10,10,3,9,9,16,10
B_RP_FR_FR_M_US_F_G35T_T03,7,10,10,2,6,6,14,10,10,10,6,18,8,12,20,10,10,6,18,8,12,20,10,10,8,24,4,6,30,10,10,5,15,7,12,18,10,10,6,18,0,4,28,10,10,0,0,0,10,10
B_RP_FR_ZH_M_FR_M_G35T_T03,7,10,10,2,6,4,12,12,10,10,4,12,6,12,16,10,10,4,12,6,12,16,10,10,7,21,5,8,26,10,10,6,18,8,12,20,10,10,9,27,5,6,32,10,10,5,15,5,10,20
B_RP_FR_US_M_FR_M_G35T_T03,7,10,10,2,6,6,14,10,10,10,4,12,6,12,16,10,10,8,24,4,6,30,10,10,6,18,8,12,20,10,10,10,30,20,20,20,10,10,9,27,7,8,30,10,10,4,12,10,16,12
B_RP_FR_ZH_F_FR_M_G35T_T03,7,10,10,2,6,6,14,10,10,10,9,27,10,11,27,10,10,5,15,15,20,10,10,10,10,30,20,20,20,10,10,10,30,20,20,20,10,10,10,30,20,20,20,10,10,10,30,20,20,20
B_RP_FR_FR_F_FR_M_G35T_T03,7,10,10,2,6,4,12,12,10,10,9,27,7,8,30,10,10,7,21,10,13,21,10,10,10,30,20,20,20,10,10,10,30,20,20,20,10,10,10,30,20,20,20,10,10,9,27,7,8,30
B_RP_FR_US_F_FR_M_G35T_T03,7,10,10,2,6,6,14,10,10,10,8,24,4,6,30,10,10,2,6,6,14,10,10,10,8,24,4,6,30,10,10,7,21,3,6,28,10,10,4,12,6,12,16,10,10,7,21,3,6,28
B_RP_FR_FR_M_FR_M_G35T_T03,7,10,10,2,6,6,14,10,10,10,5,15,15,20,10,10,10,10,30,20,20,20,10,10,10,30,20,20,20,10,10,10,30,20,20,20,10,10,9,27,7,8,30,10,10,4,12,8,14,14
B_RP_FR_U_U_FR_F_G35T_T03,7,10,10,2,6,4,12,12,10,10,4,12,6,12,16,10,10,5,15,10,15,15,10,10,10,30,20,20,20,10,10,10,30,20,20,20,10,10,10,30,20,20,20,10,10,10,30,20,20,20
B_RP_FR_ZH_M_FR_F_G35T_T03,7,10,10,2,6,6,14,10,10,10,10,30,20,20,20,10,10,10,30,20,20,20,10,10,10,30,10,10,30,10,10,1,3,3,12,10,10,10,3,9,5,12,14,10,10,7,21,10,13,21
B_RP_FR_US_M_FR_F_G35T_T03,7,10,10,2,6,6,14,10,10,10,7,21,4,7,27,10,10,5,15,8,13,17,10,10,8,24,10,12,24,10,10,5,15,5,10,20,10,10,7,21,10,13,21,10,10,9,27,15,16,22
B_RP_FR_ZH_F_FR_F_G35T_T03,7,10,10,2,6,6,14,10,10,10,7,21,4,7,27,10,10,4,12,8,14,14,10,10,9,27,10,11,27,10,10,7,21,0,3,31,10,10,5,15,10,15,15,10,10,6,18,8,12,20
B_RP_FR_US_F_FR_F_G35T_T03,7,10,10,2,6,6,14,10,10,10,8,24,4,6,30,10,10,7,21,3,6,28,10,10,7,21,10,13,21,10,10,10,30,0,0,40,10,10,3,9,5,12,14,10,10,4,12,8,14,14
B_RP_FR_FR_M_FR_F_G35T_T03,7,10,10,2,6,6,14,10,10,10,5,15,15,20,10,10,10,9,27,7,8,30,10,10,7,21,10,13,21,10,10,8,24,4,6,30,10,10,6,18,8,12,20,10,10,8,24,10,12,24
B_RP_FR_FR_F_FR_F_G35T_T03,7,10,10,2,6,6,14,10,10,10,7,21,4,7,27,10,10,7,21,10,13,21,10,10,6,18,8,12,20,10,10,6,18,10,14,18,10,10,10,30,20,20,20,10,10,8,24,4,6,30
B_RP_FR_ZH_F_U_U_G35T_T03,7,10,10,5,15,5,10,20,10,10,3,9,9,16,10,10,10,9,27,7,8,30,10,10,9,27,7,8,30,10,10,5,15,0,5,25,10,10,0,0,0,10,10,10,10,0,0,0,10,10
B_RP_FR_ZH_M_U_U_G35T_T03,7,10,10,5,15,5,10,20,10,10,7,21,3,6,28,10,10,6,18,10,14,18,10,10,6,18,8,12,20,10,10,9,27,5,6,32,10,10,2,6,6,14,10,10,10,8,24,6,8,28
B_RP_FR_U_U_U_U_G35T_T03,7,10,10,5,15,5,10,20,10,10,4,12,6,12,16,10,10,6,18,8,12,20,10,10,5,15,5,10,20,10,10,6,18,10,14,18,10,10,7,21,10,13,21,10,10,7,21,4,7,27
B_RP_FR_US_M_U_U_G35T_T03,7,10,10,5,15,5,10,20,10,10,6,18,8,12,20,10,10,7,21,10,13,21,10,10,8,24,6,8,28,10,10,9,27,10,11,27,10,10,6,18,8,12,20,10,10,3,9,5,12,14
B_RP_FR_ZH_M_ZH_M_G35T_T03,7,10,10,5,15,5,10,20,10,10,6,18,8,12,20,10,10,8,24,10,12,24,10,10,10,30,20,20,20,10,10,10,30,20,20,20,10,10,10,30,20,20,20,10,10,10,30,0,0,40
B_RP_FR_US_F_U_U_G35T_T03,7,10,10,5,15,5,10,20,10,10,6,18,8,12,20,10,10,4,12,6,12,16,10,10,10,30,20,20,20,10,10,7,21,10,13,21,10,10,9,27,7,8,30,10,10,4,12,6,12,16
B_RP_FR_FR_F_U_U_G35T_T03,7,10,10,5,15,5,10,20,10,10,6,18,7,11,21,10,10,8,24,4,6,30,10,10,9,27,7,8,30,10,10,4,12,6,12,16,10,10,5,15,10,15,15,10,10,7,21,10,13,21
B_RP_FR_FR_M_U_U_G35T_T03,7,10,10,5,15,5,10,20,10,10,5,15,5,10,20,10,10,8,24,4,6,30,10,10,6,18,7,11,21,10,10,8,24,6,8,28,10,10,6,18,10,14,18,10,10,9,27,7,8,30
B_RP_FR_U_U_ZH_M_G35T_T03,7,10,10,5,15,5,10,20,10,10,6,18,8,12,20,10,10,9,27,7,8,30,10,10,10,30,20,20,20,10,10,10,30,10,10,30,10,10,7,21,3,6,28,10,10,3,9,6,13,13
B_RP_FR_ZH_F_ZH_M_G35T_T03,7,10,10,5,15,5,10,20,10,10,6,18,7,11,21,10,10,8,24,10,12,24,10,10,8,24,10,12,24,10,10,10,30,20,20,20,10,10,10,30,20,20,20,10,10,10,30,10,10,30
B_RP_FR_US_F_ZH_M_G35T_T03,7,10,10,5,15,5,10,20,10,10,10,30,20,20,20,10,10,10,30,20,20,20,10,10,10,30,20,20,20,10,10,10,30,20,20,20,10,10,10,30,20,20,20,10,10,8,24,4,6,30
B_RP_FR_US_M_ZH_M_G35T_T03,7,10,10,5,15,5,10,20,10,10,8,24,4,6,30,10,10,5,15,10,15,15,10,10,8,24,4,6,30,10,10,4,12,6,12,16,10,10,5,15,10,15,15,10,10,4,12,6,12,16
B_RP_FR_FR_M_ZH_M_G35T_T03,7,10,10,5,15,5,10,20,10,10,6,18,7,11,21,10,10,5,15,5,10,20,10,10,6,18,8,12,20,10,10,8,24,4,6,30,10,10,8,24,4,6,30,10,10,5,15,0,5,25
B_RP_FR_ZH_M_ZH_F_G35T_T03,7,10,10,5,15,5,10,20,10,10,4,12,6,12,16,10,10,7,21,3,6,28,10,10,5,15,5,10,20,10,10,4,12,6,12,16,10,10,5,15,5,10,20,10,10,3,9,6,13,13
B_RP_FR_FR_F_ZH_M_G35T_T03,7,10,10,5,15,5,10,20,10,10,4,12,6,12,16,10,10,8,24,12,14,22,10,10,10,30,20,20,20,10,10,10,30,20,20,20,10,10,10,30,20,20,20,10,10,10,30,20,20,20
B_RP_FR_U_U_ZH_F_G35T_T03,7,10,10,5,15,10,15,15,10,10,9,27,7,8,30,10,10,8,24,10,12,24,10,10,7,21,10,13,21,10,10,7,21,5,8,26,10,10,3,9,5,12,14,10,10,3,9,6,13,13
B_RP_FR_US_M_ZH_F_G35T_T03,7,10,10,5,15,5,10,20,10,10,10,30,20,20,20,10,10,10,30,10,10,30,10,10,9,27,7,8,30,10,10,6,18,8,12,20,10,10,9,27,7,8,30,10,10,5,15,5,10,20
B_RP_FR_ZH_F_ZH_F_G35T_T03,7,10,10,5,15,5,10,20,10,10,7,21,10,13,21,10,10,6,18,7,11,21,10,10,4,12,6,12,16,10,10,7,21,10,13,21,10,10,8,24,10,12,24,10,10,5,15,10,15,15
B_RP_FR_FR_F_ZH_F_G35T_T03,7,10,10,5,15,5,10,20,10,10,7,21,3,6,28,10,10,1,3,3,12,10,10,10,0,0,0,10,10,10,10,0,0,0,10,10,10,10,4,12,6,12,16,10,10,3,9,5,12,14
B_RP_FR_FR_M_ZH_F_G35T_T03,7,10,10,5,15,5,10,20,10,10,6,18,8,12,20,10,10,5,15,5,10,20,10,10,5,15,5,10,20,10,10,8,24,4,6,30,10,10,5,15,10,15,15,10,10,7,21,6,9,25
B_RP_FR_ZH_M_US_M_G35T_T03,7,10,10,5,15,5,10,20,10,10,5,15,10,15,15,10,10,10,30,20,20,20,10,10,10,30,20,20,20,10,10,10,30,20,20,20,10,10,10,30,20,20,20,10,10,10,30,20,20,20
B_RP_FR_US_F_ZH_F_G35T_T03,7,10,10,5,15,5,10,20,10,10,8,24,4,6,30,10,10,1,3,3,12,10,10,10,7,21,3,6,28,10,10,6,18,8,12,20,10,10,9,27,7,8,30,10,10,7,21,10,13,21
B_RP_FR_ZH_F_US_M_G35T_T03,7,10,10,5,15,5,10,20,10,10,6,18,8,12,20,10,10,6,18,8,12,20,10,10,10,30,20,20,20,10,10,10,30,5,5,35,10,10,3,9,6,13,13,10,10,10,30,20,20,20
B_RP_FR_U_U_US_M_G35T_T03,7,10,10,5,15,5,10,20,10,10,7,21,4,7,27,10,10,8,24,6,8,28,10,10,9,27,7,8,30,10,10,7,21,7,10,24,10,10,5,15,10,15,15,10,10,8,24,6,8,28
B_RP_FR_FR_M_US_M_G35T_T03,7,10,10,5,15,5,10,20,10,10,3,9,6,13,13,10,10,8,24,4,6,30,10,10,9,27,10,11,27,10,10,5,15,10,15,15,10,10,7,21,10,13,21,10,10,7,21,10,13,21
B_RP_FR_US_M_US_M_G35T_T03,7,10,10,5,15,5,10,20,10,10,4,12,6,12,16,10,10,6,18,8,12,20,10,10,7,21,3,6,28,10,10,9,27,7,8,30,10,10,8,24,6,8,28,10,10,8,24,6,8,28
B_RP_FR_US_F_US_M_G35T_T03,7,10,10,5,15,5,10,20,10,10,3,9,6,13,13,10,10,10,30,20,20,20,10,10,10,30,10,10,30,10,10,8,24,4,6,30,10,10,9,27,7,8,30,10,10,3,9,6,13,13
B_RP_FR_FR_F_US_M_G35T_T03,7,10,10,5,15,5,10,20,10,10,5,15,5,10,20,10,10,6,18,8,12,20,10,10,4,12,6,12,16,10,10,1,3,3,12,10,10,10,8,24,10,12,24,10,10,7,21,10,13,21
B_RP_FR_U_U_US_F_G35T_T03,7,10,10,5,15,5,10,20,10,10,8,24,10,12,24,10,10,7,21,10,13,21,10,10,3,9,6,13,13,10,10,6,18,10,14,18,10,10,9,27,7,8,30,10,10,3,9,6,13,13
B_RP_FR_ZH_M_US_F_G35T_T03,7,10,10,5,15,5,10,20,10,10,7,21,10,13,21,10,10,9,27,20,21,17,10,10,10,30,20,20,20,10,10,10,30,20,20,20,10,10,10,30,20,20,20,10,10,10,30,20,20,20
B_RP_FR_ZH_F_US_F_G35T_T03,7,10,10,5,15,5,10,20,10,10,4,12,7,13,15,10,10,5,15,8,13,17,10,10,8,24,6,8,28,10,10,2,6,6,14,10,10,10,5,15,10,15,15,10,10,9,27,7,8,30
B_RP_FR_US_M_US_F_G35T_T03,7,10,10,5,15,5,10,20,10,10,7,21,10,13,21,10,10,8,24,4,6,30,10,10,4,12,7,13,15,10,10,6,18,8,12,20,10,10,8,24,4,6,30,10,10,2,6,6,14,10
B_RP_FR_FR_F_US_F_G35T_T03,7,10,10,5,15,5,10,20,10,10,5,15,5,10,20,10,10,4,12,6,12,16,10,10,6,18,2,6,26,10,10,3,9,6,13,13,10,10,7,21,6,9,25,10,10,5,15,5,10,20
B_RP_FR_US_F_US_F_G35T_T03,7,10,10,5,15,5,10,20,10,10,4,12,6,12,16,10,10,7,21,4,7,27,10,10,4,12,6,12,16,10,10,5,15,10,15,15,10,10,6,18,8,12,20,10,10,7,21,10,13,21
B_RP_FR_FR_M_US_F_G35T_T03,7,10,10,5,15,10,15,15,10,10,8,24,4,6,30,10,10,2,6,6,14,10,10,10,9,27,10,11,27,10,10,8,24,6,8,28,10,10,7,21,3,6,28,10,10,4,12,6,12,16
B_RP_FR_ZH_M_FR_M_G35T_T03,7,10,10,5,15,5,10,20,10,10,6,18,8,12,20,10,10,10,30,20,20,20,10,10,10,30,20,20,20,10,10,10,30,20,20,20,10,10,10,30,10,10,30,10,10,8,24,4,6,30
B_RP_FR_U_U_FR_M_G35T_T03,7,10,10,5,15,5,10,20,10,10,5,15,5,10,20,10,10,6,18,8,12,20,10,10,10,30,20,20,20,10,10,10,30,20,20,20,10,10,10,30,20,20,20,10,10,9,27,7,8,30
B_RP_FR_ZH_F_FR_M_G35T_T03,7,10,10,5,15,5,10,20,10,10,7,21,10,13,21,10,10,9,27,7,8,30,10,10,6,18,7,11,21,10,10,10,30,20,20,20,10,10,10,30,20,20,20,10,10,9,27,7,8,30
B_RP_FR_US_M_FR_M_G35T_T03,7,10,10,5,15,5,10,20,10,10,4,12,7,13,15,10,10,8,24,4,6,30,10,10,7,21,6,9,25,10,10,6,18,8,12,20,10,10,10,30,20,20,20,10,10,9,27,3,4,34
B_RP_FR_FR_M_FR_M_G35T_T03,7,10,10,5,15,5,10,20,10,10,4,12,6,12,16,10,10,8,24,10,12,24,10,10,7,21,10,13,21,10,10,8,24,6,8,28,10,10,8,24,10,12,24,10,10,3,9,6,13,13
B_RP_FR_FR_F_FR_M_G35T_T03,7,10,10,5,15,5,10,20,10,10,4,12,3,9,19,10,10,4,12,6,12,16,10,10,7,21,10,13,21,10,10,7,21,10,13,21,10,10,8,24,10,12,24,10,10,8,24,10,12,24
B_RP_FR_US_F_FR_M_G35T_T03,7,10,10,5,15,5,10,20,10,10,5,15,10,15,15,10,10,8,24,4,6,30,10,10,6,18,8,12,20,10,10,8,24,10,12,24,10,10,10,30,10,10,30,10,10,6,18,8,12,20
B_RP_FR_ZH_M_FR_F_G35T_T03,7,10,10,5,15,5,10,20,10,10,9,27,3,4,34,10,10,6,18,8,12,20,10,10,5,15,5,10,20,10,10,7,21,6,9,25,10,10,8,24,4,6,30,10,10,1,3,3,12,10
B_RP_FR_U_U_FR_F_G35T_T03,7,10,10,5,15,5,10,20,10,10,5,15,10,15,15,10,10,9,27,7,8,30,10,10,5,15,10,15,15,10,10,7,21,10,13,21,10,10,10,30,20,20,20,10,10,7,21,10,13,21
B_RP_FR_ZH_F_FR_F_G35T_T03,7,10,10,5,15,5,10,20,10,10,5,15,5,10,20,10,10,3,9,6,13,13,10,10,5,15,5,10,20,10,10,6,18,8,12,20,10,10,4,12,6,12,16,10,10,5,15,10,15,15
B_RP_FR_FR_M_FR_F_G35T_T03,7,10,10,5,15,10,15,15,10,10,6,18,8,12,20,10,10,6,18,8,12,20,10,10,7,21,4,7,27,10,10,2,6,8,16,8,10,10,9,27,5,6,32,10,10,4,12,6,12,16
B_RP_FR_US_M_FR_F_G35T_T03,7,10,10,5,15,5,10,20,10,10,6,18,8,12,20,10,10,10,30,20,20,20,10,10,10,30,20,20,20,10,10,10,30,20,20,20,10,10,10,30,20,20,20,10,10,10,30,20,20,20
B_RP_FR_US_F_FR_F_G35T_T03,7,10,10,5,15,5,10,20,10,10,2,6,6,14,10,10,10,4,12,6,12,16,10,10,4,12,6,12,16,10,10,8,24,4,6,30,10,10,3,9,6,13,13,10,10,2,6,6,14,10
B_RP_FR_FR_F_FR_F_G35T_T03,7,10,10,5,15,5,10,20,10,10,10,30,20,20,20,10,10,10,30,15,15,25,10,10,10,30,20,20,20,10,10,10,30,20,20,20,10,10,7,21,4,7,27,10,10,3,9,9,16,10
B_RP_FR_ZH_M_U_U_G35T_T03,7,10,10,8,24,4,6,30,10,10,4,12,6,12,16,10,10,6,18,2,6,26,10,10,4,12,6,12,16,10,10,7,21,5,8,26,10,10,3,9,6,13,13,10,10,6,18,10,14,18
B_RP_FR_U_U_U_U_G35T_T03,7,10,10,8,24,4,6,30,10,10,8,24,6,8,28,10,10,7,21,3,6,28,10,10,7,21,10,13,21,10,10,9,27,20,21,17,10,10,10,30,10,10,30,10,10,8,24,4,6,30
B_RP_FR_US_M_U_U_G35T_T03,7,10,10,8,24,6,8,28,10,10,3,9,5,12,14,10,10,7,21,4,7,27,10,10,5,15,15,20,10,10,10,10,30,20,20,20,10,10,10,30,20,20,20,10,10,9,27,7,8,30
B_RP_FR_ZH_F_U_U_G35T_T03,7,10,10,8,24,4,6,30,10,10,7,21,5,8,26,10,10,5,15,10,15,15,10,10,10,30,5,5,35,10,10,6,18,8,12,20,10,10,8,24,10,12,24,10,10,5,15,10,15,15
B_RP_FR_U_U_ZH_M_G35T_T03,7,10,10,8,24,4,6,30,10,10,2,6,8,16,8,10,10,10,30,20,20,20,10,10,10,30,20,20,20,10,10,10,30,20,20,20,10,10,10,30,20,20,20,10,10,10,30,20,20,20
B_RP_FR_US_F_U_U_G35T_T03,7,10,10,8,24,4,6,30,10,10,4,12,6,12,16,10,10,5,15,15,20,10,10,10,10,30,20,20,20,10,10,10,30,20,20,20,10,10,10,30,20,20,20,10,10,9,27,7,8,30
B_RP_FR_FR_M_U_U_G35T_T03,7,10,10,8,24,4,6,30,10,10,4,12,6,12,16,10,10,6,18,2,6,26,10,10,2,6,6,14,10,10,10,9,27,7,8,30,10,10,0,0,0,10,10,10,10,0,0,0,10,10
B_RP_FR_FR_F_U_U_G35T_T03,7,10,10,8,24,4,6,30,10,10,4,12,8,14,14,10,10,10,30,20,20,20,10,10,10,30,20,20,20,10,10,10,30,20,20,20,10,10,10,30,20,20,20,10,10,10,30,20,20,20
B_RP_FR_ZH_M_ZH_M_G35T_T03,7,10,10,8,24,4,6,30,10,10,9,27,10,11,27,10,10,10,30,20,20,20,10,10,10,30,0,0,40,10,10,3,9,9,16,10,10,10,7,21,10,13,21,10,10,4,12,6,12,16
B_RP_FR_US_M_ZH_M_G35T_T03,7,10,10,8,24,4,6,30,10,10,7,21,10,13,21,10,10,9,27,3,4,34,10,10,4,12,6,12,16,10,10,7,21,10,13,21,10,10,10,30,20,20,20,10,10,10,30,20,20,20
B_RP_FR_ZH_F_ZH_M_G35T_T03,7,10,10,8,24,4,6,30,10,10,5,15,5,10,20,10,10,4,12,6,12,16,10,10,8,24,10,12,24,10,10,8,24,10,12,24,10,10,7,21,10,13,21,10,10,9,27,10,11,27
B_RP_FR_FR_F_ZH_M_G35T_T03,7,10,10,8,24,4,6,30,10,10,6,18,8,12,20,10,10,6,18,14,18,14,10,10,10,30,20,20,20,10,10,10,30,20,20,20,10,10,10,30,20,20,20,10,10,9,27,18,19,19
B_RP_FR_FR_M_ZH_M_G35T_T03,7,10,10,8,24,4,6,30,10,10,3,9,5,12,14,10,10,5,15,10,15,15,10,10,10,30,20,20,20,10,10,10,30,20,20,20,10,10,10,30,20,20,20,10,10,8,24,4,6,30
B_RP_FR_U_U_ZH_F_G35T_T03,7,10,10,8,24,4,6,30,10,10,6,18,8,12,20,10,10,8,24,6,8,28,10,10,4,12,6,12,16,10,10,7,21,6,9,25,10,10,8,24,10,12,24,10,10,5,15,10,15,15
B_RP_FR_ZH_F_ZH_F_G35T_T03,7,10,10,8,24,4,6,30,10,10,8,24,10,12,24,10,10,9,27,10,11,27,10,10,10,30,20,20,20,10,10,10,30,20,20,20,10,10,10,30,20,20,20,10,10,9,27,7,8,30
B_RP_FR_US_F_ZH_M_G35T_T03,7,10,10,8,24,6,8,28,10,10,3,9,6,13,13,10,10,4,12,6,12,16,10,10,4,12,6,12,16,10,10,10,30,20,20,20,10,10,10,30,20,20,20,10,10,10,30,20,20,20
B_RP_FR_ZH_M_ZH_F_G35T_T03,7,10,10,8,24,4,6,30,10,10,8,24,10,12,24,10,10,8,24,4,6,30,10,10,3,9,5,12,14,10,10,6,18,8,12,20,10,10,5,15,5,10,20,10,10,5,15,10,15,15
B_RP_FR_US_M_ZH_F_G35T_T03,7,10,10,8,24,4,6,30,10,10,9,27,7,8,30,10,10,4,12,8,14,14,10,10,5,15,15,20,10,10,10,10,30,20,20,20,10,10,8,24,4,6,30,10,10,3,9,5,12,14
B_RP_FR_ZH_M_US_M_G35T_T03,7,10,10,8,24,10,12,24,10,10,6,18,8,12,20,10,10,7,21,3,6,28,10,10,5,15,8,13,17,10,10,9,27,7,8,30,10,10,3,9,5,12,14,10,10,2,6,6,14,10
B_RP_FR_FR_F_ZH_F_G35T_T03,7,10,10,8,24,4,6,30,10,10,3,9,6,13,13,10,10,7,21,10,13,21,10,10,10,30,0,0,40,10,10,0,0,0,10,10,10,10,0,0,0,10,10,10,10,0,0,0,10,10
B_RP_FR_US_F_ZH_F_G35T_T03,7,10,10,8,24,4,6,30,10,10,3,9,6,13,13,10,10,5,15,10,15,15,10,10,9,27,7,8,30,10,10,8,24,6,8,28,10,10,5,15,10,15,15,10,10,8,24,6,8,28
B_RP_FR_U_U_US_M_G35T_T03,7,10,10,8,24,4,6,30,10,10,7,21,10,13,21,10,10,8,24,10,12,24,10,10,7,21,10,13,21,10,10,7,21,10,13,21,10,10,10,30,20,20,20,10,10,10,30,20,20,20
B_RP_FR_FR_M_ZH_F_G35T_T03,7,10,10,8,24,4,6,30,10,10,3,9,6,13,13,10,10,9,27,7,8,30,10,10,7,21,5,8,26,10,10,6,18,8,12,20,10,10,8,24,4,6,30,10,10,1,3,3,12,10
B_RP_FR_US_M_US_M_G35T_T03,7,10,10,8,24,4,6,30,10,10,4,12,6,12,16,10,10,6,18,10,14,18,10,10,10,30,0,0,40,10,10,3,9,5,12,14,10,10,7,21,3,6,28,10,10,0,0,0,10,10
B_RP_FR_ZH_F_US_M_G35T_T03,7,10,10,8,24,4,6,30,10,10,1,3,3,12,10,10,10,4,12,6,12,16,10,10,6,18,10,14,18,10,10,6,18,10,14,18,10,10,8,24,10,12,24,10,10,10,30,20,20,20
B_RP_FR_US_F_US_M_G35T_T03,7,10,10,8,24,4,6,30,10,10,3,9,6,13,13,10,10,9,27,7,8,30,10,10,5,15,10,15,15,10,10,8,24,6,8,28,10,10,4,12,6,12,16,10,10,4,12,6,12,16
B_RP_FR_U_U_US_F_G35T_T03,7,10,10,8,24,4,6,30,10,10,9,27,7,8,30,10,10,8,24,6,8,28,10,10,3,9,5,12,14,10,10,4,12,6,12,16,10,10,10,30,20,20,20,10,10,10,30,20,20,20
B_RP_FR_FR_F_US_M_G35T_T03,7,10,10,8,24,4,6,30,10,10,4,12,6,12,16,10,10,3,9,9,16,10,10,10,7,21,10,13,21,10,10,5,15,10,15,15,10,10,9,27,10,11,27,10,10,7,21,10,13,21
B_RP_FR_ZH_F_US_F_G35T_T03,7,10,10,8,24,4,6,30,10,10,6,18,8,12,20,10,10,7,21,10,13,21,10,10,10,30,20,20,20,10,10,10,30,20,20,20,10,10,10,30,20,20,20,10,10,10,30,20,20,20
B_RP_FR_FR_M_US_M_G35T_T03,7,10,10,8,24,4,6,30,10,10,4,12,6,12,16,10,10,8,24,6,8,28,10,10,6,18,8,12,20,10,10,8,24,6,8,28,10,10,5,15,10,15,15,10,10,8,24,6,8,28
B_RP_FR_FR_M_US_F_G35T_T03,7,10,10,8,24,4,6,30,10,10,3,9,6,13,13,10,10,7,21,6,9,25,10,10,5,15,5,10,20,10,10,5,15,5,10,20,10,10,3,9,6,13,13,10,10,3,9,6,13,13
B_RP_FR_ZH_M_US_F_G35T_T03,7,10,10,8,24,4,6,30,10,10,5,15,10,15,15,10,10,9,27,10,11,27,10,10,7,21,10,13,21,10,10,7,21,5,8,26,10,10,4,12,5,11,17,10,10,3,9,6,13,13
B_RP_FR_US_M_US_F_G35T_T03,7,10,10,8,24,4,6,30,10,10,5,15,5,10,20,10,10,7,21,10,13,21,10,10,8,24,10,12,24,10,10,8,24,10,12,24,10,10,5,15,5,10,20,10,10,3,9,7,14,12
B_RP_FR_FR_F_US_F_G35T_T03,7,10,10,8,24,4,6,30,10,10,5,15,10,15,15,10,10,10,30,20,20,20,10,10,10,30,20,20,20,10,10,10,30,20,20,20,10,10,10,30,10,10,30,10,10,6,18,8,12,20
B_RP_FR_ZH_M_FR_M_G35T_T03,7,10,10,8,24,4,6,30,10,10,1,3,3,12,10,10,10,3,9,7,14,12,10,10,10,30,20,20,20,10,10,10,30,0,0,40,10,10,2,6,6,14,10,10,10,6,18,8,12,20
B_RP_FR_US_F_US_F_G35T_T03,7,10,10,8,24,4,6,30,10,10,4,12,8,14,14,10,10,4,12,6,12,16,10,10,7,21,10,13,21,10,10,9,27,10,11,27,10,10,10,30,20,20,20,10,10,10,30,20,20,20
B_RP_FR_U_U_FR_M_G35T_T03,7,10,10,8,24,4,6,30,10,10,3,9,5,12,14,10,10,6,18,7,11,21,10,10,7,21,10,13,21,10,10,6,18,8,12,20,10,10,7,21,10,13,21,10,10,8,24,10,12,24
B_RP_FR_ZH_F_FR_M_G35T_T03,7,10,10,8,24,4,6,30,10,10,6,18,8,12,20,10,10,6,18,10,14,18,10,10,8,24,12,14,22,10,10,8,24,6,8,28,10,10,8,24,10,12,24,10,10,4,12,6,12,16
B_RP_FR_US_M_FR_M_G35T_T03,7,10,10,8,24,4,6,30,10,10,4,12,7,13,15,10,10,6,18,7,11,21,10,10,6,18,7,11,21,10,10,8,24,10,12,24,10,10,6,18,7,11,21,10,10,4,12,0,6,22
B_RP_FR_FR_F_FR_M_G35T_T03,7,10,10,8,24,4,6,30,10,10,8,24,4,6,30,10,10,8,24,10,12,24,10,10,10,30,10,10,30,10,10,8,24,4,6,30,10,10,9,27,10,11,27,10,10,3,9,6,13,13
B_RP_FR_US_F_FR_M_G35T_T03,7,10,10,8,24,6,8,28,10,10,3,9,5,12,14,10,10,6,18,10,14,18,10,10,8,24,10,12,24,10,10,9,27,7,8,30,10,10,8,24,6,8,28,10,10,8,24,10,12,24
B_RP_FR_ZH_F_FR_F_G35T_T03,7,10,10,8,24,4,6,30,10,10,5,15,15,20,10,10,10,10,30,20,20,20,10,10,10,30,20,20,20,10,10,10,30,20,20,20,10,10,10,30,20,20,20,10,10,10,30,0,0,40
B_RP_FR_FR_M_FR_M_G35T_T03,7,10,10,8,24,4,6,30,10,10,4,12,6,12,16,10,10,8,24,10,12,24,10,10,10,30,20,20,20,10,10,10,30,20,20,20,10,10,10,30,20,20,20,10,10,7,21,10,13,21
B_RP_FR_U_U_FR_F_G35T_T03,7,10,10,8,24,4,6,30,10,10,7,21,10,13,21,10,10,8,24,10,12,24,10,10,10,30,20,20,20,10,10,9,27,7,8,30,10,10,6,18,8,12,20,10,10,5,15,5,10,20
B_RP_FR_ZH_M_FR_F_G35T_T03,7,10,10,8,24,4,6,30,10,10,6,18,14,18,14,10,10,10,30,20,20,20,10,10,10,30,20,20,20,10,10,10,30,20,20,20,10,10,10,30,20,20,20,10,10,10,30,10,10,30
B_RP_FR_US_F_FR_F_G35T_T03,7,10,10,8,24,4,6,30,10,10,6,18,14,18,14,10,10,8,24,4,6,30,10,10,10,30,20,20,20,10,10,10,30,20,20,20,10,10,10,30,20,20,20,10,10,10,30,20,20,20
B_RP_FR_US_M_FR_F_G35T_T03,7,10,10,8,24,4,6,30,10,10,8,24,6,8,28,10,10,8,24,10,12,24,10,10,4,12,6,12,16,10,10,5,15,5,10,20,10,10,6,18,10,14,18,10,10,5,15,5,10,20
B_RP_FR_FR_M_FR_F_G35T_T03,7,10,10,8,24,4,6,30,10,10,6,18,12,16,16,10,10,9,27,7,8,30,10,10,7,21,15,18,16,10,10,10,30,20,20,20,10,10,10,30,20,20,20,10,10,10,30,20,20,20
B_RP_FR_FR_F_FR_F_G35T_T03,7,10,10,8,24,4,6,30,10,10,5,15,10,15,15,10,10,10,30,20,20,20,10,10,10,30,20,20,20,10,10,10,30,20,20,20,10,10,8,24,4,6,30,10,10,4,12,6,12,16
B_RP_FR_ZH_F_U_U_G35T_T03,7,10,10,10,30,20,20,20,10,10,10,30,20,20,20,10,10,9,27,7,8,30,10,10,4,12,7,13,15,10,10,2,6,6,14,10,10,10,9,27,7,8,30,10,10,5,15,10,15,15
B_RP_FR_U_U_U_U_G35T_T03,7,10,10,10,30,10,10,30,10,10,5,15,5,10,20,10,10,6,18,7,11,21,10,10,4,12,7,13,15,10,10,6,18,10,14,18,10,10,10,30,20,20,20,10,10,9,27,7,8,30
B_RP_FR_ZH_M_U_U_G35T_T03,7,10,10,10,30,10,10,30,10,10,10,30,20,20,20,10,10,8,24,4,6,30,10,10,3,9,9,16,10,10,10,7,21,10,13,21,10,10,7,21,5,8,26,10,10,2,6,6,14,10
B_RP_FR_US_M_U_U_G35T_T03,7,10,10,10,30,10,10,30,10,10,7,21,4,7,27,10,10,6,18,4,8,24,10,10,7,21,5,8,26,10,10,7,21,5,8,26,10,10,8,24,4,6,30,10,10,1,3,3,12,10
B_RP_FR_US_F_U_U_G35T_T03,7,10,10,10,30,10,10,30,10,10,8,24,4,6,30,10,10,5,15,5,10,20,10,10,7,21,3,6,28,10,10,3,9,9,16,10,10,10,9,27,10,11,27,10,10,6,18,2,6,26
B_RP_FR_FR_F_U_U_G35T_T03,7,10,10,10,30,10,10,30,10,10,8,24,4,6,30,10,10,3,9,5,12,14,10,10,9,27,7,8,30,10,10,7,21,3,6,28,10,10,8,24,6,8,28,10,10,3,9,5,12,14
B_RP_FR_FR_M_U_U_G35T_T03,7,10,10,10,30,20,20,20,10,10,10,30,20,20,20,10,10,10,30,20,20,20,10,10,9,27,7,8,30,10,10,4,12,5,11,17,10,10,6,18,8,12,20,10,10,5,15,15,20,10
B_RP_FR_ZH_M_ZH_M_G35T_T03,7,10,10,10,30,20,20,20,10,10,10,30,20,20,20,10,10,10,30,20,20,20,10,10,10,30,20,20,20,10,10,10,30,20,20,20,10,10,10,30,20,20,20,10,10,9,27,7,8,30
B_RP_FR_U_U_ZH_M_G35T_T03,7,10,10,10,30,20,20,20,10,10,10,30,10,10,30,10,10,7,21,3,6,28,10,10,5,15,5,10,20,10,10,8,24,4,6,30,10,10,4,12,6,12,16,10,10,4,12,8,14,14
B_RP_FR_ZH_F_ZH_M_G35T_T03,7,10,10,10,30,10,10,30,10,10,4,12,6,12,16,10,10,8,24,4,6,30,10,10,7,21,5,8,26,10,10,7,21,6,9,25,10,10,8,24,6,8,28,10,10,4,12,6,12,16
B_RP_FR_US_M_ZH_M_G35T_T03,7,10,10,10,30,10,10,30,10,10,9,27,7,8,30,10,10,7,21,10,13,21,10,10,8,24,6,8,28,10,10,8,24,10,12,24,10,10,7,21,5,8,26,10,10,3,9,6,13,13
B_RP_FR_US_F_ZH_M_G35T_T03,7,10,10,10,30,10,10,30,10,10,10,30,0,0,40,10,10,3,9,9,16,10,10,10,10,30,20,20,20,10,10,10,30,0,0,40,10,10,3,9,9,16,10,10,10,8,24,6,8,28
B_RP_FR_FR_M_ZH_M_G35T_T03,7,10,10,10,30,10,10,30,10,10,9,27,7,8,30,10,10,5,15,15,20,10,10,10,10,30,20,20,20,10,10,10,30,20,20,20,10,10,10,30,20,20,20,10,10,10,30,20,20,20
B_RP_FR_FR_F_ZH_M_G35T_T03,7,10,10,10,30,10,10,30,10,10,7,21,4,7,27,10,10,4,12,6,12,16,10,10,5,15,8,13,17,10,10,7,21,10,13,21,10,10,10,30,20,20,20,10,10,10,30,20,20,20
B_RP_FR_U_U_ZH_F_G35T_T03,7,10,10,10,30,10,10,30,10,10,4,12,8,14,14,10,10,10,30,20,20,20,10,10,10,30,20,20,20,10,10,10,30,20,20,20,10,10,10,30,20,20,20,10,10,10,30,20,20,20
B_RP_FR_ZH_M_ZH_F_G35T_T03,7,10,10,10,30,10,10,30,10,10,9,27,7,8,30,10,10,10,30,20,20,20,10,10,10,30,20,20,20,10,10,9,27,7,8,30,10,10,7,21,10,13,21,10,10,5,15,10,15,15
B_RP_FR_US_M_ZH_F_G35T_T03,7,10,10,10,30,20,20,20,10,10,10,30,10,10,30,10,10,6,18,8,12,20,10,10,8,24,4,6,30,10,10,6,18,8,12,20,10,10,8,24,4,6,30,10,10,6,18,10,14,18
B_RP_FR_ZH_F_ZH_F_G35T_T03,7,10,10,10,30,20,20,20,10,10,10,30,20,20,20,10,10,10,30,20,20,20,10,10,10,30,10,10,30,10,10,7,21,3,6,28,10,10,1,3,3,12,10,10,10,1,3,3,12,10
B_RP_FR_FR_M_ZH_F_G35T_T03,7,10,10,10,30,10,10,30,10,10,8,24,4,6,30,10,10,6,18,8,12,20,10,10,8,24,4,6,30,10,10,4,12,6,12,16,10,10,8,24,10,12,24,10,10,6,18,8,12,20
B_RP_FR_US_F_ZH_F_G35T_T03,7,10,10,10,30,10,10,30,10,10,8,24,4,6,30,10,10,5,15,5,10,20,10,10,6,18,8,12,20,10,10,7,21,6,9,25,10,10,7,21,10,13,21,10,10,4,12,6,12,16
B_RP_FR_FR_F_ZH_F_G35T_T03,7,10,10,10,30,5,5,35,10,10,7,21,6,9,25,10,10,7,21,10,13,21,10,10,10,30,20,20,20,10,10,10,30,20,20,20,10,10,10,30,10,10,30,10,10,4,12,8,14,14
B_RP_FR_ZH_M_US_M_G35T_T03,7,10,10,10,30,10,10,30,10,10,7,21,4,7,27,10,10,5,15,10,15,15,10,10,10,30,20,20,20,10,10,10,30,20,20,20,10,10,10,30,20,20,20,10,10,10,30,20,20,20
B_RP_FR_U_U_US_M_G35T_T03,7,10,10,10,30,5,5,35,10,10,2,6,6,14,10,10,10,9,27,10,11,27,10,10,8,24,10,12,24,10,10,10,30,20,20,20,10,10,8,24,4,6,30,10,10,1,3,3,12,10
B_RP_FR_US_F_US_M_G35T_T03,7,10,10,10,30,10,10,30,10,10,9,27,7,8,30,10,10,5,15,10,15,15,10,10,10,30,20,20,20,10,10,10,30,20,20,20,10,10,10,30,20,20,20,10,10,8,24,4,6,30
B_RP_FR_US_M_US_M_G35T_T03,7,10,10,10,30,5,5,35,10,10,5,15,10,15,15,10,10,9,27,7,8,30,10,10,5,15,10,15,15,10,10,9,27,7,8,30,10,10,5,15,10,15,15,10,10,10,30,20,20,20
B_RP_FR_ZH_F_US_M_G35T_T03,7,10,10,10,30,20,20,20,10,10,10,30,20,20,20,10,10,9,27,7,8,30,10,10,5,15,15,20,10,10,10,10,30,0,0,40,10,10,2,6,6,14,10,10,10,1,3,3,12,10
B_RP_FR_FR_F_US_M_G35T_T03,7,10,10,10,30,20,20,20,10,10,10,30,20,20,20,10,10,10,30,20,20,20,10,10,10,30,20,20,20,10,10,10,30,20,20,20,10,10,9,27,7,8,30,10,10,4,12,12,18,10
B_RP_FR_ZH_F_US_F_G35T_T03,7,10,10,10,30,10,10,30,10,10,8,24,4,6,30,10,10,8,24,6,8,28,10,10,3,9,5,12,14,10,10,9,27,7,8,30,10,10,5,15,15,20,10,10,10,7,21,10,13,21
B_RP_FR_U_U_US_F_G35T_T03,7,10,10,10,30,20,20,20,10,10,10,30,10,10,30,10,10,9,27,7,8,30,10,10,8,24,6,8,28,10,10,2,6,6,14,10,10,10,7,21,10,13,21,10,10,8,24,6,8,28
B_RP_FR_FR_M_US_M_G35T_T03,7,10,10,10,30,10,10,30,10,10,10,30,20,20,20,10,10,8,24,4,6,30,10,10,5,15,15,20,10,10,10,10,30,20,20,20,10,10,10,30,10,10,30,10,10,7,21,4,7,27
B_RP_FR_US_F_US_F_G35T_T03,7,10,10,10,30,10,10,30,10,10,6,18,8,12,20,10,10,10,30,20,20,20,10,10,10,30,20,20,20,10,10,10,30,20,20,20,10,10,9,27,7,8,30,10,10,1,3,3,12,10
B_RP_FR_ZH_M_US_F_G35T_T03,7,10,10,10,30,20,20,20,10,10,10,30,10,10,30,10,10,10,30,20,20,20,10,10,8,24,4,6,30,10,10,6,18,8,12,20,10,10,10,30,20,20,20,10,10,10,30,20,20,20
B_RP_FR_US_M_US_F_G35T_T03,7,10,10,10,30,5,5,35,10,10,6,18,8,12,20,10,10,8,24,4,6,30,10,10,4,12,8,14,14,10,10,7,21,10,13,21,10,10,10,30,20,20,20,10,10,10,30,20,20,20
B_RP_FR_FR_F_US_F_G35T_T03,7,10,10,10,30,10,10,30,10,10,10,30,20,20,20,10,10,10,30,20,20,20,10,10,10,30,20,20,20,10,10,10,30,20,20,20,10,10,10,30,20,20,20,10,10,10,30,10,10,30
B_RP_FR_FR_M_US_F_G35T_T03,7,10,10,10,30,10,10,30,10,10,7,21,4,7,27,10,10,2,6,6,14,10,10,10,8,24,6,8,28,10,10,4,12,6,12,16,10,10,7,21,6,9,25,10,10,3,9,5,12,14
B_RP_FR_U_U_FR_M_G35T_T03,7,10,10,10,30,10,10,30,10,10,10,30,20,20,20,10,10,10,30,5,5,35,10,10,5,15,15,20,10,10,10,10,30,20,20,20,10,10,10,30,5,5,35,10,10,4,12,2,8,20
B_RP_FR_US_M_FR_M_G35T_T03,7,10,10,10,30,5,5,35,10,10,6,18,8,12,20,10,10,8,24,12,14,22,10,10,10,30,20,20,20,10,10,10,30,20,20,20,10,10,8,24,4,6,30,10,10,4,12,6,12,16
B_RP_FR_ZH_M_FR_M_G35T_T03,7,10,10,10,30,10,10,30,10,10,7,21,4,7,27,10,10,5,15,5,10,20,10,10,3,9,6,13,13,10,10,3,9,5,12,14,10,10,1,3,4,13,9,10,10,3,9,6,13,13
B_RP_FR_ZH_F_FR_M_G35T_T03,7,10,10,10,30,20,20,20,10,10,10,30,10,10,30,10,10,8,24,4,6,30,10,10,3,9,5,12,14,10,10,10,30,20,20,20,10,10,10,30,20,20,20,10,10,10,30,20,20,20
B_RP_FR_FR_M_FR_M_G35T_T03,7,10,10,10,30,5,5,35,10,10,9,27,7,8,30,10,10,4,12,6,12,16,10,10,9,27,7,8,30,10,10,4,12,6,12,16,10,10,5,15,10,15,15,10,10,6,18,8,12,20
B_RP_FR_US_F_FR_M_G35T_T03,7,10,10,10,30,10,10,30,10,10,8,24,4,6,30,10,10,6,18,14,18,14,10,10,10,30,20,20,20,10,10,10,30,20,20,20,10,10,10,30,20,20,20,10,10,9,27,7,8,30
B_RP_FR_U_U_FR_F_G35T_T03,7,10,10,10,30,20,20,20,10,10,10,30,20,20,20,10,10,10,30,20,20,20,10,10,10,30,20,20,20,10,10,10,30,20,20,20,10,10,10,30,20,20,20,10,10,10,30,20,20,20
B_RP_FR_ZH_M_FR_F_G35T_T03,7,10,10,10,30,20,20,20,10,10,10,30,20,20,20,10,10,10,30,10,10,30,10,10,9,27,7,8,30,10,10,7,21,10,13,21,10,10,10,30,20,20,20,10,10,9,27,7,8,30
B_RP_FR_ZH_F_FR_F_G35T_T03,7,10,10,10,30,10,10,30,10,10,8,24,4,6,30,10,10,2,6,6,14,10,10,10,9,27,7,8,30,10,10,4,12,8,14,14,10,10,10,30,20,20,20,10,10,10,30,20,20,20
B_RP_FR_FR_F_FR_M_G35T_T03,7,10,10,10,30,10,10,30,10,10,7,21,4,7,27,10,10,3,9,6,13,13,10,10,8,24,6,8,28,10,10,6,18,8,12,20,10,10,5,15,10,15,15,10,10,6,18,8,12,20
B_RP_FR_US_M_FR_F_G35T_T03,7,10,10,10,30,10,10,30,10,10,9,27,7,8,30,10,10,6,18,5,9,23,10,10,5,15,10,15,15,10,10,10,30,20,20,20,10,10,10,30,20,20,20,10,10,7,21,5,8,26
B_RP_FR_FR_M_FR_F_G35T_T03,7,10,10,10,30,5,5,35,10,10,7,21,3,6,28,10,10,4,12,3,9,19,10,10,4,12,6,12,16,10,10,2,6,6,14,10,10,10,5,15,10,15,15,10,10,8,24,10,12,24
B_RP_FR_FR_F_FR_F_G35T_T03,7,10,10,10,30,10,10,30,10,10,9,27,3,4,34,10,10,7,21,5,8,26,10,10,6,18,8,12,20,10,10,8,24,4,6,30,10,10,9,27,7,8,30,10,10,7,21,10,13,21
B_RP_FR_US_F_FR_F_G35T_T03,7,10,10,10,30,10,10,30,10,10,9,27,7,8,30,10,10,4,12,5,11,17,10,10,10,30,20,20,20,10,10,10,30,20,20,20,10,10,10,30,20,20,20,10,10,10,30,20,20,20
A_RP_FR_U_U_ZH_M_G35T_T05,7,10,10,7,21,3,6,28,10,10,3,9,2,9,17,10,10,5,15,1,6,24,10,10,2,6,2,10,14,10,10,5,15,3,8,22,10,10,4,12,3,9,19,10,10,6,18,1,5,27
A_RP_FR_U_U_U_U_G35T_T05,7,10,10,3,9,3,10,16,10,10,5,15,1,6,24,10,10,2,6,0,8,16,10,10,5,15,1,6,24,10,10,4,12,3,9,19,10,10,3,9,2,9,17,10,10,2,6,0,8,16
A_RP_FR_U_U_ZH_F_G35T_T05,7,10,10,8,24,3,5,31,10,10,7,21,0,3,31,10,10,5,15,5,10,20,10,10,2,6,2,10,14,10,10,3,9,2,9,17,10,10,4,12,3,9,19,10,10,6,18,0,4,28
A_RP_FR_ZH_M_U_U_G35T_T05,7,10,10,3,9,3,10,16,10,10,7,21,1,4,30,10,10,5,15,2,7,23,10,10,4,12,2,8,20,10,10,1,3,2,11,11,10,10,6,18,2,6,26,10,10,2,6,1,9,15
A_RP_FR_U_U_US_F_G35T_T05,7,10,10,5,15,0,5,25,10,10,7,21,2,5,29,10,10,3,9,2,9,17,10,10,4,12,1,7,21,10,10,6,18,3,7,25,10,10,2,6,4,12,12,10,10,1,3,0,9,13
A_RP_FR_U_U_US_M_G35T_T05,7,10,10,7,21,2,5,29,10,10,3,9,1,8,18,10,10,5,15,2,7,23,10,10,4,12,3,9,19,10,10,6,18,0,4,28,10,10,3,9,1,8,18,10,10,2,6,2,10,14
A_RP_FR_U_U_FR_M_G35T_T05,7,10,10,5,15,3,8,22,10,10,7,21,2,5,29,10,10,2,6,0,8,16,10,10,4,12,2,8,20,10,10,6,18,2,6,26,10,10,3,9,0,7,19,10,10,9,27,1,2,36
A_RP_FR_U_U_FR_F_G35T_T05,7,10,10,5,15,3,8,22,10,10,2,6,0,8,16,10,10,7,21,1,4,30,10,10,3,9,2,9,17,10,10,4,12,3,9,19,10,10,6,18,1,5,27,10,10,9,27,2,3,35
A_RP_FR_ZH_M_ZH_F_G35T_T05,7,10,10,5,15,4,9,21,10,10,3,9,2,9,17,10,10,2,6,1,9,15,10,10,1,3,2,11,11,10,10,3,9,3,10,16,10,10,4,12,2,8,20,10,10,6,18,1,5,27
A_RP_FR_ZH_M_ZH_M_G35T_T05,7,10,10,5,15,2,7,23,10,10,7,21,2,5,29,10,10,1,3,2,11,11,10,10,3,9,1,8,18,10,10,4,12,3,9,19,10,10,2,6,2,10,14,10,10,6,18,0,4,28
A_RP_FR_ZH_M_US_M_G35T_T05,7,10,10,5,15,3,8,22,10,10,2,6,2,10,14,10,10,4,12,2,8,20,10,10,6,18,2,6,26,10,10,3,9,2,9,17,10,10,7,21,3,6,28,10,10,1,3,0,9,13
A_RP_FR_ZH_F_U_U_G35T_T05,7,10,10,5,15,2,7,23,10,10,3,9,3,10,16,10,10,1,3,2,11,11,10,10,8,24,2,4,32,10,10,2,6,1,9,15,10,10,4,12,3,9,19,10,10,6,18,0,4,28
A_RP_FR_ZH_M_FR_M_G35T_T05,7,10,10,5,15,2,7,23,10,10,3,9,2,9,17,10,10,7,21,3,6,28,10,10,2,6,1,9,15,10,10,4,12,3,9,19,10,10,6,18,1,5,27,10,10,1,3,0,9,13
A_RP_FR_ZH_F_ZH_M_G35T_T05,7,10,10,5,15,2,7,23,10,10,3,9,1,8,18,10,10,2,6,2,10,14,10,10,4,12,2,8,20,10,10,6,18,2,6,26,10,10,3,9,1,8,18,10,10,7,21,0,3,31
A_RP_FR_ZH_M_FR_F_G35T_T05,7,10,10,6,18,2,6,26,10,10,4,12,2,8,20,10,10,3,9,3,10,16,10,10,2,6,2,10,14,10,10,1,3,3,12,10,10,10,5,15,1,6,24,10,10,7,21,1,4,30
A_RP_FR_ZH_M_US_F_G35T_T05,7,10,10,5,15,3,8,22,10,10,2,6,1,9,15,10,10,7,21,3,6,28,10,10,4,12,0,6,22,10,10,3,9,1,8,18,10,10,6,18,2,6,26,10,10,8,24,0,2,34
A_RP_FR_ZH_F_ZH_F_G35T_T05,7,10,10,4,12,2,8,20,10,10,6,18,2,6,26,10,10,3,9,2,9,17,10,10,4,12,3,9,19,10,10,1,3,0,9,13,10,10,5,15,2,7,23,10,10,2,6,2,10,14
A_RP_FR_ZH_F_US_F_G35T_T05,7,10,10,5,15,3,8,22,10,10,6,18,1,5,27,10,10,4,12,3,9,19,10,10,7,21,4,7,27,10,10,2,6,3,11,13,10,10,8,24,3,5,31,10,10,1,3,0,9,13
A_RP_FR_ZH_F_US_M_G35T_T05,7,10,10,5,15,3,8,22,10,10,2,6,2,10,14,10,10,3,9,2,9,17,10,10,1,3,3,12,10,10,10,4,12,2,8,20,10,10,6,18,2,6,26,10,10,3,9,0,7,19
A_RP_FR_ZH_F_FR_M_G35T_T05,7,10,10,5,15,2,7,23,10,10,3,9,5,12,14,10,10,2,6,1,9,15,10,10,4,12,3,9,19,10,10,6,18,2,6,26,10,10,7,21,2,5,29,10,10,1,3,0,9,13
A_RP_FR_US_M_U_U_G35T_T05,7,10,10,4,12,2,8,20,10,10,3,9,3,10,16,10,10,5,15,2,7,23,10,10,2,6,2,10,14,10,10,4,12,3,9,19,10,10,3,9,1,8,18,10,10,6,18,0,4,28
A_RP_FR_ZH_F_FR_F_G35T_T05,7,10,10,5,15,3,8,22,10,10,7,21,2,5,29,10,10,4,12,1,7,21,10,10,6,18,1,5,27,10,10,3,9,3,10,16,10,10,7,21,0,3,31,10,10,2,6,0,8,16
A_RP_FR_US_M_ZH_M_G35T_T05,7,10,10,5,15,3,8,22,10,10,7,21,3,6,28,10,10,4,12,2,8,20,10,10,6,18,1,5,27,10,10,3,9,2,9,17,10,10,2,6,1,9,15,10,10,5,15,2,7,23
A_RP_FR_US_M_US_M_G35T_T05,7,10,10,5,15,3,8,22,10,10,2,6,3,11,13,10,10,1,3,2,11,11,10,10,4,12,0,6,22,10,10,3,9,2,9,17,10,10,5,15,4,9,21,10,10,1,3,0,9,13
A_RP_FR_US_M_US_F_G35T_T05,7,10,10,5,15,2,7,23,10,10,4,12,1,7,21,10,10,3,9,1,8,18,10,10,2,6,3,11,13,10,10,6,18,3,7,25,10,10,1,3,2,11,11,10,10,8,24,0,2,34
A_RP_FR_US_M_ZH_F_G35T_T05,7,10,10,5,15,3,8,22,10,10,7,21,1,4,30,10,10,2,6,2,10,14,10,10,4,12,2,8,20,10,10,3,9,2,9,17,10,10,6,18,2,6,26,10,10,1,3,0,9,13
A_RP_FR_US_M_FR_F_G35T_T05,7,10,10,5,15,1,6,24,10,10,6,18,1,5,27,10,10,4,12,3,9,19,10,10,2,6,1,9,15,10,10,3,9,0,7,19,10,10,7,21,3,6,28,10,10,2,6,0,8,16
A_RP_FR_US_F_U_U_G35T_T05,7,10,10,5,15,2,7,23,10,10,3,9,2,9,17,10,10,4,12,2,8,20,10,10,2,6,1,9,15,10,10,3,9,1,8,18,10,10,4,12,2,8,20,10,10,3,9,0,7,19
A_RP_FR_US_M_FR_M_G35T_T05,7,10,10,5,15,3,8,22,10,10,2,6,2,10,14,10,10,4,12,2,8,20,10,10,1,3,1,10,12,10,10,7,21,0,3,31,10,10,3,9,1,8,18,10,10,6,18,0,4,28
A_RP_FR_US_F_ZH_M_G35T_T05,7,10,10,5,15,2,7,23,10,10,3,9,0,7,19,10,10,4,12,2,8,20,10,10,1,3,1,10,12,10,10,6,18,2,6,26,10,10,3,9,2,9,17,10,10,2,6,1,9,15
A_RP_FR_US_F_US_M_G35T_T05,7,10,10,3,9,1,8,18,10,10,5,15,0,5,25,10,10,2,6,2,10,14,10,10,4,12,3,9,19,10,10,1,3,1,10,12,10,10,6,18,2,6,26,10,10,3,9,0,7,19
A_RP_FR_US_F_US_F_G35T_T05,7,10,10,7,21,2,5,29,10,10,3,9,2,9,17,10,10,4,12,3,9,19,10,10,6,18,2,6,26,10,10,5,15,2,7,23,10,10,1,3,4,13,9,10,10,2,6,0,8,16
A_RP_FR_US_F_FR_F_G35T_T05,7,10,10,5,15,2,7,23,10,10,3,9,2,9,17,10,10,2,6,0,8,16,10,10,4,12,2,8,20,10,10,3,9,2,9,17,10,10,6,18,1,5,27,10,10,5,15,0,5,25
A_RP_FR_US_F_FR_M_G35T_T05,7,10,10,5,15,2,7,23,10,10,3,9,4,11,15,10,10,6,18,2,6,26,10,10,2,6,3,11,13,10,10,4,12,0,6,22,10,10,7,21,2,5,29,10,10,3,9,0,7,19
A_RP_FR_FR_M_US_M_G35T_T05,7,10,10,5,15,2,7,23,10,10,3,9,2,9,17,10,10,2,6,2,10,14,10,10,4,12,3,9,19,10,10,1,3,0,9,13,10,10,6,18,2,6,26,10,10,3,9,0,7,19
A_RP_FR_FR_M_ZH_M_G35T_T05,7,10,10,5,15,3,8,22,10,10,6,18,5,9,23,10,10,2,6,2,10,14,10,10,1,3,2,11,11,10,10,3,9,1,8,18,10,10,4,12,2,8,20,10,10,0,0,1,11,9
A_RP_FR_FR_M_U_U_G35T_T05,7,10,10,5,15,3,8,22,10,10,2,6,1,9,15,10,10,4,12,1,7,21,10,10,3,9,1,8,18,10,10,2,6,4,12,12,10,10,6,18,4,8,24,10,10,1,3,0,9,13
A_RP_FR_FR_M_ZH_F_G35T_T05,7,10,10,5,15,3,8,22,10,10,6,18,2,6,26,10,10,4,12,0,6,22,10,10,7,21,1,4,30,10,10,3,9,3,10,16,10,10,2,6,2,10,14,10,10,8,24,1,3,33
A_RP_FR_FR_M_US_F_G35T_T05,7,10,10,5,15,2,7,23,10,10,3,9,3,10,16,10,10,4,12,3,9,19,10,10,1,3,0,9,13,10,10,2,6,2,10,14,10,10,6,18,3,7,25,10,10,3,9,0,7,19
A_RP_FR_FR_M_FR_F_G35T_T05,7,10,10,5,15,2,7,23,10,10,3,9,2,9,17,10,10,4,12,0,6,22,10,10,6,18,3,7,25,10,10,2,6,1,9,15,10,10,8,24,3,5,31,10,10,1,3,0,9,13
A_RP_FR_FR_M_FR_M_G35T_T05,7,10,10,5,15,3,8,22,10,10,7,21,2,5,29,10,10,2,6,1,9,15,10,10,4,12,3,9,19,10,10,1,3,0,9,13,10,10,6,18,3,7,25,10,10,3,9,0,7,19
A_RP_FR_FR_F_ZH_M_G35T_T05,7,10,10,3,9,2,9,17,10,10,4,12,1,7,21,10,10,5,15,3,8,22,10,10,2,6,0,8,16,10,10,6,18,3,7,25,10,10,7,21,3,6,28,10,10,2,6,0,8,16
A_RP_FR_FR_F_US_M_G35T_T05,7,10,10,5,15,3,8,22,10,10,4,12,1,7,21,10,10,2,6,2,10,14,10,10,3,9,2,9,17,10,10,6,18,2,6,26,10,10,4,12,1,7,21,10,10,5,15,0,5,25
A_RP_FR_FR_F_U_U_G35T_T05,7,10,10,5,15,1,6,24,10,10,4,12,1,7,21,10,10,3,9,1,8,18,10,10,2,6,2,10,14,10,10,1,3,3,12,10,10,10,0,0,2,12,8,10,10,5,15,0,5,25
A_RP_FR_FR_F_US_F_G35T_T05,7,10,10,5,15,2,7,23,10,10,3,9,2,9,17,10,10,6,18,3,7,25,10,10,4,12,2,8,20,10,10,2,6,1,9,15,10,10,7,21,3,6,28,10,10,3,9,0,7,19
A_RP_FR_FR_F_FR_M_G35T_T05,7,10,10,3,9,2,9,17,10,10,4,12,2,8,20,10,10,5,15,2,7,23,10,10,6,18,1,5,27,10,10,7,21,3,6,28,10,10,2,6,2,10,14,10,10,8,24,1,3,33
A_RP_FR_FR_F_ZH_F_G35T_T05,7,10,10,7,21,2,5,29,10,10,3,9,2,9,17,10,10,5,15,1,6,24,10,10,4,12,1,7,21,10,10,6,18,2,6,26,10,10,2,6,1,9,15,10,10,3,9,0,7,19
A_RP_FR_FR_F_FR_F_G35T_T05,7,10,10,5,15,2,7,23,10,10,3,9,1,8,18,10,10,2,6,1,9,15,10,10,4,12,3,9,19,10,10,1,3,2,11,11,10,10,6,18,3,7,25,10,10,0,0,0,10,10
A_RP_FR_US_F_ZH_F_G35T_T05,7,10,10,5,15,2,7,23,10,10,3,9,1,8,18,10,10,4,12,0,6,22,10,10,7,21,4,7,27,10,10,2,6,1,9,15,10,10,6,18,1,5,27,10,10,3,9,0,7,19
B_RP_FR_U_U_U_U_G35T_T05,7,10,10,0,0,0,10,10,10,10,0,0,0,10,10,10,10,0,0,5,15,5,10,10,10,30,20,20,20,10,10,10,30,15,15,25,10,10,10,30,20,20,20,10,10,7,21,1,4,30
B_RP_FR_ZH_F_U_U_G35T_T05,7,10,10,0,0,5,15,5,10,10,10,30,15,15,25,10,10,8,24,4,6,30,10,10,4,12,2,8,20,10,10,3,9,6,13,13,10,10,7,21,6,9,25,10,10,7,21,10,13,21
B_RP_FR_ZH_M_U_U_G35T_T05,7,10,10,0,0,5,15,5,10,10,6,18,9,13,19,10,10,10,30,20,20,20,10,10,10,30,15,15,25,10,10,9,27,2,3,35,10,10,6,18,4,8,24,10,10,5,15,10,15,15
B_RP_FR_US_M_U_U_G35T_T05,7,10,10,0,0,5,15,5,10,10,8,24,4,6,30,10,10,4,12,6,12,16,10,10,4,12,6,12,16,10,10,8,24,6,8,28,10,10,6,18,8,12,20,10,10,4,12,8,14,14
B_RP_FR_FR_M_U_U_G35T_T05,7,10,10,0,0,5,15,5,10,10,9,27,8,9,29,10,10,3,9,2,9,17,10,10,1,3,6,15,7,10,10,10,30,15,15,25,10,10,9,27,8,9,29,10,10,7,21,6,9,25
B_RP_FR_US_F_U_U_G35T_T05,7,10,10,0,0,5,15,5,10,10,10,30,5,5,35,10,10,6,18,4,8,24,10,10,9,27,7,8,30,10,10,9,27,10,11,27,10,10,10,30,20,20,20,10,10,10,30,20,20,20
B_RP_FR_FR_F_U_U_G35T_T05,7,10,10,0,0,5,15,5,10,10,8,24,6,8,28,10,10,6,18,7,11,21,10,10,5,15,10,15,15,10,10,9,27,10,11,27,10,10,6,18,8,12,20,10,10,5,15,10,15,15
B_RP_FR_ZH_F_ZH_M_G35T_T05,7,10,10,0,0,5,15,5,10,10,9,27,19,20,18,10,10,10,30,15,15,25,10,10,10,30,10,10,30,10,10,6,18,8,12,20,10,10,5,15,10,15,15,10,10,7,21,11,14,20
B_RP_FR_U_U_ZH_M_G35T_T05,7,10,10,0,0,5,15,5,10,10,9,27,3,4,34,10,10,6,18,8,12,20,10,10,8,24,12,14,22,10,10,8,24,4,6,30,10,10,1,3,3,12,10,10,10,2,6,6,14,10
B_RP_FR_US_F_ZH_M_G35T_T05,7,10,10,0,0,3,13,7,10,10,9,27,10,11,27,10,10,6,18,7,11,21,10,10,6,18,5,9,23,10,10,4,12,9,15,13,10,10,9,27,9,10,28,10,10,5,15,10,15,15
B_RP_FR_ZH_M_ZH_M_G35T_T05,7,10,10,0,0,5,15,5,10,10,10,30,5,5,35,10,10,4,12,7,13,15,10,10,5,15,10,15,15,10,10,10,30,15,15,25,10,10,10,30,0,0,40,10,10,1,3,3,12,10
B_RP_FR_FR_M_ZH_M_G35T_T05,7,10,10,0,0,0,10,10,10,10,0,0,5,15,5,10,10,10,30,20,20,20,10,10,10,30,15,15,25,10,10,10,30,5,5,35,10,10,6,18,8,12,20,10,10,5,15,10,15,15
B_RP_FR_ZH_M_ZH_F_G35T_T05,7,10,10,0,0,0,10,10,10,10,1,3,3,12,10,10,10,6,18,8,12,20,10,10,7,21,10,13,21,10,10,9,27,7,8,30,10,10,8,24,5,7,29,10,10,3,9,5,12,14
B_RP_FR_FR_F_ZH_M_G35T_T05,7,10,10,0,0,0,10,10,10,10,2,6,4,12,12,10,10,5,15,8,13,17,10,10,10,30,20,20,20,10,10,10,30,20,20,20,10,10,10,30,20,20,20,10,10,10,30,20,20,20
B_RP_FR_US_M_ZH_M_G35T_T05,7,10,10,0,0,0,10,10,10,10,0,0,0,10,10,10,10,1,3,3,12,10,10,10,7,21,10,13,21,10,10,5,15,10,15,15,10,10,9,27,5,6,32,10,10,2,6,6,14,10
B_RP_FR_U_U_ZH_F_G35T_T05,7,10,10,0,0,0,10,10,10,10,0,0,5,15,5,10,10,9,27,20,21,17,10,10,10,30,5,5,35,10,10,5,15,10,15,15,10,10,10,30,10,10,30,10,10,4,12,2,8,20
B_RP_FR_US_M_ZH_F_G35T_T05,7,10,10,0,0,5,15,5,10,10,9,27,10,11,27,10,10,5,15,0,5,25,10,10,1,3,3,12,10,10,10,7,21,3,6,28,10,10,5,15,10,15,15,10,10,10,30,20,20,20
B_RP_FR_ZH_F_ZH_F_G35T_T05,7,10,10,0,0,0,10,10,10,10,0,0,0,10,10,10,10,0,0,0,10,10,10,10,2,6,6,14,10,10,10,5,15,5,10,20,10,10,5,15,10,15,15,10,10,8,24,4,6,30
B_RP_FR_US_F_ZH_F_G35T_T05,7,10,10,0,0,0,10,10,10,10,2,6,6,14,10,10,10,6,18,7,11,21,10,10,1,3,5,14,8,10,10,7,21,15,18,16,10,10,10,30,20,20,20,10,10,10,30,20,20,20
B_RP_FR_FR_F_ZH_F_G35T_T05,7,10,10,0,0,0,10,10,10,10,0,0,0,10,10,10,10,5,15,5,10,20,10,10,2,6,6,14,10,10,10,10,30,20,20,20,10,10,9,27,7,8,30,10,10,5,15,10,15,15
B_RP_FR_FR_M_ZH_F_G35T_T05,7,10,10,0,0,0,10,10,10,10,0,0,0,10,10,10,10,0,0,0,10,10,10,10,4,12,8,14,14,10,10,8,24,6,8,28,10,10,4,12,2,8,20,10,10,6,18,4,8,24
B_RP_FR_ZH_M_US_M_G35T_T05,7,10,10,0,0,0,10,10,10,10,3,9,5,12,14,10,10,5,15,7,12,18,10,10,5,15,10,15,15,10,10,8,24,4,6,30,10,10,3,9,6,13,13,10,10,5,15,15,20,10
B_RP_FR_U_U_US_M_G35T_T05,7,10,10,0,0,5,15,5,10,10,10,30,10,10,30,10,10,9,27,7,8,30,10,10,5,15,8,13,17,10,10,10,30,20,20,20,10,10,10,30,15,15,25,10,10,5,15,8,13,17
B_RP_FR_US_M_US_M_G35T_T05,7,10,10,0,0,5,15,5,10,10,9,27,7,8,30,10,10,9,27,20,21,17,10,10,9,27,15,16,22,10,10,7,21,10,13,21,10,10,9,27,10,11,27,10,10,5,15,15,20,10
B_RP_FR_ZH_F_US_M_G35T_T05,7,10,10,0,0,5,15,5,10,10,10,30,5,5,35,10,10,7,21,15,18,16,10,10,10,30,20,20,20,10,10,10,30,20,20,20,10,10,10,30,5,5,35,10,10,6,18,8,12,20
B_RP_FR_US_F_US_M_G35T_T05,7,10,10,0,0,5,15,5,10,10,8,24,4,6,30,10,10,5,15,15,20,10,10,10,10,30,20,20,20,10,10,10,30,20,20,20,10,10,10,30,20,20,20,10,10,10,30,5,5,35
B_RP_FR_FR_M_US_M_G35T_T05,7,10,10,0,0,0,10,10,10,10,4,12,2,8,20,10,10,5,15,3,8,22,10,10,2,6,5,13,11,10,10,7,21,10,13,21,10,10,6,18,8,12,20,10,10,8,24,4,6,30
B_RP_FR_U_U_US_F_G35T_T05,7,10,10,0,0,0,10,10,10,10,2,6,4,12,12,10,10,5,15,15,20,10,10,10,10,30,20,20,20,10,10,10,30,10,10,30,10,10,9,27,7,8,30,10,10,5,15,10,15,15
B_RP_FR_FR_F_US_M_G35T_T05,7,10,10,0,0,0,10,10,10,10,1,3,3,12,10,10,10,4,12,6,12,16,10,10,7,21,10,13,21,10,10,6,18,2,6,26,10,10,2,6,6,14,10,10,10,4,12,6,12,16
B_RP_FR_US_M_US_F_G35T_T05,7,10,10,0,0,0,10,10,10,10,3,9,5,12,14,10,10,6,18,9,13,19,10,10,3,9,4,11,15,10,10,6,18,10,14,18,10,10,8,24,12,14,22,10,10,6,18,8,12,20
B_RP_FR_ZH_M_US_F_G35T_T05,7,10,10,0,0,0,10,10,10,10,0,0,0,10,10,10,10,0,0,0,10,10,10,10,0,0,0,10,10,10,10,3,9,5,12,14,10,10,6,18,8,12,20,10,10,5,15,10,15,15
B_RP_FR_ZH_F_US_F_G35T_T05,7,10,10,0,0,5,15,5,10,10,10,30,5,5,35,10,10,6,18,8,12,20,10,10,9,27,7,8,30,10,10,4,12,6,12,16,10,10,7,21,4,7,27,10,10,2,6,6,14,10
B_RP_FR_US_F_US_F_G35T_T05,7,10,10,0,0,5,15,5,10,10,10,30,20,20,20,10,10,10,30,10,10,30,10,10,10,30,10,10,30,10,10,6,18,8,12,20,10,10,6,18,8,12,20,10,10,5,15,5,10,20
B_RP_FR_FR_M_US_F_G35T_T05,7,10,10,0,0,0,10,10,10,10,0,0,0,10,10,10,10,0,0,5,15,5,10,10,10,30,10,10,30,10,10,10,30,20,20,20,10,10,10,30,0,0,40,10,10,2,6,6,14,10
B_RP_FR_U_U_FR_M_G35T_T05,7,10,10,0,0,5,15,5,10,10,10,30,5,5,35,10,10,10,30,10,10,30,10,10,9,27,10,11,27,10,10,9,27,7,8,30,10,10,9,27,7,8,30,10,10,6,18,7,11,21
B_RP_FR_FR_F_US_F_G35T_T05,7,10,10,0,0,0,10,10,10,10,0,0,0,10,10,10,10,0,0,0,10,10,10,10,0,0,0,10,10,10,10,0,0,5,15,5,10,10,6,18,3,7,25,10,10,3,9,6,13,13
B_RP_FR_ZH_M_FR_M_G35T_T05,7,10,10,0,0,3,13,7,10,10,9,27,7,8,30,10,10,8,24,4,6,30,10,10,4,12,6,12,16,10,10,9,27,27,28,10,10,10,10,30,15,15,25,10,10,9,27,7,8,30
B_RP_FR_ZH_F_FR_M_G35T_T05,7,10,10,0,0,5,15,5,10,10,10,30,5,5,35,10,10,9,27,10,11,27,10,10,10,30,20,20,20,10,10,10,30,15,15,25,10,10,10,30,10,10,30,10,10,5,15,15,20,10
B_RP_FR_US_F_FR_M_G35T_T05,7,10,10,0,0,5,15,5,10,10,10,30,5,5,35,10,10,6,18,8,12,20,10,10,5,15,0,5,25,10,10,0,0,0,10,10,10,10,0,0,0,10,10,10,10,0,0,0,10,10
B_RP_FR_US_M_FR_M_G35T_T05,7,10,10,0,0,0,10,10,10,10,2,6,4,12,12,10,10,5,15,7,12,18,10,10,7,21,6,9,25,10,10,5,15,5,10,20,10,10,6,18,12,16,16,10,10,7,21,6,9,25
B_RP_FR_FR_M_FR_M_G35T_T05,7,10,10,0,0,0,10,10,10,10,0,0,0,10,10,10,10,0,0,5,15,5,10,10,10,30,5,5,35,10,10,6,18,8,12,20,10,10,10,30,0,0,40,10,10,0,0,0,10,10
B_RP_FR_FR_F_FR_M_G35T_T05,7,10,10,0,0,5,15,5,10,10,10,30,20,20,20,10,10,10,30,5,5,35,10,10,6,18,8,12,20,10,10,10,30,5,5,35,10,10,8,24,4,6,30,10,10,1,3,3,12,10
B_RP_FR_ZH_M_FR_F_G35T_T05,7,10,10,0,0,0,10,10,10,10,0,0,0,10,10,10,10,1,3,4,13,9,10,10,6,18,8,12,20,10,10,6,18,8,12,20,10,10,6,18,8,12,20,10,10,5,15,8,13,17
B_RP_FR_U_U_FR_F_G35T_T05,7,10,10,0,0,5,15,5,10,10,3,9,6,13,13,10,10,6,18,12,16,16,10,10,10,30,0,0,40,10,10,4,12,8,14,14,10,10,10,30,20,20,20,10,10,10,30,20,20,20
B_RP_FR_ZH_F_FR_F_G35T_T05,7,10,10,0,0,0,10,10,10,10,5,15,7,12,18,10,10,7,21,15,18,16,10,10,8,24,6,8,28,10,10,9,27,12,13,25,10,10,10,30,20,20,20,10,10,9,27,7,8,30
B_RP_FR_US_F_FR_F_G35T_T05,7,10,10,0,0,0,10,10,10,10,3,9,5,12,14,10,10,6,18,8,12,20,10,10,10,30,20,20,20,10,10,10,30,15,15,25,10,10,4,12,2,8,20,10,10,0,0,0,10,10
B_RP_FR_US_M_FR_F_G35T_T05,7,10,10,0,0,0,10,10,10,10,2,6,4,12,12,10,10,4,12,6,12,16,10,10,3,9,5,12,14,10,10,7,21,4,7,27,10,10,1,3,0,9,13,10,10,1,3,3,12,10
B_RP_FR_FR_M_FR_F_G35T_T05,7,10,10,0,0,0,10,10,10,10,0,0,0,10,10,10,10,1,3,3,12,10,10,10,6,18,10,14,18,10,10,5,15,10,15,15,10,10,8,24,4,6,30,10,10,2,6,6,14,10
B_RP_FR_FR_F_FR_F_G35T_T05,7,10,10,0,0,0,10,10,10,10,0,0,0,10,10,10,10,0,0,5,15,5,10,10,10,30,5,5,35,10,10,3,9,4,11,15,10,10,6,18,8,12,20,10,10,5,15,10,15,15
B_RP_FR_ZH_M_U_U_G35T_T05,7,10,10,2,6,5,13,11,10,10,8,24,6,8,28,10,10,7,21,3,6,28,10,10,8,24,4,6,30,10,10,9,27,7,8,30,10,10,8,24,4,6,30,10,10,3,9,9,16,10
B_RP_FR_U_U_U_U_G35T_T05,7,10,10,2,6,6,14,10,10,10,5,15,10,15,15,10,10,10,30,20,20,20,10,10,10,30,20,20,20,10,10,10,30,20,20,20,10,10,10,30,10,10,30,10,10,6,18,8,12,20
B_RP_FR_US_F_U_U_G35T_T05,7,10,10,2,6,6,14,10,10,10,10,30,5,5,35,10,10,5,15,10,15,15,10,10,8,24,6,8,28,10,10,5,15,5,10,20,10,10,9,27,7,8,30,10,10,6,18,8,12,20
B_RP_FR_ZH_F_U_U_G35T_T05,7,10,10,2,6,6,14,10,10,10,8,24,10,12,24,10,10,4,12,8,14,14,10,10,9,27,7,8,30,10,10,6,18,8,12,20,10,10,3,9,5,12,14,10,10,5,15,10,15,15
B_RP_FR_FR_F_U_U_G35T_T05,7,10,10,2,6,4,12,12,10,10,7,21,3,6,28,10,10,4,12,6,12,16,10,10,8,24,6,8,28,10,10,5,15,10,15,15,10,10,9,27,7,8,30,10,10,4,12,6,12,16
B_RP_FR_US_M_U_U_G35T_T05,7,10,10,2,6,4,12,12,10,10,8,24,6,8,28,10,10,8,24,10,12,24,10,10,6,18,12,16,16,10,10,10,30,10,10,30,10,10,10,30,10,10,30,10,10,5,15,5,10,20
B_RP_FR_FR_M_U_U_G35T_T05,7,10,10,2,6,5,13,11,10,10,8,24,12,14,22,10,10,10,30,10,10,30,10,10,8,24,15,17,19,10,10,7,21,5,8,26,10,10,3,9,5,12,14,10,10,6,18,10,14,18
B_RP_FR_ZH_M_ZH_M_G35T_T05,7,10,10,2,6,4,12,12,10,10,8,24,6,8,28,10,10,9,27,0,1,37,10,10,9,27,2,3,35,10,10,6,18,8,12,20,10,10,6,18,8,12,20,10,10,7,21,5,8,26
B_RP_FR_ZH_F_ZH_M_G35T_T05,7,10,10,2,6,6,14,10,10,10,9,27,27,28,10,10,10,10,30,10,10,30,10,10,7,21,15,18,16,10,10,10,30,20,20,20,10,10,10,30,20,20,20,10,10,8,24,6,8,28
B_RP_FR_US_F_ZH_M_G35T_T05,7,10,10,2,6,6,14,10,10,10,8,24,6,8,28,10,10,6,18,8,12,20,10,10,8,24,6,8,28,10,10,9,27,15,16,22,10,10,10,30,20,20,20,10,10,10,30,20,20,20
B_RP_FR_US_M_ZH_M_G35T_T05,7,10,10,2,6,6,14,10,10,10,8,24,4,6,30,10,10,2,6,6,14,10,10,10,6,18,0,4,28,10,10,3,9,4,11,15,10,10,5,15,10,15,15,10,10,8,24,6,8,28
B_RP_FR_U_U_ZH_M_G35T_T05,7,10,10,2,6,5,13,11,10,10,6,18,7,11,21,10,10,10,30,20,20,20,10,10,10,30,20,20,20,10,10,10,30,10,10,30,10,10,6,18,8,12,20,10,10,7,21,10,13,21
B_RP_FR_FR_M_ZH_M_G35T_T05,7,10,10,2,6,6,14,10,10,10,9,27,18,19,19,10,10,10,30,20,20,20,10,10,10,30,20,20,20,10,10,10,30,20,20,20,10,10,10,30,20,20,20,10,10,7,21,4,7,27
B_RP_FR_FR_F_ZH_M_G35T_T05,7,10,10,2,6,6,14,10,10,10,9,27,10,11,27,10,10,6,18,10,14,18,10,10,10,30,0,0,40,10,10,1,3,3,12,10,10,10,6,18,8,12,20,10,10,5,15,10,15,15
B_RP_FR_ZH_M_ZH_F_G35T_T05,7,10,10,2,6,6,14,10,10,10,7,21,10,13,21,10,10,5,15,10,15,15,10,10,10,30,20,20,20,10,10,10,30,20,20,20,10,10,10,30,10,10,30,10,10,6,18,3,7,25
B_RP_FR_US_M_ZH_F_G35T_T05,7,10,10,2,6,4,12,12,10,10,10,30,20,20,20,10,10,10,30,10,10,30,10,10,9,27,7,8,30,10,10,6,18,8,12,20,10,10,10,30,20,20,20,10,10,9,27,7,8,30
B_RP_FR_ZH_F_ZH_F_G35T_T05,7,10,10,2,6,6,14,10,10,10,5,15,0,5,25,10,10,6,18,10,14,18,10,10,6,18,6,10,22,10,10,9,27,7,8,30,10,10,9,27,5,6,32,10,10,2,6,6,14,10
B_RP_FR_US_F_ZH_F_G35T_T05,7,10,10,2,6,6,14,10,10,10,6,18,8,12,20,10,10,6,18,2,6,26,10,10,4,12,12,18,10,10,10,10,30,0,0,40,10,10,4,12,6,12,16,10,10,5,15,15,20,10
B_RP_FR_U_U_US_M_G35T_T05,7,10,10,2,6,4,12,12,10,10,8,24,12,14,22,10,10,10,30,20,20,20,10,10,10,30,20,20,20,10,10,10,30,30,30,10,10,10,10,30,0,0,40,10,10,2,6,6,14,10
B_RP_FR_ZH_M_US_M_G35T_T05,7,10,10,2,6,4,12,12,10,10,4,12,6,12,16,10,10,6,18,6,10,22,10,10,7,21,6,9,25,10,10,5,15,10,15,15,10,10,10,30,20,20,20,10,10,10,30,20,20,20
B_RP_FR_FR_M_ZH_F_G35T_T05,7,10,10,2,6,4,12,12,10,10,6,18,7,11,21,10,10,4,12,8,14,14,10,10,8,24,6,8,28,10,10,9,27,0,1,37,10,10,1,3,5,14,8,10,10,4,12,3,9,19
B_RP_FR_ZH_F_US_M_G35T_T05,7,10,10,2,6,6,14,10,10,10,7,21,10,13,21,10,10,8,24,4,6,30,10,10,5,15,10,15,15,10,10,10,30,5,5,35,10,10,8,24,10,12,24,10,10,4,12,8,14,14
B_RP_FR_US_M_US_M_G35T_T05,7,10,10,2,6,4,12,12,10,10,3,9,7,14,12,10,10,7,21,5,8,26,10,10,6,18,10,14,18,10,10,8,24,10,12,24,10,10,10,30,30,30,10,10,10,10,30,20,20,20
B_RP_FR_U_U_ZH_F_G35T_T05,7,10,10,2,6,6,14,10,10,10,4,12,10,16,12,10,10,10,30,20,20,20,10,10,10,30,20,20,20,10,10,10,30,10,10,30,10,10,7,21,4,7,27,10,10,3,9,5,12,14
B_RP_FR_FR_M_US_M_G35T_T05,7,10,10,2,6,5,13,11,10,10,10,30,20,20,20,10,10,10,30,5,5,35,10,10,9,27,15,16,22,10,10,10,30,20,20,20,10,10,10,30,0,0,40,10,10,3,9,5,12,14
B_RP_FR_US_F_US_M_G35T_T05,7,10,10,2,6,6,14,10,10,10,7,21,4,7,27,10,10,3,9,5,12,14,10,10,8,24,10,12,24,10,10,7,21,5,8,26,10,10,6,18,8,12,20,10,10,4,12,8,14,14
B_RP_FR_U_U_US_F_G35T_T05,7,10,10,2,6,6,14,10,10,10,7,21,4,7,27,10,10,2,6,5,13,11,10,10,8,24,10,12,24,10,10,7,21,15,18,16,10,10,8,24,10,12,24,10,10,7,21,6,9,25
B_RP_FR_FR_F_US_M_G35T_T05,7,10,10,2,6,4,12,12,10,10,4,12,8,14,14,10,10,10,30,10,10,30,10,10,6,18,2,6,26,10,10,3,9,6,13,13,10,10,10,30,20,20,20,10,10,9,27,10,11,27
B_RP_FR_ZH_F_US_F_G35T_T05,7,10,10,2,6,6,14,10,10,10,6,18,8,12,20,10,10,6,18,4,8,24,10,10,2,6,6,14,10,10,10,10,30,20,20,20,10,10,10,30,15,15,25,10,10,10,30,10,10,30
B_RP_FR_ZH_M_US_F_G35T_T05,7,10,10,2,6,5,13,11,10,10,5,15,15,20,10,10,10,10,30,5,5,35,10,10,2,6,3,11,13,10,10,4,12,7,13,15,10,10,9,27,2,3,35,10,10,2,6,6,14,10
B_RP_FR_US_F_US_F_G35T_T05,7,10,10,2,6,4,12,12,10,10,4,12,6,12,16,10,10,7,21,15,18,16,10,10,10,30,30,30,10,10,10,10,30,20,20,20,10,10,10,30,20,20,20,10,10,9,27,7,8,30
B_RP_FR_US_M_US_F_G35T_T05,7,10,10,2,6,6,14,10,10,10,4,12,8,14,14,10,10,8,24,6,8,28,10,10,7,21,3,6,28,10,10,4,12,8,14,14,10,10,5,15,5,10,20,10,10,3,9,9,16,10
B_RP_FR_FR_F_ZH_F_G35T_T05,7,10,10,2,6,3,11,13,10,10,5,15,10,15,15,10,10,10,30,20,20,20,10,10,10,30,10,10,30,10,10,10,30,0,0,40,10,10,3,9,5,12,14,10,10,3,9,5,12,14
B_RP_FR_FR_M_US_F_G35T_T05,7,10,10,2,6,4,12,12,10,10,4,12,8,14,14,10,10,8,24,6,8,28,10,10,8,24,6,8,28,10,10,8,24,10,12,24,10,10,8,24,4,6,30,10,10,3,9,6,13,13
B_RP_FR_U_U_FR_M_G35T_T05,7,10,10,2,6,4,12,12,10,10,8,24,20,22,14,10,10,10,30,20,20,20,10,10,9,27,10,11,27,10,10,7,21,8,11,23,10,10,4,12,2,8,20,10,10,4,12,6,12,16
B_RP_FR_FR_F_US_F_G35T_T05,7,10,10,2,6,6,14,10,10,10,4,12,8,14,14,10,10,7,21,3,6,28,10,10,5,15,5,10,20,10,10,7,21,10,13,21,10,10,9,27,7,8,30,10,10,7,21,3,6,28
B_RP_FR_US_M_FR_M_G35T_T05,7,10,10,2,6,4,12,12,10,10,6,18,5,9,23,10,10,6,18,8,12,20,10,10,9,27,5,6,32,10,10,6,18,7,11,21,10,10,8,24,10,12,24,10,10,8,24,10,12,24
B_RP_FR_US_F_FR_M_G35T_T05,7,10,10,2,6,6,14,10,10,10,10,30,20,20,20,10,10,10,30,20,20,20,10,10,10,30,20,20,20,10,10,10,30,20,20,20,10,10,10,30,20,20,20,10,10,8,24,4,6,30
B_RP_FR_ZH_M_FR_M_G35T_T05,7,10,10,2,6,4,12,12,10,10,6,18,14,18,14,10,10,10,30,20,20,20,10,10,10,30,20,20,20,10,10,10,30,0,0,40,10,10,6,18,8,12,20,10,10,7,21,11,14,20
B_RP_FR_ZH_F_FR_M_G35T_T05,7,10,10,2,6,5,13,11,10,10,6,18,8,12,20,10,10,10,30,10,10,30,10,10,8,24,4,6,30,10,10,2,6,6,14,10,10,10,9,27,10,11,27,10,10,6,18,0,4,28
B_RP_FR_FR_M_FR_M_G35T_T05,7,10,10,2,6,4,12,12,10,10,5,15,7,12,18,10,10,9,27,7,8,30,10,10,9,27,10,11,27,10,10,7,21,10,13,21,10,10,9,27,10,11,27,10,10,10,30,20,20,20
B_RP_FR_FR_F_FR_M_G35T_T05,7,10,10,2,6,4,12,12,10,10,6,18,8,12,20,10,10,7,21,3,6,28,10,10,4,12,8,14,14,10,10,9,27,6,7,31,10,10,7,21,10,13,21,10,10,6,18,8,12,20
B_RP_FR_U_U_FR_F_G35T_T05,7,10,10,2,6,4,12,12,10,10,9,27,5,6,32,10,10,7,21,10,13,21,10,10,5,15,10,15,15,10,10,8,24,6,8,28,10,10,6,18,10,14,18,10,10,4,12,6,12,16
B_RP_FR_ZH_M_FR_F_G35T_T05,7,10,10,2,6,4,12,12,10,10,8,24,0,2,34,10,10,1,3,5,14,8,10,10,8,24,4,6,30,10,10,4,12,6,12,16,10,10,10,30,20,20,20,10,10,9,27,7,8,30
B_RP_FR_US_M_FR_F_G35T_T05,7,10,10,2,6,6,14,10,10,10,8,24,20,22,14,10,10,10,30,20,20,20,10,10,8,24,6,8,28,10,10,6,18,8,12,20,10,10,3,9,4,11,15,10,10,2,6,4,12,12
B_RP_FR_ZH_F_FR_F_G35T_T05,7,10,10,2,6,6,14,10,10,10,10,30,30,30,10,10,10,10,30,5,5,35,10,10,6,18,8,12,20,10,10,7,21,10,13,21,10,10,9,27,7,8,30,10,10,6,18,8,12,20
B_RP_FR_US_F_FR_F_G35T_T05,7,10,10,2,6,4,12,12,10,10,4,12,6,12,16,10,10,5,15,10,15,15,10,10,10,30,15,15,25,10,10,10,30,0,0,40,10,10,5,15,5,10,20,10,10,7,21,6,9,25
B_RP_FR_FR_M_FR_F_G35T_T05,7,10,10,2,6,4,12,12,10,10,5,15,15,20,10,10,10,10,30,15,15,25,10,10,10,30,20,20,20,10,10,10,30,10,10,30,10,10,9,27,7,8,30,10,10,7,21,5,8,26
B_RP_FR_FR_F_FR_F_G35T_T05,7,10,10,2,6,4,12,12,10,10,5,15,10,15,15,10,10,9,27,7,8,30,10,10,4,12,6,12,16,10,10,6,18,10,14,18,10,10,10,30,20,20,20,10,10,10,30,20,20,20
B_RP_FR_U_U_U_U_G35T_T05,7,10,10,5,15,5,10,20,10,10,7,21,4,7,27,10,10,3,9,5,12,14,10,10,8,24,10,12,24,10,10,10,30,20,20,20,10,10,10,30,20,20,20,10,10,10,30,20,20,20
B_RP_FR_ZH_M_U_U_G35T_T05,7,10,10,5,15,5,10,20,10,10,7,21,0,3,31,10,10,1,3,3,12,10,10,10,3,9,6,13,13,10,10,6,18,5,9,23,10,10,6,18,0,4,28,10,10,1,3,4,13,9
B_RP_FR_US_F_U_U_G35T_T05,7,10,10,5,15,5,10,20,10,10,7,21,4,7,27,10,10,4,12,6,12,16,10,10,9,27,3,4,34,10,10,5,15,10,15,15,10,10,10,30,20,20,20,10,10,10,30,20,20,20
B_RP_FR_US_M_U_U_G35T_T05,7,10,10,5,15,7,12,18,10,10,10,30,20,20,20,10,10,10,30,20,20,20,10,10,10,30,20,20,20,10,10,8,24,4,6,30,10,10,7,21,5,8,26,10,10,3,9,7,14,12
B_RP_FR_U_U_ZH_M_G35T_T05,7,10,10,5,15,3,8,22,10,10,7,21,11,14,20,10,10,10,30,20,20,20,10,10,10,30,20,20,20,10,10,10,30,5,5,35,10,10,6,18,8,12,20,10,10,6,18,8,12,20
B_RP_FR_ZH_F_U_U_G35T_T05,7,10,10,5,15,5,10,20,10,10,3,9,6,13,13,10,10,8,24,4,6,30,10,10,5,15,10,15,15,10,10,5,15,10,15,15,10,10,7,21,4,7,27,10,10,0,0,0,10,10
B_RP_FR_FR_M_U_U_G35T_T05,7,10,10,5,15,5,10,20,10,10,8,24,6,8,28,10,10,9,27,2,3,35,10,10,2,6,6,14,10,10,10,8,24,4,6,30,10,10,5,15,10,15,15,10,10,9,27,5,6,32
B_RP_FR_ZH_M_ZH_M_G35T_T05,7,10,10,5,15,5,10,20,10,10,5,15,5,10,20,10,10,10,30,10,10,30,10,10,9,27,7,8,30,10,10,8,24,4,6,30,10,10,8,24,6,8,28,10,10,6,18,2,6,26
B_RP_FR_FR_F_U_U_G35T_T05,7,10,10,5,15,15,20,10,10,10,10,30,5,5,35,10,10,6,18,8,12,20,10,10,9,27,3,4,34,10,10,7,21,4,7,27,10,10,4,12,6,12,16,10,10,5,15,5,10,20
B_RP_FR_FR_M_ZH_M_G35T_T05,7,10,10,5,15,5,10,20,10,10,6,18,8,12,20,10,10,4,12,6,12,16,10,10,8,24,10,12,24,10,10,10,30,20,20,20,10,10,10,30,20,20,20,10,10,10,30,20,20,20
B_RP_FR_US_M_ZH_M_G35T_T05,7,10,10,5,15,5,10,20,10,10,8,24,4,6,30,10,10,5,15,10,15,15,10,10,10,30,20,20,20,10,10,10,30,20,20,20,10,10,10,30,20,20,20,10,10,10,30,10,10,30
B_RP_FR_ZH_F_ZH_M_G35T_T05,7,10,10,5,15,15,20,10,10,10,10,30,20,20,20,10,10,10,30,20,20,20,10,10,10,30,10,10,30,10,10,10,30,20,20,20,10,10,10,30,0,0,40,10,10,5,15,5,10,20
B_RP_FR_U_U_ZH_F_G35T_T05,7,10,10,5,15,10,15,15,10,10,10,30,20,20,20,10,10,10,30,30,30,10,10,10,10,30,20,20,20,10,10,10,30,20,20,20,10,10,10,30,20,20,20,10,10,8,24,4,6,30
B_RP_FR_US_F_ZH_M_G35T_T05,7,10,10,5,15,5,10,20,10,10,5,15,10,15,15,10,10,8,24,4,6,30,10,10,6,18,4,8,24,10,10,5,15,7,12,18,10,10,7,21,10,13,21,10,10,8,24,4,6,30
B_RP_FR_US_F_ZH_F_G35T_T05,7,10,10,5,15,10,15,15,10,10,10,30,20,20,20,10,10,10,30,10,10,30,10,10,8,24,10,12,24,10,10,10,30,20,20,20,10,10,10,30,0,0,40,10,10,2,6,6,14,10
B_RP_FR_ZH_M_ZH_F_G35T_T05,7,10,10,5,15,10,15,15,10,10,10,30,15,15,25,10,10,10,30,20,20,20,10,10,10,30,5,5,35,10,10,7,21,6,9,25,10,10,7,21,6,9,25,10,10,2,6,6,14,10
B_RP_FR_FR_F_ZH_M_G35T_T05,7,10,10,5,15,5,10,20,10,10,5,15,5,10,20,10,10,8,24,4,6,30,10,10,1,3,3,12,10,10,10,5,15,10,15,15,10,10,9,27,4,5,33,10,10,5,15,10,15,15
B_RP_FR_US_M_ZH_F_G35T_T05,7,10,10,5,15,5,10,20,10,10,4,12,6,12,16,10,10,10,30,0,0,40,10,10,1,3,4,13,9,10,10,8,24,4,6,30,10,10,9,27,8,9,29,10,10,4,12,6,12,16
B_RP_FR_ZH_F_ZH_F_G35T_T05,7,10,10,5,15,5,10,20,10,10,5,15,5,10,20,10,10,7,21,3,6,28,10,10,4,12,2,8,20,10,10,2,6,6,14,10,10,10,7,21,10,13,21,10,10,6,18,5,9,23
B_RP_FR_US_M_US_M_G35T_T05,7,10,10,5,15,5,10,20,10,10,6,18,8,12,20,10,10,9,27,7,8,30,10,10,6,18,0,4,28,10,10,2,6,4,12,12,10,10,5,15,8,13,17,10,10,7,21,3,6,28
B_RP_FR_FR_F_ZH_F_G35T_T05,7,10,10,5,15,5,10,20,10,10,5,15,15,20,10,10,10,10,30,20,20,20,10,10,10,30,20,20,20,10,10,10,30,10,10,30,10,10,9,27,7,8,30,10,10,5,15,5,10,20
B_RP_FR_FR_M_ZH_F_G35T_T05,7,10,10,5,15,5,10,20,10,10,6,18,8,12,20,10,10,7,21,10,13,21,10,10,7,21,10,13,21,10,10,6,18,6,10,22,10,10,4,12,2,8,20,10,10,0,0,0,10,10
B_RP_FR_ZH_M_US_M_G35T_T05,7,10,10,5,15,10,15,15,10,10,9,27,7,8,30,10,10,6,18,8,12,20,10,10,8,24,4,6,30,10,10,6,18,8,12,20,10,10,10,30,0,0,40,10,10,1,3,3,12,10
B_RP_FR_US_F_US_M_G35T_T05,7,10,10,5,15,10,15,15,10,10,8,24,4,6,30,10,10,0,0,0,10,10,10,10,0,0,0,10,10,10,10,0,0,0,10,10,10,10,0,0,0,10,10,10,10,0,0,0,10,10
B_RP_FR_U_U_US_M_G35T_T05,7,10,10,5,15,7,12,18,10,10,4,12,6,12,16,10,10,10,30,2,2,38,10,10,2,6,4,12,12,10,10,2,6,4,12,12,10,10,8,24,6,8,28,10,10,3,9,6,13,13
B_RP_FR_FR_M_US_M_G35T_T05,7,10,10,5,15,5,10,20,10,10,6,18,2,6,26,10,10,3,9,6,13,13,10,10,6,18,0,4,28,10,10,2,6,4,12,12,10,10,5,15,7,12,18,10,10,7,21,10,13,21
B_RP_FR_U_U_US_F_G35T_T05,7,10,10,5,15,10,15,15,10,10,10,30,20,20,20,10,10,10,30,20,20,20,10,10,10,30,20,20,20,10,10,10,30,20,20,20,10,10,10,30,10,10,30,10,10,3,9,9,16,10
B_RP_FR_ZH_F_US_M_G35T_T05,7,10,10,5,15,5,10,20,10,10,5,15,5,10,20,10,10,6,18,8,12,20,10,10,10,30,0,0,40,10,10,4,12,6,12,16,10,10,6,18,8,12,20,10,10,9,27,7,8,30
B_RP_FR_ZH_M_US_F_G35T_T05,7,10,10,5,15,10,15,15,10,10,10,30,0,0,40,10,10,2,6,6,14,10,10,10,7,21,5,8,26,10,10,3,9,4,11,15,10,10,4,12,8,14,14,10,10,8,24,10,12,24
B_RP_FR_FR_F_US_M_G35T_T05,7,10,10,5,15,5,10,20,10,10,6,18,8,12,20,10,10,8,24,3,5,31,10,10,5,15,7,12,18,10,10,6,18,8,12,20,10,10,10,30,20,20,20,10,10,10,30,20,20,20
B_RP_FR_FR_M_US_F_G35T_T05,7,10,10,5,15,5,10,20,10,10,6,18,8,12,20,10,10,5,15,2,7,23,10,10,3,9,0,7,19,10,10,2,6,6,14,10,10,10,3,9,5,12,14,10,10,2,6,4,12,12
B_RP_FR_US_M_US_F_G35T_T05,7,10,10,5,15,5,10,20,10,10,3,9,6,13,13,10,10,7,21,5,8,26,10,10,4,12,6,12,16,10,10,6,18,8,12,20,10,10,4,12,7,13,15,10,10,7,21,4,7,27
B_RP_FR_US_F_US_F_G35T_T05,7,10,10,5,15,5,10,20,10,10,1,3,3,12,10,10,10,5,15,10,15,15,10,10,9,27,7,8,30,10,10,9,27,10,11,27,10,10,9,27,17,18,20,10,10,8,24,10,12,24
B_RP_FR_ZH_F_US_F_G35T_T05,7,10,10,5,15,15,20,10,10,10,10,30,5,5,35,10,10,8,24,6,8,28,10,10,5,15,10,15,15,10,10,9,27,12,13,25,10,10,7,21,10,13,21,10,10,6,18,8,12,20
B_RP_FR_U_U_FR_M_G35T_T05,7,10,10,5,15,5,10,20,10,10,6,18,8,12,20,10,10,6,18,10,14,18,10,10,9,27,15,16,22,10,10,10,30,20,20,20,10,10,10,30,15,15,25,10,10,8,24,6,8,28
B_RP_FR_FR_F_US_F_G35T_T05,7,10,10,5,15,5,10,20,10,10,5,15,5,10,20,10,10,1,3,3,12,10,10,10,6,18,10,14,18,10,10,10,30,0,0,40,10,10,2,6,6,14,10,10,10,5,15,5,10,20
B_RP_FR_US_M_FR_M_G35T_T05,7,10,10,5,15,5,10,20,10,10,3,9,6,13,13,10,10,8,24,4,6,30,10,10,5,15,10,15,15,10,10,10,30,20,20,20,10,10,10,30,10,10,30,10,10,10,30,20,20,20
B_RP_FR_ZH_M_FR_M_G35T_T05,7,10,10,5,15,5,10,20,10,10,8,24,4,6,30,10,10,7,21,4,7,27,10,10,6,18,4,8,24,10,10,3,9,4,11,15,10,10,4,12,8,14,14,10,10,6,18,8,12,20
B_RP_FR_US_F_FR_M_G35T_T05,7,10,10,5,15,5,10,20,10,10,5,15,5,10,20,10,10,5,15,5,10,20,10,10,4,12,6,12,16,10,10,1,3,3,12,10,10,10,2,6,6,14,10,10,10,8,24,4,6,30
B_RP_FR_ZH_F_FR_M_G35T_T05,7,10,10,5,15,10,15,15,10,10,9,27,27,28,10,10,10,10,30,20,20,20,10,10,10,30,5,5,35,10,10,7,21,10,13,21,10,10,5,15,10,15,15,10,10,9,27,0,1,37
B_RP_FR_U_U_FR_F_G35T_T05,7,10,10,5,15,5,10,20,10,10,9,27,7,8,30,10,10,4,12,6,12,16,10,10,9,27,15,16,22,10,10,10,30,20,20,20,10,10,10,30,15,15,25,10,10,7,21,6,9,25
B_RP_FR_ZH_M_FR_F_G35T_T05,7,10,10,5,15,5,10,20,10,10,4,12,8,14,14,10,10,7,21,0,3,31,10,10,3,9,6,13,13,10,10,7,21,5,8,26,10,10,10,30,20,20,20,10,10,9,27,7,8,30
B_RP_FR_FR_F_FR_M_G35T_T05,7,10,10,5,15,5,10,20,10,10,7,21,10,13,21,10,10,6,18,7,11,21,10,10,7,21,10,13,21,10,10,7,21,10,13,21,10,10,6,18,8,12,20,10,10,5,15,5,10,20
B_RP_FR_US_F_FR_F_G35T_T05,7,10,10,5,15,10,15,15,10,10,5,15,5,10,20,10,10,7,21,10,13,21,10,10,9,27,0,1,37,10,10,1,3,3,12,10,10,10,8,24,4,6,30,10,10,2,6,4,12,12
B_RP_FR_FR_M_FR_M_G35T_T05,7,10,10,5,15,10,15,15,10,10,8,24,6,8,28,10,10,9,27,10,11,27,10,10,5,15,0,5,25,10,10,2,6,6,14,10,10,10,3,9,7,14,12,10,10,5,15,15,20,10
B_RP_FR_ZH_F_FR_F_G35T_T05,7,10,10,5,15,5,10,20,10,10,7,21,15,18,16,10,10,10,30,10,10,30,10,10,4,12,8,14,14,10,10,6,18,8,12,20,10,10,6,18,8,12,20,10,10,6,18,8,12,20
B_RP_FR_US_M_FR_F_G35T_T05,7,10,10,5,15,5,10,20,10,10,7,21,2,5,29,10,10,3,9,4,11,15,10,10,3,9,3,10,16,10,10,5,15,5,10,20,10,10,6,18,8,12,20,10,10,5,15,3,8,22
B_RP_FR_FR_F_FR_F_G35T_T05,7,10,10,5,15,8,13,17,10,10,6,18,10,14,18,10,10,9,27,15,16,22,10,10,10,30,20,20,20,10,10,9,27,7,8,30,10,10,5,15,3,8,22,10,10,4,12,6,12,16
B_RP_FR_FR_M_FR_F_G35T_T05,7,10,10,5,15,5,10,20,10,10,8,24,4,6,30,10,10,10,30,20,20,20,10,10,10,30,20,20,20,10,10,10,30,15,15,25,10,10,6,18,3,7,25,10,10,2,6,6,14,10
B_RP_FR_U_U_U_U_G35T_T05,7,10,10,8,24,4,6,30,10,10,7,21,3,6,28,10,10,3,9,3,10,16,10,10,4,12,5,11,17,10,10,8,24,10,12,24,10,10,9,27,10,11,27,10,10,6,18,2,6,26
B_RP_FR_ZH_M_U_U_G35T_T05,7,10,10,8,24,6,8,28,10,10,8,24,10,12,24,10,10,10,30,0,0,40,10,10,3,9,5,12,14,10,10,5,15,10,15,15,10,10,10,30,20,20,20,10,10,10,30,20,20,20
B_RP_FR_US_M_U_U_G35T_T05,7,10,10,8,24,6,8,28,10,10,7,21,4,7,27,10,10,2,6,0,8,16,10,10,5,15,10,15,15,10,10,5,15,10,15,15,10,10,10,30,20,20,20,10,10,5,15,5,10,20
B_RP_FR_US_F_U_U_G35T_T05,7,10,10,8,24,4,6,30,10,10,4,12,6,12,16,10,10,5,15,15,20,10,10,10,10,30,20,20,20,10,10,10,30,10,10,30,10,10,10,30,10,10,30,10,10,2,6,6,14,10
B_RP_FR_FR_F_U_U_G35T_T05,7,10,10,8,24,4,6,30,10,10,5,15,5,10,20,10,10,6,18,10,14,18,10,10,6,18,8,12,20,10,10,10,30,20,20,20,10,10,10,30,20,20,20,10,10,9,27,7,8,30
B_RP_FR_ZH_F_U_U_G35T_T05,7,10,10,8,24,6,8,28,10,10,8,24,6,8,28,10,10,5,15,15,20,10,10,10,10,30,20,20,20,10,10,10,30,10,10,30,10,10,10,30,20,20,20,10,10,10,30,20,20,20
B_RP_FR_U_U_ZH_M_G35T_T05,7,10,10,8,24,4,6,30,10,10,9,27,18,19,19,10,10,10,30,20,20,20,10,10,10,30,10,10,30,10,10,7,21,7,10,24,10,10,5,15,5,10,20,10,10,3,9,5,12,14
B_RP_FR_US_M_ZH_M_G35T_T05,7,10,10,8,24,4,6,30,10,10,4,12,6,12,16,10,10,9,27,7,8,30,10,10,6,18,4,8,24,10,10,4,12,6,12,16,10,10,5,15,10,15,15,10,10,6,18,8,12,20
B_RP_FR_FR_M_U_U_G35T_T05,7,10,10,8,24,4,6,30,10,10,5,15,8,13,17,10,10,6,18,15,19,13,10,10,10,30,20,20,20,10,10,10,30,20,20,20,10,10,10,30,10,10,30,10,10,3,9,5,12,14
B_RP_FR_ZH_M_ZH_M_G35T_T05,7,10,10,8,24,4,6,30,10,10,8,24,5,7,29,10,10,4,12,7,13,15,10,10,9,27,7,8,30,10,10,8,24,0,2,34,10,10,1,3,3,12,10,10,10,1,3,3,12,10
B_RP_FR_US_F_ZH_M_G35T_T05,7,10,10,8,24,6,8,28,10,10,7,21,10,13,21,10,10,6,18,10,14,18,10,10,3,9,7,14,12,10,10,10,30,20,20,20,10,10,10,30,15,15,25,10,10,8,24,4,6,30
B_RP_FR_FR_F_ZH_M_G35T_T05,7,10,10,8,24,4,6,30,10,10,5,15,5,10,20,10,10,6,18,8,12,20,10,10,7,21,14,17,17,10,10,10,30,20,20,20,10,10,10,30,20,20,20,10,10,9,27,7,8,30
B_RP_FR_ZH_F_ZH_M_G35T_T05,7,10,10,8,24,4,6,30,10,10,8,24,6,8,28,10,10,6,18,14,18,14,10,10,7,21,10,13,21,10,10,8,24,4,6,30,10,10,5,15,10,15,15,10,10,6,18,10,14,18
B_RP_FR_FR_M_ZH_M_G35T_T05,7,10,10,8,24,6,8,28,10,10,4,12,10,16,12,10,10,10,30,20,20,20,10,10,10,30,20,20,20,10,10,10,30,10,10,30,10,10,7,21,15,18,16,10,10,10,30,20,20,20
B_RP_FR_ZH_M_ZH_F_G35T_T05,7,10,10,8,24,4,6,30,10,10,4,12,7,13,15,10,10,6,18,8,12,20,10,10,5,15,7,12,18,10,10,5,15,10,15,15,10,10,9,27,5,6,32,10,10,3,9,7,14,12
B_RP_FR_U_U_ZH_F_G35T_T05,7,10,10,8,24,4,6,30,10,10,7,21,6,9,25,10,10,5,15,7,12,18,10,10,6,18,5,9,23,10,10,5,15,5,10,20,10,10,6,18,8,12,20,10,10,6,18,8,12,20
B_RP_FR_ZH_F_ZH_F_G35T_T05,7,10,10,8,24,4,6,30,10,10,10,30,0,0,40,10,10,6,18,8,12,20,10,10,4,12,8,14,14,10,10,8,24,4,6,30,10,10,6,18,8,12,20,10,10,7,21,3,6,28
B_RP_FR_US_M_ZH_F_G35T_T05,7,10,10,8,24,4,6,30,10,10,6,18,8,12,20,10,10,9,27,7,8,30,10,10,4,12,8,14,14,10,10,6,18,10,14,18,10,10,8,24,6,8,28,10,10,4,12,6,12,16
B_RP_FR_FR_M_ZH_F_G35T_T05,7,10,10,8,24,4,6,30,10,10,8,24,6,8,28,10,10,10,30,10,10,30,10,10,10,30,20,20,20,10,10,10,30,10,10,30,10,10,8,24,6,8,28,10,10,4,12,6,12,16
B_RP_FR_US_F_ZH_F_G35T_T05,7,10,10,8,24,4,6,30,10,10,7,21,10,13,21,10,10,8,24,4,6,30,10,10,7,21,10,13,21,10,10,3,9,5,12,14,10,10,2,6,6,14,10,10,10,6,18,8,12,20
B_RP_FR_FR_F_ZH_F_G35T_T05,7,10,10,8,24,4,6,30,10,10,3,9,5,12,14,10,10,5,15,7,12,18,10,10,4,12,7,13,15,10,10,8,24,5,7,29,10,10,5,15,10,15,15,10,10,9,27,5,6,32
B_RP_FR_U_U_US_M_G35T_T05,7,10,10,8,24,6,8,28,10,10,2,6,0,8,16,10,10,3,9,5,12,14,10,10,9,27,7,8,30,10,10,10,30,20,20,20,10,10,10,30,10,10,30,10,10,5,15,5,10,20
B_RP_FR_US_F_US_M_G35T_T05,7,10,10,8,24,4,6,30,10,10,5,15,5,10,20,10,10,4,12,6,12,16,10,10,8,24,6,8,28,10,10,4,12,6,12,16,10,10,4,12,6,12,16,10,10,5,15,15,20,10
B_RP_FR_ZH_M_US_M_G35T_T05,7,10,10,8,24,4,6,30,10,10,3,9,5,12,14,10,10,9,27,8,9,29,10,10,9,27,7,8,30,10,10,4,12,6,12,16,10,10,6,18,6,10,22,10,10,5,15,5,10,20
B_RP_FR_FR_M_US_M_G35T_T05,7,10,10,8,24,4,6,30,10,10,3,9,6,13,13,10,10,8,24,14,16,20,10,10,10,30,15,15,25,10,10,10,30,0,0,40,10,10,3,9,6,13,13,10,10,5,15,15,20,10
B_RP_FR_ZH_F_US_M_G35T_T05,7,10,10,8,24,4,6,30,10,10,5,15,9,14,16,10,10,10,30,10,10,30,10,10,7,21,10,13,21,10,10,7,21,6,9,25,10,10,4,12,6,12,16,10,10,5,15,0,5,25
B_RP_FR_ZH_M_US_F_G35T_T05,7,10,10,8,24,4,6,30,10,10,7,21,10,13,21,10,10,9,27,5,6,32,10,10,7,21,7,10,24,10,10,5,15,7,12,18,10,10,7,21,6,9,25,10,10,3,9,6,13,13
B_RP_FR_US_M_US_M_G35T_T05,7,10,10,8,24,4,6,30,10,10,2,6,6,14,10,10,10,10,30,20,20,20,10,10,10,30,20,20,20,10,10,10,30,20,20,20,10,10,10,30,20,20,20,10,10,10,30,20,20,20
B_RP_FR_FR_F_US_M_G35T_T05,7,10,10,8,24,6,8,28,10,10,4,12,10,16,12,10,10,10,30,20,20,20,10,10,10,30,20,20,20,10,10,10,30,20,20,20,10,10,10,30,20,20,20,10,10,10,30,0,0,40
B_RP_FR_US_M_US_F_G35T_T05,7,10,10,8,24,4,6,30,10,10,6,18,8,12,20,10,10,5,15,5,10,20,10,10,6,18,7,11,21,10,10,4,12,2,8,20,10,10,2,6,8,16,8,10,10,7,21,5,8,26
B_RP_FR_U_U_US_F_G35T_T05,7,10,10,8,24,4,6,30,10,10,7,21,8,11,23,10,10,6,18,10,14,18,10,10,9,27,10,11,27,10,10,7,21,15,18,16,10,10,9,27,3,4,34,10,10,4,12,10,16,12
B_RP_FR_FR_M_US_F_G35T_T05,7,10,10,8,24,0,2,34,10,10,1,3,3,12,10,10,10,3,9,5,12,14,10,10,5,15,7,12,18,10,10,6,18,2,6,26,10,10,1,3,3,12,10,10,10,4,12,6,12,16
B_RP_FR_FR_F_US_F_G35T_T05,7,10,10,8,24,6,8,28,10,10,4,12,6,12,16,10,10,8,24,6,8,28,10,10,6,18,8,12,20,10,10,7,21,4,7,27,10,10,6,18,10,14,18,10,10,4,12,6,12,16
B_RP_FR_ZH_F_US_F_G35T_T05,7,10,10,8,24,4,6,30,10,10,3,9,5,12,14,10,10,4,12,7,13,15,10,10,6,18,7,11,21,10,10,5,15,7,12,18,10,10,9,27,7,8,30,10,10,2,6,6,14,10
B_RP_FR_U_U_FR_M_G35T_T05,7,10,10,8,24,4,6,30,10,10,3,9,9,16,10,10,10,10,30,15,15,25,10,10,9,27,3,4,34,10,10,2,6,6,14,10,10,10,7,21,10,13,21,10,10,3,9,4,11,15
B_RP_FR_US_F_US_F_G35T_T05,7,10,10,8,24,4,6,30,10,10,3,9,5,12,14,10,10,7,21,8,11,23,10,10,10,30,20,20,20,10,10,10,30,10,10,30,10,10,8,24,4,6,30,10,10,4,12,2,8,20
B_RP_FR_ZH_F_FR_M_G35T_T05,7,10,10,8,24,4,6,30,10,10,7,21,5,8,26,10,10,6,18,8,12,20,10,10,8,24,10,12,24,10,10,9,27,7,8,30,10,10,2,6,6,14,10,10,10,5,15,15,20,10
B_RP_FR_US_M_FR_M_G35T_T05,7,10,10,8,24,4,6,30,10,10,9,27,13,14,24,10,10,8,24,10,12,24,10,10,7,21,10,13,21,10,10,6,18,10,14,18,10,10,8,24,10,12,24,10,10,7,21,5,8,26
B_RP_FR_FR_M_FR_M_G35T_T05,7,10,10,8,24,12,14,22,10,10,9,27,5,6,32,10,10,4,12,6,12,16,10,10,3,9,9,16,10,10,10,10,30,20,20,20,10,10,10,30,10,10,30,10,10,5,15,5,10,20
B_RP_FR_ZH_M_FR_M_G35T_T05,7,10,10,8,24,4,6,30,10,10,2,6,6,14,10,10,10,10,30,10,10,30,10,10,10,30,20,20,20,10,10,10,30,10,10,30,10,10,6,18,8,12,20,10,10,10,30,20,20,20
B_RP_FR_FR_F_FR_M_G35T_T05,7,10,10,8,24,4,6,30,10,10,8,24,6,8,28,10,10,2,6,6,14,10,10,10,8,24,12,14,22,10,10,10,30,20,20,20,10,10,10,30,20,20,20,10,10,7,21,15,18,16
B_RP_FR_US_F_FR_M_G35T_T05,7,10,10,8,24,4,6,30,10,10,2,6,6,14,10,10,10,6,18,12,16,16,10,10,9,27,10,11,27,10,10,10,30,20,20,20,10,10,10,30,0,0,40,10,10,2,6,4,12,12
B_RP_FR_US_F_FR_F_G35T_T05,7,10,10,8,24,6,8,28,10,10,2,6,6,14,10,10,10,6,18,8,12,20,10,10,8,24,6,8,28,10,10,5,15,10,15,15,10,10,10,30,10,10,30,10,10,6,18,8,12,20
B_RP_FR_ZH_M_FR_F_G35T_T05,7,10,10,8,24,4,6,30,10,10,1,3,3,12,10,10,10,7,21,5,8,26,10,10,2,6,6,14,10,10,10,6,18,10,14,18,10,10,10,30,20,20,20,10,10,10,30,20,20,20
B_RP_FR_U_U_FR_F_G35T_T05,7,10,10,8,24,6,8,28,10,10,2,6,4,12,12,10,10,9,27,3,4,34,10,10,1,3,4,13,9,10,10,8,24,10,12,24,10,10,6,18,10,14,18,10,10,7,21,5,8,26
B_RP_FR_ZH_F_FR_F_G35T_T05,7,10,10,8,24,10,12,24,10,10,5,15,10,15,15,10,10,5,15,10,15,15,10,10,8,24,4,6,30,10,10,3,9,5,12,14,10,10,5,15,8,13,17,10,10,7,21,10,13,21
B_RP_FR_US_M_FR_F_G35T_T05,7,10,10,8,24,4,6,30,10,10,5,15,10,15,15,10,10,10,30,20,20,20,10,10,10,30,20,20,20,10,10,10,30,30,30,10,10,10,10,30,20,20,20,10,10,10,30,20,20,20
B_RP_FR_FR_M_FR_F_G35T_T05,7,10,10,8,24,6,8,28,10,10,4,12,6,12,16,10,10,8,24,6,8,28,10,10,5,15,10,15,15,10,10,8,24,10,12,24,10,10,8,24,6,8,28,10,10,4,12,8,14,14
B_RP_FR_FR_F_FR_F_G35T_T05,7,10,10,8,24,4,6,30,10,10,4,12,6,12,16,10,10,4,12,8,14,14,10,10,9,27,10,11,27,10,10,9,27,10,11,27,10,10,5,15,10,15,15,10,10,3,9,5,12,14
B_RP_FR_U_U_U_U_G35T_T05,7,10,10,10,30,10,10,30,10,10,8,24,4,6,30,10,10,7,21,6,9,25,10,10,3,9,5,12,14,10,10,5,15,10,15,15,10,10,6,18,8,12,20,10,10,7,21,10,13,21
B_RP_FR_US_M_U_U_G35T_T05,7,10,10,10,30,0,0,40,10,10,5,15,5,10,20,10,10,5,15,5,10,20,10,10,4,12,2,8,20,10,10,3,9,9,16,10,10,10,7,21,4,7,27,10,10,1,3,3,12,10
B_RP_FR_ZH_M_U_U_G35T_T05,7,10,10,10,30,5,5,35,10,10,6,18,8,12,20,10,10,6,18,2,6,26,10,10,7,21,3,6,28,10,10,4,12,5,11,17,10,10,8,24,2,4,32,10,10,2,6,6,14,10
B_RP_FR_US_F_U_U_G35T_T05,7,10,10,10,30,20,20,20,10,10,10,30,10,10,30,10,10,8,24,6,8,28,10,10,4,12,6,12,16,10,10,5,15,5,10,20,10,10,7,21,3,6,28,10,10,0,0,0,10,10
B_RP_FR_FR_M_U_U_G35T_T05,7,10,10,10,30,10,10,30,10,10,7,21,4,7,27,10,10,4,12,6,12,16,10,10,6,18,7,11,21,10,10,9,27,10,11,27,10,10,7,21,3,6,28,10,10,2,6,5,13,11
B_RP_FR_U_U_ZH_M_G35T_T05,7,10,10,10,30,20,20,20,10,10,10,30,20,20,20,10,10,8,24,4,6,30,10,10,6,18,14,18,14,10,10,10,30,10,10,30,10,10,8,24,4,6,30,10,10,5,15,5,10,20
B_RP_FR_ZH_F_U_U_G35T_T05,7,10,10,10,30,10,10,30,10,10,2,6,6,14,10,10,10,7,21,10,13,21,10,10,7,21,5,8,26,10,10,6,18,8,12,20,10,10,9,27,7,8,30,10,10,4,12,6,12,16
B_RP_FR_FR_F_U_U_G35T_T05,7,10,10,10,30,20,20,20,10,10,10,30,10,10,30,10,10,6,18,8,12,20,10,10,8,24,6,8,28,10,10,7,21,10,13,21,10,10,5,15,15,20,10,10,10,9,27,7,8,30
B_RP_FR_US_M_ZH_M_G35T_T05,7,10,10,10,30,20,20,20,10,10,10,30,10,10,30,10,10,9,27,7,8,30,10,10,7,21,7,10,24,10,10,5,15,5,10,20,10,10,5,15,15,20,10,10,10,10,30,20,20,20
B_RP_FR_ZH_M_ZH_M_G35T_T05,7,10,10,10,30,15,15,25,10,10,7,21,11,14,20,10,10,7,21,6,9,25,10,10,4,12,7,13,15,10,10,5,15,10,15,15,10,10,9,27,6,7,31,10,10,3,9,5,12,14
B_RP_FR_ZH_F_ZH_M_G35T_T05,7,10,10,10,30,5,5,35,10,10,4,12,7,13,15,10,10,6,18,7,11,21,10,10,9,27,2,3,35,10,10,3,9,7,14,12,10,10,9,27,7,8,30,10,10,5,15,10,15,15
B_RP_FR_US_F_ZH_M_G35T_T05,7,10,10,10,30,10,10,30,10,10,10,30,20,20,20,10,10,10,30,20,20,20,10,10,10,30,20,20,20,10,10,10,30,20,20,20,10,10,10,30,10,10,30,10,10,7,21,4,7,27
B_RP_FR_FR_F_ZH_M_G35T_T05,7,10,10,10,30,0,0,40,10,10,5,15,5,10,20,10,10,4,12,6,12,16,10,10,6,18,8,12,20,10,10,8,24,10,12,24,10,10,7,21,10,13,21,10,10,7,21,10,13,21
B_RP_FR_ZH_M_ZH_F_G35T_T05,7,10,10,10,30,10,10,30,10,10,10,30,20,20,20,10,10,10,30,10,10,30,10,10,6,18,8,12,20,10,10,6,18,10,14,18,10,10,8,24,4,6,30,10,10,3,9,5,12,14
B_RP_FR_FR_M_ZH_M_G35T_T05,7,10,10,10,30,5,5,35,10,10,5,15,10,15,15,10,10,6,18,8,12,20,10,10,9,27,15,16,22,10,10,9,27,7,8,30,10,10,8,24,6,8,28,10,10,7,21,10,13,21
B_RP_FR_US_M_ZH_F_G35T_T05,7,10,10,10,30,20,20,20,10,10,10,30,20,20,20,10,10,10,30,20,20,20,10,10,10,30,20,20,20,10,10,10,30,15,15,25,10,10,8,24,4,6,30,10,10,3,9,4,11,15
B_RP_FR_U_U_ZH_F_G35T_T05,7,10,10,10,30,15,15,25,10,10,9,27,4,5,33,10,10,4,12,6,12,16,10,10,9,27,10,11,27,10,10,10,30,20,20,20,10,10,10,30,20,20,20,10,10,10,30,5,5,35
B_RP_FR_US_F_ZH_F_G35T_T05,7,10,10,10,30,10,10,30,10,10,9,27,3,4,34,10,10,6,18,5,9,23,10,10,7,21,5,8,26,10,10,7,21,10,13,21,10,10,7,21,5,8,26,10,10,7,21,6,9,25
B_RP_FR_ZH_F_ZH_F_G35T_T05,7,10,10,10,30,10,10,30,10,10,9,27,8,9,29,10,10,4,12,6,12,16,10,10,4,12,2,8,20,10,10,3,9,3,10,16,10,10,2,6,6,14,10,10,10,6,18,8,12,20
B_RP_FR_FR_M_ZH_F_G35T_T05,7,10,10,10,30,15,15,25,10,10,10,30,5,5,35,10,10,6,18,8,12,20,10,10,6,18,8,12,20,10,10,9,27,2,3,35,10,10,2,6,6,14,10,10,10,2,6,6,14,10
B_RP_FR_FR_F_ZH_F_G35T_T05,7,10,10,10,30,5,5,35,10,10,5,15,5,10,20,10,10,5,15,10,15,15,10,10,9,27,7,8,30,10,10,7,21,10,13,21,10,10,10,30,10,10,30,10,10,6,18,8,12,20
B_RP_FR_U_U_US_M_G35T_T05,7,10,10,10,30,5,5,35,10,10,3,9,4,11,15,10,10,6,18,8,12,20,10,10,7,21,5,8,26,10,10,8,24,4,6,30,10,10,1,3,3,12,10,10,10,4,12,8,14,14
B_RP_FR_ZH_M_US_M_G35T_T05,7,10,10,10,30,5,5,35,10,10,4,12,2,8,20,10,10,0,0,0,10,10,10,10,1,3,3,12,10,10,10,3,9,6,13,13,10,10,2,6,8,16,8,10,10,10,30,20,20,20
B_RP_FR_ZH_F_US_M_G35T_T05,7,10,10,10,30,10,10,30,10,10,10,30,20,20,20,10,10,10,30,20,20,20,10,10,8,24,4,6,30,10,10,7,21,5,8,26,10,10,6,18,8,12,20,10,10,4,12,6,12,16
B_RP_FR_US_M_US_M_G35T_T05,7,10,10,10,30,20,20,20,10,10,10,30,10,10,30,10,10,7,21,3,6,28,10,10,2,6,6,14,10,10,10,8,24,4,6,30,10,10,4,12,6,12,16,10,10,7,21,5,8,26
B_RP_FR_FR_M_US_M_G35T_T05,7,10,10,10,30,10,10,30,10,10,10,30,10,10,30,10,10,8,24,6,8,28,10,10,6,18,8,12,20,10,10,8,24,4,6,30,10,10,6,18,10,14,18,10,10,4,12,6,12,16
B_RP_FR_US_F_US_M_G35T_T05,7,10,10,10,30,5,5,35,10,10,7,21,10,13,21,10,10,5,15,0,5,25,10,10,4,12,2,8,20,10,10,1,3,3,12,10,10,10,7,21,10,13,21,10,10,7,21,8,11,23
B_RP_FR_FR_F_US_M_G35T_T05,7,10,10,10,30,5,5,35,10,10,6,18,8,12,20,10,10,8,24,4,6,30,10,10,7,21,10,13,21,10,10,7,21,10,13,21,10,10,9,27,0,1,37,10,10,2,6,6,14,10
B_RP_FR_U_U_US_F_G35T_T05,7,10,10,10,30,10,10,30,10,10,9,27,7,8,30,10,10,7,21,4,7,27,10,10,5,15,15,20,10,10,10,10,30,20,20,20,10,10,10,30,10,10,30,10,10,9,27,7,8,30
B_RP_FR_ZH_F_US_F_G35T_T05,7,10,10,10,30,10,10,30,10,10,6,18,6,10,22,10,10,9,27,7,8,30,10,10,4,12,6,12,16,10,10,3,9,9,16,10,10,10,7,21,0,3,31,10,10,0,0,0,10,10
B_RP_FR_ZH_M_US_F_G35T_T05,7,10,10,10,30,10,10,30,10,10,8,24,4,6,30,10,10,3,9,6,13,13,10,10,8,24,10,12,24,10,10,7,21,5,8,26,10,10,3,9,2,9,17,10,10,4,12,6,12,16
B_RP_FR_US_F_US_F_G35T_T05,7,10,10,10,30,5,5,35,10,10,8,24,4,6,30,10,10,6,18,2,6,26,10,10,3,9,6,13,13,10,10,5,15,10,15,15,10,10,10,30,20,20,20,10,10,10,30,20,20,20
B_RP_FR_FR_M_US_F_G35T_T05,7,10,10,10,30,5,5,35,10,10,3,9,6,13,13,10,10,4,12,6,12,16,10,10,8,24,4,6,30,10,10,9,27,5,6,32,10,10,6,18,5,9,23,10,10,4,12,7,13,15
B_RP_FR_FR_F_US_F_G35T_T05,7,10,10,10,30,0,0,40,10,10,3,9,6,13,13,10,10,7,21,10,13,21,10,10,10,30,20,20,20,10,10,8,24,4,6,30,10,10,4,12,8,14,14,10,10,10,30,20,20,20
B_RP_FR_US_M_US_F_G35T_T05,7,10,10,10,30,10,10,30,10,10,10,30,0,0,40,10,10,2,6,6,14,10,10,10,4,12,6,12,16,10,10,5,15,5,10,20,10,10,7,21,3,6,28,10,10,1,3,3,12,10
B_RP_FR_ZH_M_FR_M_G35T_T05,7,10,10,10,30,10,10,30,10,10,7,21,4,7,27,10,10,7,21,7,10,24,10,10,6,18,7,11,21,10,10,3,9,5,12,14,10,10,7,21,10,13,21,10,10,7,21,10,13,21
B_RP_FR_U_U_FR_M_G35T_T05,7,10,10,10,30,5,5,35,10,10,4,12,5,11,17,10,10,7,21,10,13,21,10,10,8,24,5,7,29,10,10,6,18,10,14,18,10,10,8,24,5,7,29,10,10,3,9,9,16,10
B_RP_FR_US_M_FR_M_G35T_T05,7,10,10,10,30,5,5,35,10,10,2,6,4,12,12,10,10,8,24,6,8,28,10,10,7,21,0,3,31,10,10,1,3,6,15,7,10,10,10,30,20,20,20,10,10,10,30,20,20,20
B_RP_FR_ZH_F_FR_M_G35T_T05,7,10,10,10,30,10,10,30,10,10,5,15,5,10,20,10,10,10,30,20,20,20,10,10,10,30,0,0,40,10,10,6,18,8,12,20,10,10,6,18,10,14,18,10,10,6,18,8,12,20
B_RP_FR_FR_M_FR_M_G35T_T05,7,10,10,10,30,10,10,30,10,10,10,30,10,10,30,10,10,4,12,6,12,16,10,10,3,9,9,16,10,10,10,10,30,0,0,40,10,10,4,12,8,14,14,10,10,6,18,8,12,20
B_RP_FR_FR_F_FR_M_G35T_T05,7,10,10,10,30,10,10,30,10,10,8,24,4,6,30,10,10,5,15,10,15,15,10,10,9,27,7,8,30,10,10,9,27,3,4,34,10,10,7,21,3,6,28,10,10,0,0,0,10,10
B_RP_FR_US_M_FR_F_G35T_T05,7,10,10,10,30,10,10,30,10,10,8,24,4,6,30,10,10,3,9,5,12,14,10,10,7,21,5,8,26,10,10,3,9,6,13,13,10,10,5,15,5,10,20,10,10,4,12,8,14,14
B_RP_FR_U_U_FR_F_G35T_T05,7,10,10,10,30,10,10,30,10,10,6,18,4,8,24,10,10,4,12,2,8,20,10,10,4,12,6,12,16,10,10,6,18,10,14,18,10,10,6,18,4,8,24,10,10,2,6,6,14,10
B_RP_FR_US_F_FR_M_G35T_T05,7,10,10,10,30,10,10,30,10,10,6,18,8,12,20,10,10,7,21,5,8,26,10,10,6,18,10,14,18,10,10,9,27,5,6,32,10,10,8,24,10,12,24,10,10,7,21,5,8,26
B_RP_FR_ZH_F_FR_F_G35T_T05,7,10,10,10,30,10,10,30,10,10,7,21,4,7,27,10,10,3,9,6,13,13,10,10,8,24,4,6,30,10,10,6,18,5,9,23,10,10,2,6,4,12,12,10,10,1,3,6,15,7
B_RP_FR_ZH_M_FR_F_G35T_T05,7,10,10,10,30,0,0,40,10,10,4,12,8,14,14,10,10,8,24,4,6,30,10,10,2,6,6,14,10,10,10,6,18,8,12,20,10,10,9,27,8,9,29,10,10,9,27,7,8,30
B_RP_FR_US_F_FR_F_G35T_T05,7,10,10,10,30,5,5,35,10,10,8,24,4,6,30,10,10,3,9,6,13,13,10,10,5,15,10,15,15,10,10,8,24,4,6,30,10,10,5,15,10,15,15,10,10,7,21,10,13,21
B_RP_FR_FR_M_FR_F_G35T_T05,7,10,10,10,30,5,5,35,10,10,5,15,5,10,20,10,10,5,15,5,10,20,10,10,4,12,5,11,17,10,10,7,21,10,13,21,10,10,9,27,7,8,30,10,10,6,18,10,14,18
B_RP_FR_FR_F_FR_F_G35T_T05,7,10,10,10,30,10,10,30,10,10,9,27,5,6,32,10,10,3,9,6,13,13,10,10,9,27,7,8,30,10,10,8,24,10,12,24,10,10,6,18,8,12,20,10,10,3,9,4,11,15
A_RP_FR_U_U_U_U_G35T_T07,7,10,10,4,12,1,7,21,10,10,3,9,0,7,19,10,10,2,6,2,10,14,10,10,5,15,3,8,22,10,10,6,18,3,7,25,10,10,2,6,1,9,15,10,10,1,3,0,9,13
A_RP_FR_U_U_US_M_G35T_T07,7,10,10,5,15,3,8,22,10,10,2,6,2,10,14,10,10,4,12,4,10,18,10,10,1,3,2,11,11,10,10,3,9,0,7,19,10,10,6,18,3,7,25,10,10,8,24,0,2,34
A_RP_FR_U_U_ZH_M_G35T_T07,7,10,10,5,15,2,7,23,10,10,3,9,0,7,19,10,10,4,12,3,9,19,10,10,6,18,2,6,26,10,10,7,21,2,5,29,10,10,1,3,1,10,12,10,10,8,24,1,3,33
A_RP_FR_U_U_US_F_G35T_T07,7,10,10,5,15,2,7,23,10,10,3,9,2,9,17,10,10,4,12,2,8,20,10,10,6,18,4,8,24,10,10,1,3,2,11,11,10,10,7,21,3,6,28,10,10,2,6,0,8,16
A_RP_FR_U_U_ZH_F_G35T_T07,7,10,10,5,15,2,7,23,10,10,8,24,2,4,32,10,10,3,9,0,7,19,10,10,7,21,2,5,29,10,10,6,18,1,5,27,10,10,4,12,2,8,20,10,10,5,15,0,5,25
A_RP_FR_U_U_FR_M_G35T_T07,7,10,10,5,15,2,7,23,10,10,4,12,2,8,20,10,10,3,9,2,9,17,10,10,2,6,1,9,15,10,10,1,3,1,10,12,10,10,3,9,1,8,18,10,10,5,15,0,5,25
A_RP_FR_ZH_M_U_U_G35T_T07,7,10,10,5,15,3,8,22,10,10,7,21,3,6,28,10,10,2,6,2,10,14,10,10,4,12,1,7,21,10,10,6,18,3,7,25,10,10,3,9,2,9,17,10,10,5,15,1,6,24
A_RP_FR_U_U_FR_F_G35T_T07,7,10,10,7,21,4,7,27,10,10,3,9,2,9,17,10,10,2,6,3,11,13,10,10,5,15,2,7,23,10,10,4,12,1,7,21,10,10,6,18,0,4,28,10,10,1,3,0,9,13
A_RP_FR_ZH_M_US_F_G35T_T07,7,10,10,6,18,2,6,26,10,10,3,9,3,10,16,10,10,4,12,2,8,20,10,10,5,15,4,9,21,10,10,1,3,1,10,12,10,10,2,6,0,8,16,10,10,8,24,2,4,32
A_RP_FR_ZH_M_ZH_M_G35T_T07,7,10,10,5,15,2,7,23,10,10,4,12,2,8,20,10,10,3,9,1,8,18,10,10,2,6,1,9,15,10,10,6,18,3,7,25,10,10,2,6,2,10,14,10,10,1,3,0,9,13
A_RP_FR_ZH_M_US_M_G35T_T07,7,10,10,5,15,3,8,22,10,10,7,21,3,6,28,10,10,4,12,3,9,19,10,10,6,18,3,7,25,10,10,8,24,1,3,33,10,10,2,6,3,11,13,10,10,1,3,0,9,13
A_RP_FR_ZH_M_ZH_F_G35T_T07,7,10,10,3,9,2,9,17,10,10,5,15,3,8,22,10,10,2,6,2,10,14,10,10,4,12,3,9,19,10,10,5,15,2,7,23,10,10,6,18,3,7,25,10,10,1,3,1,10,12
A_RP_FR_ZH_M_FR_F_G35T_T07,7,10,10,6,18,2,6,26,10,10,3,9,2,9,17,10,10,4,12,3,9,19,10,10,2,6,1,9,15,10,10,7,21,3,6,28,10,10,5,15,2,7,23,10,10,3,9,2,9,17
A_RP_FR_ZH_F_ZH_M_G35T_T07,7,10,10,7,21,2,5,29,10,10,3,9,2,9,17,10,10,4,12,1,7,21,10,10,5,15,1,6,24,10,10,6,18,1,5,27,10,10,4,12,1,7,21,10,10,2,6,0,8,16
A_RP_FR_ZH_M_FR_M_G35T_T07,7,10,10,5,15,2,7,23,10,10,4,12,2,8,20,10,10,3,9,1,8,18,10,10,7,21,2,5,29,10,10,6,18,1,5,27,10,10,2,6,1,9,15,10,10,0,0,0,10,10
A_RP_FR_ZH_F_ZH_F_G35T_T07,7,10,10,5,15,2,7,23,10,10,3,9,2,9,17,10,10,1,3,3,12,10,10,10,4,12,2,8,20,10,10,2,6,1,9,15,10,10,3,9,2,9,17,10,10,2,6,2,10,14
A_RP_FR_ZH_F_US_F_G35T_T07,7,10,10,7,21,2,5,29,10,10,3,9,3,10,16,10,10,5,15,3,8,22,10,10,2,6,2,10,14,10,10,4,12,3,9,19,10,10,3,9,2,9,17,10,10,3,9,0,7,19
A_RP_FR_ZH_F_U_U_G35T_T07,7,10,10,4,12,2,8,20,10,10,6,18,3,7,25,10,10,2,6,3,11,13,10,10,5,15,3,8,22,10,10,2,6,3,11,13,10,10,4,12,1,7,21,10,10,3,9,0,7,19
A_RP_FR_ZH_F_FR_M_G35T_T07,7,10,10,5,15,2,7,23,10,10,3,9,2,9,17,10,10,4,12,2,8,20,10,10,7,21,3,6,28,10,10,6,18,0,4,28,10,10,9,27,2,3,35,10,10,1,3,0,9,13
A_RP_FR_US_M_U_U_G35T_T07,7,10,10,5,15,2,7,23,10,10,3,9,2,9,17,10,10,3,9,2,9,17,10,10,2,6,3,11,13,10,10,4,12,0,6,22,10,10,3,9,3,10,16,10,10,1,3,0,9,13
A_RP_FR_ZH_F_FR_F_G35T_T07,7,10,10,8,24,3,5,31,10,10,5,15,1,6,24,10,10,2,6,2,10,14,10,10,5,15,1,6,24,10,10,7,21,3,6,28,10,10,4,12,2,8,20,10,10,3,9,0,7,19
A_RP_FR_US_M_ZH_F_G35T_T07,7,10,10,5,15,2,7,23,10,10,3,9,1,8,18,10,10,2,6,3,11,13,10,10,4,12,2,8,20,10,10,3,9,2,9,17,10,10,6,18,2,6,26,10,10,1,3,0,9,13
A_RP_FR_ZH_F_US_M_G35T_T07,7,10,10,4,12,1,7,21,10,10,6,18,1,5,27,10,10,2,6,3,11,13,10,10,5,15,1,6,24,10,10,3,9,2,9,17,10,10,7,21,3,6,28,10,10,1,3,0,9,13
A_RP_FR_US_M_ZH_M_G35T_T07,7,10,10,6,18,3,7,25,10,10,4,12,1,7,21,10,10,7,21,2,5,29,10,10,3,9,4,11,15,10,10,2,6,1,9,15,10,10,5,15,0,5,25,10,10,1,3,0,9,13
A_RP_FR_US_M_FR_M_G35T_T07,7,10,10,5,15,2,7,23,10,10,3,9,1,8,18,10,10,4,12,2,8,20,10,10,6,18,2,6,26,10,10,3,9,2,9,17,10,10,2,6,0,8,16,10,10,7,21,1,4,30
A_RP_FR_US_M_US_M_G35T_T07,7,10,10,5,15,2,7,23,10,10,3,9,3,10,16,10,10,4,12,3,9,19,10,10,2,6,1,9,15,10,10,6,18,2,6,26,10,10,8,24,4,6,30,10,10,1,3,0,9,13
A_RP_FR_US_M_FR_F_G35T_T07,7,10,10,5,15,3,8,22,10,10,4,12,1,7,21,10,10,2,6,1,9,15,10,10,6,18,2,6,26,10,10,7,21,2,5,29,10,10,3,9,1,8,18,10,10,8,24,1,3,33
A_RP_FR_US_M_US_F_G35T_T07,7,10,10,5,15,2,7,23,10,10,4,12,2,8,20,10,10,3,9,1,8,18,10,10,1,3,1,10,12,10,10,6,18,2,6,26,10,10,7,21,4,7,27,10,10,2,6,0,8,16
A_RP_FR_US_F_U_U_G35T_T07,7,10,10,5,15,3,8,22,10,10,2,6,2,10,14,10,10,4,12,1,7,21,10,10,3,9,3,10,16,10,10,2,6,3,11,13,10,10,3,9,2,9,17,10,10,6,18,0,4,28
A_RP_FR_US_F_ZH_M_G35T_T07,7,10,10,5,15,2,7,23,10,10,3,9,0,7,19,10,10,7,21,2,5,29,10,10,8,24,4,6,30,10,10,3,9,2,9,17,10,10,4,12,2,8,20,10,10,2,6,0,8,16
A_RP_FR_US_F_ZH_F_G35T_T07,7,10,10,4,12,2,8,20,10,10,3,9,2,9,17,10,10,5,15,1,6,24,10,10,2,6,3,11,13,10,10,6,18,2,6,26,10,10,4,12,2,8,20,10,10,5,15,0,5,25
A_RP_FR_US_F_US_M_G35T_T07,7,10,10,7,21,3,6,28,10,10,2,6,1,9,15,10,10,4,12,2,8,20,10,10,1,3,2,11,11,10,10,3,9,4,11,15,10,10,6,18,2,6,26,10,10,5,15,3,8,22
A_RP_FR_FR_M_ZH_M_G35T_T07,7,10,10,2,6,1,9,15,10,10,5,15,1,6,24,10,10,2,6,1,9,15,10,10,3,9,2,9,17,10,10,2,6,1,9,15,10,10,4,12,2,8,20,10,10,1,3,0,9,13
A_RP_FR_US_F_FR_M_G35T_T07,7,10,10,5,15,3,8,22,10,10,7,21,3,6,28,10,10,8,24,2,4,32,10,10,4,12,1,7,21,10,10,2,6,2,10,14,10,10,6,18,3,7,25,10,10,3,9,0,7,19
A_RP_FR_US_F_US_F_G35T_T07,7,10,10,5,15,2,7,23,10,10,3,9,2,9,17,10,10,2,6,2,10,14,10,10,4,12,2,8,20,10,10,3,9,0,7,19,10,10,6,18,2,6,26,10,10,1,3,0,9,13
A_RP_FR_US_F_FR_F_G35T_T07,7,10,10,4,12,4,10,18,10,10,6,18,2,6,26,10,10,8,24,2,4,32,10,10,2,6,2,10,14,10,10,5,15,3,8,22,10,10,3,9,1,8,18,10,10,1,3,0,9,13
A_RP_FR_FR_M_U_U_G35T_T07,7,10,10,8,24,2,4,32,10,10,3,9,1,8,18,10,10,5,15,3,8,22,10,10,2,6,3,11,13,10,10,4,12,2,8,20,10,10,6,18,3,7,25,10,10,1,3,2,11,11
A_RP_FR_FR_M_ZH_F_G35T_T07,7,10,10,5,15,2,7,23,10,10,3,9,2,9,17,10,10,4,12,2,8,20,10,10,6,18,4,8,24,10,10,3,9,1,8,18,10,10,7,21,3,6,28,10,10,1,3,0,9,13
A_RP_FR_FR_M_US_M_G35T_T07,7,10,10,5,15,2,7,23,10,10,3,9,1,8,18,10,10,4,12,1,7,21,10,10,1,3,2,11,11,10,10,2,6,1,9,15,10,10,3,9,2,9,17,10,10,3,9,1,8,18
A_RP_FR_FR_M_US_F_G35T_T07,7,10,10,3,9,1,8,18,10,10,4,12,2,8,20,10,10,1,3,1,10,12,10,10,5,15,2,7,23,10,10,2,6,2,10,14,10,10,7,21,2,5,29,10,10,6,18,0,4,28
A_RP_FR_FR_F_U_U_G35T_T07,7,10,10,5,15,2,7,23,10,10,4,12,2,8,20,10,10,3,9,3,10,16,10,10,2,6,2,10,14,10,10,1,3,2,11,11,10,10,6,18,1,5,27,10,10,4,12,0,6,22
A_RP_FR_FR_M_FR_M_G35T_T07,7,10,10,5,15,3,8,22,10,10,2,6,2,10,14,10,10,4,12,3,9,19,10,10,1,3,0,9,13,10,10,6,18,1,5,27,10,10,3,9,1,8,18,10,10,2,6,0,8,16
A_RP_FR_FR_F_ZH_M_G35T_T07,7,10,10,7,21,2,5,29,10,10,3,9,1,8,18,10,10,5,15,2,7,23,10,10,4,12,1,7,21,10,10,2,6,2,10,14,10,10,6,18,4,8,24,10,10,3,9,1,8,18
A_RP_FR_FR_F_US_M_G35T_T07,7,10,10,4,12,2,8,20,10,10,6,18,3,7,25,10,10,1,3,0,9,13,10,10,5,15,1,6,24,10,10,3,9,1,8,18,10,10,2,6,3,11,13,10,10,7,21,2,5,29
A_RP_FR_FR_M_FR_F_G35T_T07,7,10,10,4,12,3,9,19,10,10,6,18,3,7,25,10,10,2,6,3,11,13,10,10,5,15,3,8,22,10,10,4,12,2,8,20,10,10,3,9,1,8,18,10,10,7,21,1,4,30
A_RP_FR_FR_F_ZH_F_G35T_T07,7,10,10,5,15,2,7,23,10,10,3,9,2,9,17,10,10,4,12,1,7,21,10,10,6,18,0,4,28,10,10,2,6,1,9,15,10,10,9,27,2,3,35,10,10,1,3,1,10,12
A_RP_FR_FR_F_US_F_G35T_T07,7,10,10,5,15,3,8,22,10,10,2,6,2,10,14,10,10,4,12,2,8,20,10,10,3,9,4,11,15,10,10,1,3,2,11,11,10,10,6,18,1,5,27,10,10,0,0,2,12,8
A_RP_FR_FR_F_FR_F_G35T_T07,7,10,10,5,15,2,7,23,10,10,3,9,2,9,17,10,10,4,12,1,7,21,10,10,2,6,1,9,15,10,10,3,9,1,8,18,10,10,6,18,0,4,28,10,10,1,3,0,9,13
A_RP_FR_FR_F_FR_M_G35T_T07,7,10,10,3,9,1,8,18,10,10,6,18,2,6,26,10,10,5,15,1,6,24,10,10,4,12,3,9,19,10,10,2,6,1,9,15,10,10,7,21,1,4,30,10,10,8,24,2,4,32
B_RP_FR_U_U_U_U_G35T_T07,7,10,10,0,0,0,10,10,10,10,2,6,6,14,10,10,10,8,24,4,6,30,10,10,6,18,4,8,24,10,10,5,15,7,12,18,10,10,6,18,14,18,14,10,10,10,30,20,20,20
B_RP_FR_ZH_M_U_U_G35T_T07,7,10,10,0,0,0,10,10,10,10,2,6,5,13,11,10,10,5,15,0,5,25,10,10,3,9,6,13,13,10,10,8,24,4,6,30,10,10,9,27,10,11,27,10,10,6,18,5,9,23
B_RP_FR_US_M_U_U_G35T_T07,7,10,10,0,0,5,15,5,10,10,9,27,7,8,30,10,10,5,15,10,15,15,10,10,10,30,0,0,40,10,10,2,6,4,12,12,10,10,3,9,7,14,12,10,10,5,15,8,13,17
B_RP_FR_ZH_F_U_U_G35T_T07,7,10,10,0,0,5,15,5,10,10,9,27,18,19,19,10,10,10,30,20,20,20,10,10,10,30,0,0,40,10,10,0,0,0,10,10,10,10,3,9,9,16,10,10,10,7,21,12,15,19
B_RP_FR_US_F_U_U_G35T_T07,7,10,10,0,0,5,15,5,10,10,7,21,4,7,27,10,10,4,12,7,13,15,10,10,6,18,10,14,18,10,10,8,24,10,12,24,10,10,8,24,9,11,25,10,10,2,6,8,16,8
B_RP_FR_FR_M_U_U_G35T_T07,7,10,10,0,0,0,10,10,10,10,0,0,0,10,10,10,10,2,6,6,14,10,10,10,7,21,4,7,27,10,10,7,21,10,13,21,10,10,10,30,10,10,30,10,10,5,15,5,10,20
B_RP_FR_FR_F_U_U_G35T_T07,7,10,10,0,0,5,15,5,10,10,7,21,11,14,20,10,10,10,30,20,20,20,10,10,10,30,20,20,20,10,10,10,30,20,20,20,10,10,10,30,20,20,20,10,10,9,27,2,3,35
B_RP_FR_U_U_ZH_M_G35T_T07,7,10,10,0,0,5,15,5,10,10,8,24,15,17,19,10,10,6,18,8,12,20,10,10,7,21,10,13,21,10,10,10,30,10,10,30,10,10,7,21,7,10,24,10,10,3,9,6,13,13
B_RP_FR_ZH_M_ZH_M_G35T_T07,7,10,10,0,0,0,10,10,10,10,1,3,3,12,10,10,10,4,12,6,12,16,10,10,8,24,6,8,28,10,10,8,24,6,8,28,10,10,7,21,5,8,26,10,10,2,6,6,14,10
B_RP_FR_ZH_F_ZH_M_G35T_T07,7,10,10,0,0,0,10,10,10,10,1,3,3,12,10,10,10,7,21,10,13,21,10,10,6,18,4,8,24,10,10,7,21,7,10,24,10,10,8,24,17,19,17,10,10,10,30,20,20,20
B_RP_FR_US_M_ZH_M_G35T_T07,7,10,10,0,0,5,15,5,10,10,8,24,6,8,28,10,10,8,24,4,6,30,10,10,5,15,15,20,10,10,10,10,30,20,20,20,10,10,10,30,15,15,25,10,10,10,30,20,20,20
B_RP_FR_US_F_ZH_M_G35T_T07,7,10,10,0,0,0,10,10,10,10,2,6,6,14,10,10,10,6,18,2,6,26,10,10,7,21,3,6,28,10,10,3,9,5,12,14,10,10,5,15,10,15,15,10,10,6,18,8,12,20
B_RP_FR_FR_M_ZH_M_G35T_T07,7,10,10,0,0,5,15,5,10,10,9,27,12,13,25,10,10,8,24,6,8,28,10,10,5,15,10,15,15,10,10,7,21,10,13,21,10,10,9,27,8,9,29,10,10,4,12,2,8,20
B_RP_FR_ZH_M_ZH_F_G35T_T07,7,10,10,0,0,3,13,7,10,10,5,15,10,15,15,10,10,10,30,0,0,40,10,10,2,6,6,14,10,10,10,4,12,6,12,16,10,10,10,30,10,10,30,10,10,10,30,0,0,40
B_RP_FR_FR_F_ZH_M_G35T_T07,7,10,10,0,0,0,10,10,10,10,0,0,0,10,10,10,10,3,9,5,12,14,10,10,7,21,4,7,27,10,10,4,12,6,12,16,10,10,4,12,6,12,16,10,10,6,18,2,6,26
B_RP_FR_US_M_ZH_F_G35T_T07,7,10,10,0,0,0,10,10,10,10,0,0,0,10,10,10,10,0,0,0,10,10,10,10,0,0,5,15,5,10,10,8,24,4,6,30,10,10,3,9,9,16,10,10,10,8,24,2,4,32
B_RP_FR_U_U_ZH_F_G35T_T07,7,10,10,0,0,3,13,7,10,10,9,27,10,11,27,10,10,8,24,17,19,17,10,10,10,30,20,20,20,10,10,10,30,20,20,20,10,10,10,30,10,10,30,10,10,5,15,5,10,20
B_RP_FR_ZH_F_ZH_F_G35T_T07,7,10,10,0,0,0,10,10,10,10,1,3,3,12,10,10,10,6,18,5,9,23,10,10,7,21,10,13,21,10,10,8,24,17,19,17,10,10,10,30,10,10,30,10,10,7,21,4,7,27
B_RP_FR_FR_M_ZH_F_G35T_T07,7,10,10,0,0,0,10,10,10,10,6,18,12,16,16,10,10,10,30,20,20,20,10,10,10,30,0,0,40,10,10,5,15,10,15,15,10,10,9,27,7,8,30,10,10,4,12,8,14,14
B_RP_FR_US_F_ZH_F_G35T_T07,7,10,10,0,0,5,15,5,10,10,10,30,10,10,30,10,10,7,21,4,7,27,10,10,3,9,6,13,13,10,10,8,24,12,14,22,10,10,8,24,4,6,30,10,10,0,0,0,10,10
B_RP_FR_U_U_US_M_G35T_T07,7,10,10,0,0,5,15,5,10,10,8,24,5,7,29,10,10,8,24,12,14,22,10,10,7,21,6,9,25,10,10,7,21,10,13,21,10,10,8,24,10,12,24,10,10,6,18,3,7,25
B_RP_FR_ZH_M_US_M_G35T_T07,7,10,10,0,0,5,15,5,10,10,10,30,20,20,20,10,10,10,30,10,10,30,10,10,10,30,0,0,40,10,10,4,12,8,14,14,10,10,8,24,2,4,32,10,10,2,6,6,14,10
B_RP_FR_FR_F_ZH_F_G35T_T07,7,10,10,0,0,0,10,10,10,10,0,0,0,10,10,10,10,0,0,0,10,10,10,10,1,3,3,12,10,10,10,5,15,10,15,15,10,10,9,27,20,21,17,10,10,8,24,4,6,30
B_RP_FR_ZH_F_US_M_G35T_T07,7,10,10,0,0,0,10,10,10,10,3,9,6,13,13,10,10,6,18,9,13,19,10,10,8,24,4,6,30,10,10,7,21,24,27,7,10,10,10,30,0,0,40,10,10,2,6,4,12,12
B_RP_FR_US_M_US_M_G35T_T07,7,10,10,0,0,0,10,10,10,10,3,9,6,13,13,10,10,4,12,2,8,20,10,10,0,0,0,10,10,10,10,4,12,8,14,14,10,10,6,18,10,14,18,10,10,7,21,10,13,21
B_RP_FR_US_F_US_M_G35T_T07,7,10,10,0,0,5,15,5,10,10,10,30,10,10,30,10,10,10,30,10,10,30,10,10,10,30,10,10,30,10,10,8,24,9,11,25,10,10,9,27,8,9,29,10,10,5,15,15,20,10
B_RP_FR_FR_M_US_M_G35T_T07,7,10,10,0,0,5,15,5,10,10,10,30,5,5,35,10,10,6,18,10,14,18,10,10,7,21,10,13,21,10,10,10,30,15,15,25,10,10,6,18,5,9,23,10,10,3,9,6,13,13
B_RP_FR_ZH_M_US_F_G35T_T07,7,10,10,0,0,5,15,5,10,10,6,18,3,7,25,10,10,2,6,6,14,10,10,10,10,30,0,0,40,10,10,3,9,8,15,11,10,10,8,24,6,8,28,10,10,4,12,8,14,14
B_RP_FR_FR_F_US_M_G35T_T07,7,10,10,0,0,0,10,10,10,10,1,3,3,12,10,10,10,7,21,3,6,28,10,10,1,3,5,14,8,10,10,10,30,20,20,20,10,10,10,30,20,20,20,10,10,10,30,20,20,20
B_RP_FR_U_U_US_F_G35T_T07,7,10,10,0,0,5,15,5,10,10,7,21,10,13,21,10,10,9,27,25,26,12,10,10,10,30,20,20,20,10,10,10,30,10,10,30,10,10,7,21,7,10,24,10,10,8,24,4,6,30
B_RP_FR_ZH_F_US_F_G35T_T07,7,10,10,0,0,0,10,10,10,10,0,0,0,10,10,10,10,1,3,4,13,9,10,10,2,6,6,14,10,10,10,8,24,6,8,28,10,10,6,18,6,10,22,10,10,3,9,5,12,14
B_RP_FR_US_M_US_F_G35T_T07,7,10,10,0,0,0,10,10,10,10,1,3,3,12,10,10,10,5,15,8,13,17,10,10,5,15,7,12,18,10,10,3,9,6,13,13,10,10,10,30,10,10,30,10,10,4,12,6,12,16
B_RP_FR_FR_M_US_F_G35T_T07,7,10,10,0,0,0,10,10,10,10,2,6,6,14,10,10,10,7,21,10,13,21,10,10,8,24,4,6,30,10,10,4,12,2,8,20,10,10,3,9,2,9,17,10,10,1,3,7,16,6
B_RP_FR_FR_F_US_F_G35T_T07,7,10,10,0,0,5,15,5,10,10,10,30,5,5,35,10,10,5,15,10,15,15,10,10,8,24,8,10,26,10,10,7,21,7,10,24,10,10,8,24,2,4,32,10,10,7,21,10,13,21
B_RP_FR_US_F_US_F_G35T_T07,7,10,10,0,0,0,10,10,10,10,2,6,6,14,10,10,10,6,18,4,8,24,10,10,7,21,15,18,16,10,10,10,30,0,0,40,10,10,5,15,10,15,15,10,10,10,30,20,20,20
B_RP_FR_ZH_M_FR_M_G35T_T07,7,10,10,0,0,5,15,5,10,10,7,21,10,13,21,10,10,10,30,20,20,20,10,10,8,24,4,6,30,10,10,4,12,2,8,20,10,10,4,12,2,8,20,10,10,0,0,0,10,10
B_RP_FR_U_U_FR_M_G35T_T07,7,10,10,0,0,5,15,5,10,10,10,30,20,20,20,10,10,10,30,15,15,25,10,10,10,30,10,10,30,10,10,8,24,10,12,24,10,10,6,18,8,12,20,10,10,5,15,10,15,15
B_RP_FR_US_F_FR_M_G35T_T07,7,10,10,0,0,5,15,5,10,10,8,24,4,6,30,10,10,5,15,7,12,18,10,10,7,21,4,7,27,10,10,5,15,10,15,15,10,10,8,24,4,6,30,10,10,3,9,6,13,13
B_RP_FR_ZH_F_FR_M_G35T_T07,7,10,10,0,0,5,15,5,10,10,8,24,9,11,25,10,10,10,30,20,20,20,10,10,10,30,20,20,20,10,10,9,27,10,11,27,10,10,8,24,4,6,30,10,10,4,12,6,12,16
B_RP_FR_FR_M_FR_M_G35T_T07,7,10,10,0,0,0,10,10,10,10,0,0,0,10,10,10,10,1,3,3,12,10,10,10,2,6,4,12,12,10,10,4,12,5,11,17,10,10,8,24,10,12,24,10,10,6,18,8,12,20
B_RP_FR_US_M_FR_M_G35T_T07,7,10,10,0,0,5,15,5,10,10,9,27,2,3,35,10,10,4,12,8,14,14,10,10,3,9,7,14,12,10,10,7,21,16,19,15,10,10,10,30,15,15,25,10,10,10,30,15,15,25
B_RP_FR_FR_F_FR_M_G35T_T07,7,10,10,0,0,0,10,10,10,10,0,0,0,10,10,10,10,1,3,3,12,10,10,10,4,12,6,12,16,10,10,4,12,2,8,20,10,10,0,0,0,10,10,10,10,1,3,3,12,10
B_RP_FR_U_U_FR_F_G35T_T07,7,10,10,0,0,3,13,7,10,10,4,12,5,11,17,10,10,5,15,3,8,22,10,10,2,6,6,14,10,10,10,10,30,0,0,40,10,10,3,9,5,12,14,10,10,4,12,7,13,15
B_RP_FR_ZH_F_FR_F_G35T_T07,7,10,10,0,0,5,15,5,10,10,6,18,15,19,13,10,10,10,30,0,0,40,10,10,6,18,8,12,20,10,10,4,12,2,8,20,10,10,4,12,8,14,14,10,10,5,15,0,5,25
B_RP_FR_ZH_M_FR_F_G35T_T07,7,10,10,0,0,0,10,10,10,10,2,6,6,14,10,10,10,8,24,4,6,30,10,10,6,18,8,12,20,10,10,7,21,13,16,18,10,10,9,27,7,8,30,10,10,2,6,6,14,10
B_RP_FR_US_F_FR_F_G35T_T07,7,10,10,0,0,0,10,10,10,10,2,6,4,12,12,10,10,4,12,8,14,14,10,10,10,30,20,20,20,10,10,10,30,20,20,20,10,10,10,30,20,20,20,10,10,10,30,10,10,30
B_RP_FR_US_M_FR_F_G35T_T07,7,10,10,0,0,0,10,10,10,10,0,0,0,10,10,10,10,2,6,2,10,14,10,10,6,18,7,11,21,10,10,9,27,20,21,17,10,10,10,30,20,20,20,10,10,10,30,10,10,30
B_RP_FR_FR_M_FR_F_G35T_T07,7,10,10,0,0,5,15,5,10,10,9,27,7,8,30,10,10,5,15,8,13,17,10,10,10,30,20,20,20,10,10,9,27,7,8,30,10,10,6,18,8,12,20,10,10,4,12,8,14,14
B_RP_FR_FR_F_FR_F_G35T_T07,7,10,10,0,0,5,15,5,10,10,10,30,15,15,25,10,10,10,30,5,5,35,10,10,5,15,15,20,10,10,10,10,30,15,15,25,10,10,10,30,15,15,25,10,10,9,27,2,3,35
B_RP_FR_ZH_M_U_U_G35T_T07,7,10,10,2,6,3,11,13,10,10,10,30,10,10,30,10,10,5,15,15,20,10,10,10,10,30,10,10,30,10,10,5,15,5,10,20,10,10,8,24,6,8,28,10,10,3,9,7,14,12
B_RP_FR_ZH_F_U_U_G35T_T07,7,10,10,2,6,4,12,12,10,10,8,24,6,8,28,10,10,4,12,6,12,16,10,10,4,12,7,13,15,10,10,5,15,5,10,20,10,10,8,24,4,6,30,10,10,6,18,8,12,20
B_RP_FR_U_U_U_U_G35T_T07,7,10,10,2,6,6,14,10,10,10,10,30,10,10,30,10,10,7,21,13,16,18,10,10,9,27,7,8,30,10,10,5,15,7,12,18,10,10,9,27,7,8,30,10,10,4,12,6,12,16
B_RP_FR_FR_M_U_U_G35T_T07,7,10,10,2,6,8,16,8,10,10,9,27,0,1,37,10,10,3,9,6,13,13,10,10,8,24,6,8,28,10,10,5,15,5,10,20,10,10,3,9,7,14,12,10,10,6,18,0,4,28
B_RP_FR_US_M_U_U_G35T_T07,7,10,10,2,6,6,14,10,10,10,6,18,4,8,24,10,10,4,12,6,12,16,10,10,6,18,3,7,25,10,10,5,15,10,15,15,10,10,9,27,2,3,35,10,10,6,18,4,8,24
B_RP_FR_FR_F_U_U_G35T_T07,7,10,10,2,6,6,14,10,10,10,10,30,20,20,20,10,10,10,30,20,20,20,10,10,10,30,5,5,35,10,10,5,15,15,20,10,10,10,10,30,20,20,20,10,10,8,24,4,6,30
B_RP_FR_U_U_ZH_M_G35T_T07,7,10,10,2,6,4,12,12,10,10,3,9,9,16,10,10,10,9,27,2,3,35,10,10,1,3,4,13,9,10,10,7,21,4,7,27,10,10,8,24,4,6,30,10,10,5,15,0,5,25
B_RP_FR_ZH_F_ZH_M_G35T_T07,7,10,10,2,6,6,14,10,10,10,7,21,10,13,21,10,10,7,21,10,13,21,10,10,7,21,10,13,21,10,10,10,30,20,20,20,10,10,10,30,20,20,20,10,10,10,30,0,0,40
B_RP_FR_ZH_M_ZH_M_G35T_T07,7,10,10,2,6,3,11,13,10,10,7,21,5,8,26,10,10,4,12,4,10,18,10,10,5,15,10,15,15,10,10,8,24,6,8,28,10,10,1,3,5,14,8,10,10,7,21,7,10,24
B_RP_FR_US_F_U_U_G35T_T07,7,10,10,2,6,4,12,12,10,10,6,18,4,8,24,10,10,0,0,0,10,10,10,10,2,6,6,14,10,10,10,4,12,6,12,16,10,10,6,18,10,14,18,10,10,5,15,15,20,10
B_RP_FR_US_M_ZH_M_G35T_T07,7,10,10,2,6,6,14,10,10,10,7,21,4,7,27,10,10,5,15,10,15,15,10,10,10,30,15,15,25,10,10,7,21,3,6,28,10,10,4,12,8,14,14,10,10,1,3,5,14,8
B_RP_FR_FR_F_ZH_M_G35T_T07,7,10,10,2,6,6,14,10,10,10,6,18,8,12,20,10,10,8,24,0,2,34,10,10,6,18,5,9,23,10,10,6,18,4,8,24,10,10,7,21,12,15,19,10,10,4,12,5,11,17
B_RP_FR_US_F_ZH_M_G35T_T07,7,10,10,2,6,4,12,12,10,10,5,15,5,10,20,10,10,2,6,6,14,10,10,10,6,18,12,16,16,10,10,10,30,20,20,20,10,10,10,30,20,20,20,10,10,9,27,7,8,30
B_RP_FR_ZH_M_ZH_F_G35T_T07,7,10,10,2,6,4,12,12,10,10,8,24,2,4,32,10,10,1,3,3,12,10,10,10,4,12,6,12,16,10,10,5,15,7,12,18,10,10,7,21,5,8,26,10,10,3,9,4,11,15
B_RP_FR_FR_M_ZH_M_G35T_T07,7,10,10,2,6,6,14,10,10,10,5,15,5,10,20,10,10,6,18,10,14,18,10,10,5,15,5,10,20,10,10,8,24,4,6,30,10,10,7,21,10,13,21,10,10,6,18,8,12,20
B_RP_FR_U_U_ZH_F_G35T_T07,7,10,10,2,6,4,12,12,10,10,9,27,7,8,30,10,10,8,24,4,6,30,10,10,4,12,5,11,17,10,10,4,12,8,14,14,10,10,8,24,6,8,28,10,10,6,18,10,14,18
B_RP_FR_US_M_ZH_F_G35T_T07,7,10,10,2,6,4,12,12,10,10,3,9,9,16,10,10,10,9,27,7,8,30,10,10,6,18,14,18,14,10,10,9,27,10,11,27,10,10,8,24,24,26,10,10,10,10,30,15,15,25
B_RP_FR_ZH_F_ZH_F_G35T_T07,7,10,10,2,6,6,14,10,10,10,9,27,20,21,17,10,10,10,30,30,30,10,10,10,10,30,15,15,25,10,10,8,24,4,6,30,10,10,5,15,15,20,10,10,10,10,30,20,20,20
B_RP_FR_FR_M_ZH_F_G35T_T07,7,10,10,2,6,4,12,12,10,10,6,18,8,12,20,10,10,7,21,10,13,21,10,10,10,30,10,10,30,10,10,10,30,5,5,35,10,10,5,15,10,15,15,10,10,4,12,6,12,16
B_RP_FR_US_F_ZH_F_G35T_T07,7,10,10,2,6,6,14,10,10,10,9,27,27,28,10,10,10,10,30,0,0,40,10,10,4,12,8,14,14,10,10,8,24,11,13,23,10,10,6,18,8,12,20,10,10,5,15,5,10,20
B_RP_FR_U_U_US_M_G35T_T07,7,10,10,2,6,4,12,12,10,10,5,15,5,10,20,10,10,3,9,0,7,19,10,10,2,6,4,12,12,10,10,4,12,6,12,16,10,10,2,6,8,16,8,10,10,7,21,4,7,27
B_RP_FR_ZH_F_US_M_G35T_T07,7,10,10,2,6,5,13,11,10,10,5,15,10,15,15,10,10,6,18,4,8,24,10,10,6,18,4,8,24,10,10,3,9,7,14,12,10,10,9,27,7,8,30,10,10,8,24,10,12,24
B_RP_FR_FR_F_ZH_F_G35T_T07,7,10,10,2,6,2,10,14,10,10,1,3,0,9,13,10,10,1,3,0,9,13,10,10,0,0,5,15,5,10,10,10,30,20,20,20,10,10,10,30,20,20,20,10,10,10,30,10,10,30
B_RP_FR_ZH_M_US_M_G35T_T07,7,10,10,2,6,3,11,13,10,10,5,15,10,15,15,10,10,6,18,5,9,23,10,10,7,21,10,13,21,10,10,3,9,9,16,10,10,10,10,30,0,0,40,10,10,0,0,0,10,10
B_RP_FR_US_F_US_M_G35T_T07,7,10,10,2,6,6,14,10,10,10,10,30,0,0,40,10,10,4,12,8,14,14,10,10,8,24,4,6,30,10,10,7,21,3,6,28,10,10,6,18,12,16,16,10,10,6,18,8,12,20
B_RP_FR_US_M_US_M_G35T_T07,7,10,10,2,6,4,12,12,10,10,7,21,10,13,21,10,10,10,30,5,5,35,10,10,6,18,8,12,20,10,10,10,30,20,20,20,10,10,10,30,10,10,30,10,10,7,21,6,9,25
B_RP_FR_FR_M_US_M_G35T_T07,7,10,10,2,6,5,13,11,10,10,8,24,4,6,30,10,10,7,21,3,6,28,10,10,0,0,0,10,10,10,10,0,0,5,15,5,10,10,10,30,10,10,30,10,10,6,18,5,9,23
B_RP_FR_FR_F_US_M_G35T_T07,7,10,10,2,6,4,12,12,10,10,4,12,2,8,20,10,10,4,12,0,6,22,10,10,4,12,4,10,18,10,10,4,12,8,14,14,10,10,7,21,4,7,27,10,10,3,9,5,12,14
B_RP_FR_U_U_US_F_G35T_T07,7,10,10,2,6,6,14,10,10,10,3,9,5,12,14,10,10,5,15,5,10,20,10,10,5,15,7,12,18,10,10,10,30,10,10,30,10,10,6,18,8,12,20,10,10,5,15,10,15,15
B_RP_FR_ZH_M_US_F_G35T_T07,7,10,10,2,6,6,14,10,10,10,10,30,0,0,40,10,10,5,15,15,20,10,10,10,10,30,0,0,40,10,10,5,15,15,20,10,10,10,9,27,7,8,30,10,10,5,15,10,15,15
B_RP_FR_ZH_F_US_F_G35T_T07,7,10,10,2,6,5,13,11,10,10,6,18,10,14,18,10,10,10,30,20,20,20,10,10,10,30,10,10,30,10,10,9,27,10,11,27,10,10,8,24,0,2,34,10,10,1,3,3,12,10
B_RP_FR_US_F_US_F_G35T_T07,7,10,10,2,6,4,12,12,10,10,10,30,20,20,20,10,10,10,30,20,20,20,10,10,9,27,8,9,29,10,10,5,15,5,10,20,10,10,7,21,10,13,21,10,10,4,12,2,8,20
B_RP_FR_US_M_US_F_G35T_T07,7,10,10,2,6,6,14,10,10,10,10,30,10,10,30,10,10,9,27,20,21,17,10,10,10,30,20,20,20,10,10,9,27,7,8,30,10,10,5,15,7,12,18,10,10,9,27,5,6,32
B_RP_FR_FR_M_US_F_G35T_T07,7,10,10,2,6,6,14,10,10,10,8,24,4,6,30,10,10,5,15,15,20,10,10,10,10,30,20,20,20,10,10,10,30,20,20,20,10,10,10,30,20,20,20,10,10,9,27,7,8,30
B_RP_FR_ZH_M_FR_M_G35T_T07,7,10,10,2,6,4,12,12,10,10,5,15,5,10,20,10,10,7,21,10,13,21,10,10,7,21,0,3,31,10,10,5,15,0,5,25,10,10,4,12,5,11,17,10,10,7,21,10,13,21
B_RP_FR_U_U_FR_M_G35T_T07,7,10,10,2,6,4,12,12,10,10,6,18,20,24,8,10,10,10,30,0,0,40,10,10,6,18,14,18,14,10,10,10,30,0,0,40,10,10,2,6,6,14,10,10,10,10,30,30,30,10
B_RP_FR_FR_F_US_F_G35T_T07,7,10,10,2,6,6,14,10,10,10,8,24,4,6,30,10,10,2,6,4,12,12,10,10,5,15,10,15,15,10,10,9,27,0,1,37,10,10,2,6,6,14,10,10,10,3,9,5,12,14
B_RP_FR_US_F_FR_M_G35T_T07,7,10,10,2,6,6,14,10,10,10,10,30,0,0,40,10,10,6,18,8,12,20,10,10,6,18,10,14,18,10,10,10,30,0,0,40,10,10,1,3,3,12,10,10,10,1,3,7,16,6
B_RP_FR_ZH_F_FR_M_G35T_T07,7,10,10,2,6,3,11,13,10,10,4,12,6,12,16,10,10,4,12,7,13,15,10,10,6,18,8,12,20,10,10,7,21,10,13,21,10,10,10,30,20,20,20,10,10,10,30,25,25,15
B_RP_FR_US_M_FR_M_G35T_T07,7,10,10,2,6,4,12,12,10,10,10,30,10,10,30,10,10,8,24,6,8,28,10,10,7,21,20,23,11,10,10,10,30,0,0,40,10,10,4,12,16,22,6,10,10,10,30,0,0,40
B_RP_FR_FR_F_FR_M_G35T_T07,7,10,10,2,6,6,14,10,10,10,6,18,8,12,20,10,10,8,24,6,8,28,10,10,9,27,9,10,28,10,10,8,24,4,6,30,10,10,8,24,10,12,24,10,10,6,18,14,18,14
B_RP_FR_U_U_FR_F_G35T_T07,7,10,10,2,6,4,12,12,10,10,7,21,3,6,28,10,10,2,6,3,11,13,10,10,3,9,5,12,14,10,10,6,18,0,4,28,10,10,1,3,4,13,9,10,10,1,3,4,13,9
B_RP_FR_ZH_M_FR_F_G35T_T07,7,10,10,2,6,6,14,10,10,10,6,18,4,8,24,10,10,5,15,5,10,20,10,10,5,15,10,15,15,10,10,8,24,10,12,24,10,10,8,24,4,6,30,10,10,2,6,8,16,8
B_RP_FR_FR_M_FR_M_G35T_T07,7,10,10,2,6,4,12,12,10,10,4,12,6,12,16,10,10,4,12,8,14,14,10,10,7,21,2,5,29,10,10,5,15,10,15,15,10,10,9,27,8,9,29,10,10,6,18,8,12,20
B_RP_FR_FR_M_FR_F_G35T_T07,7,10,10,2,6,4,12,12,10,10,8,24,3,5,31,10,10,3,9,6,13,13,10,10,5,15,6,11,19,10,10,5,15,10,15,15,10,10,10,30,15,15,25,10,10,8,24,4,6,30
B_RP_FR_US_M_FR_F_G35T_T07,7,10,10,2,6,4,12,12,10,10,0,0,0,10,10,10,10,2,6,4,12,12,10,10,4,12,6,12,16,10,10,10,30,20,20,20,10,10,10,30,20,20,20,10,10,8,24,6,8,28
B_RP_FR_US_F_FR_F_G35T_T07,7,10,10,2,6,6,14,10,10,10,6,18,4,8,24,10,10,4,12,5,11,17,10,10,3,9,8,15,11,10,10,8,24,4,6,30,10,10,4,12,2,8,20,10,10,0,0,0,10,10
B_RP_FR_ZH_F_FR_F_G35T_T07,7,10,10,2,6,6,14,10,10,10,7,21,4,7,27,10,10,7,21,3,6,28,10,10,6,18,4,8,24,10,10,9,27,0,1,37,10,10,4,12,5,11,17,10,10,6,18,10,14,18
B_RP_FR_FR_F_FR_F_G35T_T07,7,10,10,2,6,4,12,12,10,10,6,18,9,13,19,10,10,6,18,7,11,21,10,10,6,18,8,12,20,10,10,8,24,5,7,29,10,10,0,0,0,10,10,10,10,0,0,0,10,10
B_RP_FR_ZH_M_U_U_G35T_T07,7,10,10,5,15,5,10,20,10,10,4,12,6,12,16,10,10,8,24,3,5,31,10,10,1,3,3,12,10,10,10,5,15,5,10,20,10,10,9,27,7,8,30,10,10,7,21,10,13,21
B_RP_FR_ZH_F_U_U_G35T_T07,7,10,10,5,15,5,10,20,10,10,3,9,2,9,17,10,10,5,15,8,13,17,10,10,8,24,4,6,30,10,10,5,15,10,15,15,10,10,7,21,7,10,24,10,10,2,6,4,12,12
B_RP_FR_U_U_U_U_G35T_T07,7,10,10,5,15,5,10,20,10,10,2,6,8,16,8,10,10,10,30,15,15,25,10,10,9,27,7,8,30,10,10,10,30,20,20,20,10,10,10,30,0,0,40,10,10,4,12,2,8,20
B_RP_FR_US_M_U_U_G35T_T07,7,10,10,5,15,5,10,20,10,10,7,21,10,13,21,10,10,10,30,20,20,20,10,10,10,30,15,15,25,10,10,10,30,5,5,35,10,10,4,12,8,14,14,10,10,6,18,8,12,20
B_RP_FR_FR_M_U_U_G35T_T07,7,10,10,5,15,5,10,20,10,10,5,15,5,10,20,10,10,7,21,4,7,27,10,10,5,15,10,15,15,10,10,7,21,10,13,21,10,10,5,15,5,10,20,10,10,6,18,10,14,18
B_RP_FR_U_U_ZH_M_G35T_T07,7,10,10,5,15,10,15,15,10,10,9,27,7,8,30,10,10,10,30,15,15,25,10,10,10,30,10,10,30,10,10,10,30,5,5,35,10,10,7,21,3,6,28,10,10,4,12,2,8,20
B_RP_FR_US_F_U_U_G35T_T07,7,10,10,5,15,5,10,20,10,10,6,18,8,12,20,10,10,9,27,7,8,30,10,10,4,12,6,12,16,10,10,4,12,5,11,17,10,10,7,21,3,6,28,10,10,5,15,15,20,10
B_RP_FR_ZH_M_ZH_M_G35T_T07,7,10,10,5,15,3,8,22,10,10,3,9,4,11,15,10,10,3,9,2,9,17,10,10,4,12,6,12,16,10,10,6,18,5,9,23,10,10,7,21,5,8,26,10,10,4,12,7,13,15
B_RP_FR_ZH_F_ZH_M_G35T_T07,7,10,10,5,15,5,10,20,10,10,8,24,12,14,22,10,10,9,27,4,5,33,10,10,6,18,10,14,18,10,10,10,30,0,0,40,10,10,5,15,5,10,20,10,10,1,3,3,12,10
B_RP_FR_FR_F_U_U_G35T_T07,7,10,10,5,15,10,15,15,10,10,7,21,6,9,25,10,10,8,24,4,6,30,10,10,3,9,9,16,10,10,10,10,30,10,10,30,10,10,8,24,4,6,30,10,10,6,18,4,8,24
B_RP_FR_US_F_ZH_M_G35T_T07,7,10,10,5,15,2,7,23,10,10,6,18,5,9,23,10,10,7,21,22,25,9,10,10,10,30,15,15,25,10,10,10,30,15,15,25,10,10,8,24,10,12,24,10,10,6,18,8,12,20
B_RP_FR_US_M_ZH_M_G35T_T07,7,10,10,5,15,5,10,20,10,10,6,18,8,12,20,10,10,6,18,6,10,22,10,10,6,18,8,12,20,10,10,7,21,7,10,24,10,10,8,24,6,8,28,10,10,5,15,0,5,25
B_RP_FR_FR_M_ZH_M_G35T_T07,7,10,10,5,15,5,10,20,10,10,2,6,6,14,10,10,10,5,15,10,15,15,10,10,8,24,4,6,30,10,10,5,15,5,10,20,10,10,6,18,8,12,20,10,10,7,21,5,8,26
B_RP_FR_FR_F_ZH_M_G35T_T07,7,10,10,5,15,15,20,10,10,10,10,30,0,0,40,10,10,0,0,5,15,5,10,10,8,24,4,6,30,10,10,1,3,6,15,7,10,10,6,18,8,12,20,10,10,6,18,10,14,18
B_RP_FR_U_U_ZH_F_G35T_T07,7,10,10,5,15,10,15,15,10,10,8,24,24,26,10,10,10,10,30,20,20,20,10,10,10,30,20,20,20,10,10,10,30,20,20,20,10,10,10,30,20,20,20,10,10,10,30,20,20,20
B_RP_FR_ZH_F_ZH_F_G35T_T07,7,10,10,5,15,5,10,20,10,10,7,21,10,13,21,10,10,10,30,20,20,20,10,10,9,27,7,8,30,10,10,4,12,6,12,16,10,10,6,18,10,14,18,10,10,10,30,10,10,30
B_RP_FR_US_M_ZH_F_G35T_T07,7,10,10,5,15,10,15,15,10,10,10,30,5,5,35,10,10,7,21,4,7,27,10,10,5,15,10,15,15,10,10,10,30,15,15,25,10,10,9,27,22,23,15,10,10,10,30,20,20,20
B_RP_FR_ZH_M_ZH_F_G35T_T07,7,10,10,5,15,5,10,20,10,10,6,18,7,11,21,10,10,9,27,20,21,17,10,10,10,30,15,15,25,10,10,10,30,10,10,30,10,10,7,21,5,8,26,10,10,7,21,0,3,31
B_RP_FR_U_U_US_M_G35T_T07,7,10,10,5,15,10,15,15,10,10,10,30,0,0,40,10,10,3,9,6,13,13,10,10,5,15,4,9,21,10,10,7,21,6,9,25,10,10,4,12,12,18,10,10,10,10,30,0,0,40
B_RP_FR_US_F_ZH_F_G35T_T07,7,10,10,5,15,5,10,20,10,10,7,21,10,13,21,10,10,10,30,20,20,20,10,10,10,30,10,10,30,10,10,9,27,7,8,30,10,10,6,18,8,12,20,10,10,7,21,10,13,21
B_RP_FR_FR_M_ZH_F_G35T_T07,7,10,10,5,15,5,10,20,10,10,8,24,7,9,27,10,10,6,18,8,12,20,10,10,8,24,16,18,18,10,10,10,30,20,20,20,10,10,9,27,7,8,30,10,10,4,12,8,14,14
B_RP_FR_ZH_F_US_M_G35T_T07,7,10,10,5,15,5,10,20,10,10,5,15,0,5,25,10,10,1,3,6,15,7,10,10,9,27,2,3,35,10,10,6,18,2,6,26,10,10,1,3,4,13,9,10,10,2,6,6,14,10
B_RP_FR_US_F_US_M_G35T_T07,7,10,10,5,15,5,10,20,10,10,4,12,8,14,14,10,10,7,21,10,13,21,10,10,6,18,4,8,24,10,10,9,27,8,9,29,10,10,4,12,10,16,12,10,10,9,27,8,9,29
B_RP_FR_FR_F_ZH_F_G35T_T07,7,10,10,5,15,5,10,20,10,10,8,24,6,8,28,10,10,5,15,10,15,15,10,10,8,24,4,6,30,10,10,3,9,4,11,15,10,10,6,18,10,14,18,10,10,10,30,0,0,40
B_RP_FR_ZH_M_US_M_G35T_T07,7,10,10,5,15,5,10,20,10,10,6,18,10,14,18,10,10,9,27,3,4,34,10,10,5,15,5,10,20,10,10,5,15,10,15,15,10,10,10,30,20,20,20,10,10,10,30,20,20,20
B_RP_FR_US_M_US_M_G35T_T07,7,10,10,5,15,7,12,18,10,10,9,27,3,4,34,10,10,5,15,15,20,10,10,10,10,30,20,20,20,10,10,10,30,10,10,30,10,10,10,30,0,0,40,10,10,3,9,9,16,10
B_RP_FR_U_U_US_F_G35T_T07,7,10,10,5,15,3,8,22,10,10,5,15,5,10,20,10,10,4,12,6,12,16,10,10,5,15,7,12,18,10,10,5,15,8,13,17,10,10,7,21,6,9,25,10,10,3,9,5,12,14
B_RP_FR_FR_M_US_M_G35T_T07,7,10,10,5,15,5,10,20,10,10,7,21,3,6,28,10,10,3,9,8,15,11,10,10,6,18,8,12,20,10,10,7,21,5,8,26,10,10,4,12,6,12,16,10,10,4,12,10,16,12
B_RP_FR_FR_F_US_M_G35T_T07,7,10,10,5,15,5,10,20,10,10,5,15,10,15,15,10,10,10,30,10,10,30,10,10,7,21,5,8,26,10,10,7,21,10,13,21,10,10,6,18,8,12,20,10,10,6,18,2,6,26
B_RP_FR_ZH_F_US_F_G35T_T07,7,10,10,5,15,5,10,20,10,10,9,27,7,8,30,10,10,7,21,3,6,28,10,10,4,12,8,14,14,10,10,6,18,5,9,23,10,10,6,18,4,8,24,10,10,0,0,0,10,10
B_RP_FR_US_F_US_F_G35T_T07,7,10,10,5,15,3,8,22,10,10,4,12,0,6,22,10,10,2,6,6,14,10,10,10,6,18,4,8,24,10,10,5,15,10,15,15,10,10,7,21,10,13,21,10,10,5,15,15,20,10
B_RP_FR_ZH_M_US_F_G35T_T07,7,10,10,5,15,5,10,20,10,10,4,12,7,13,15,10,10,9,27,2,3,35,10,10,2,6,7,15,9,10,10,10,30,10,10,30,10,10,9,27,10,11,27,10,10,6,18,9,13,19
B_RP_FR_FR_M_US_F_G35T_T07,7,10,10,5,15,5,10,20,10,10,5,15,10,15,15,10,10,10,30,5,5,35,10,10,3,9,4,11,15,10,10,1,3,6,15,7,10,10,10,30,20,20,20,10,10,6,18,8,12,20
B_RP_FR_US_M_US_F_G35T_T07,7,10,10,5,15,0,5,25,10,10,5,15,5,10,20,10,10,3,9,6,13,13,10,10,5,15,0,5,25,10,10,0,0,0,10,10,10,10,0,0,0,10,10,10,10,0,0,0,10,10
B_RP_FR_FR_F_US_F_G35T_T07,7,10,10,5,15,5,10,20,10,10,4,12,7,13,15,10,10,5,15,15,20,10,10,10,10,30,20,20,20,10,10,10,30,20,20,20,10,10,10,30,5,5,35,10,10,2,6,8,16,8
B_RP_FR_ZH_M_FR_M_G35T_T07,7,10,10,5,15,5,10,20,10,10,4,12,4,10,18,10,10,5,15,5,10,20,10,10,6,18,8,12,20,10,10,6,18,10,14,18,10,10,10,30,20,20,20,10,10,10,30,20,20,20
B_RP_FR_U_U_FR_M_G35T_T07,7,10,10,5,15,3,8,22,10,10,4,12,6,12,16,10,10,10,30,0,0,40,10,10,4,12,3,9,19,10,10,6,18,5,9,23,10,10,2,6,4,12,12,10,10,0,0,0,10,10
B_RP_FR_US_M_FR_M_G35T_T07,7,10,10,5,15,5,10,20,10,10,8,24,0,2,34,10,10,4,12,8,14,14,10,10,8,24,4,6,30,10,10,5,15,5,10,20,10,10,7,21,3,6,28,10,10,1,3,3,12,10
B_RP_FR_ZH_F_FR_M_G35T_T07,7,10,10,5,15,5,10,20,10,10,10,30,0,0,40,10,10,8,24,15,17,19,10,10,9,27,5,6,32,10,10,5,15,10,15,15,10,10,6,18,8,12,20,10,10,5,15,10,15,15
B_RP_FR_FR_F_FR_M_G35T_T07,7,10,10,5,15,5,10,20,10,10,2,6,6,14,10,10,10,10,30,20,20,20,10,10,9,27,7,8,30,10,10,8,24,4,6,30,10,10,5,15,15,20,10,10,10,7,21,5,8,26
B_RP_FR_ZH_M_FR_F_G35T_T07,7,10,10,5,15,5,10,20,10,10,6,18,6,10,22,10,10,6,18,8,12,20,10,10,6,18,0,4,28,10,10,1,3,6,15,7,10,10,8,24,7,9,27,10,10,4,12,10,16,12
B_RP_FR_US_F_FR_M_G35T_T07,7,10,10,5,15,5,10,20,10,10,2,6,6,14,10,10,10,7,21,4,7,27,10,10,7,21,4,7,27,10,10,2,6,6,14,10,10,10,10,30,10,10,30,10,10,6,18,0,4,28
B_RP_FR_FR_M_FR_M_G35T_T07,7,10,10,5,15,0,5,25,10,10,3,9,6,13,13,10,10,5,15,5,10,20,10,10,3,9,6,13,13,10,10,10,30,10,10,30,10,10,6,18,6,10,22,10,10,3,9,5,12,14
B_RP_FR_ZH_F_FR_F_G35T_T07,7,10,10,5,15,5,10,20,10,10,4,12,6,12,16,10,10,6,18,8,12,20,10,10,3,9,7,14,12,10,10,6,18,2,6,26,10,10,4,12,3,9,19,10,10,2,6,2,10,14
B_RP_FR_US_M_FR_F_G35T_T07,7,10,10,5,15,5,10,20,10,10,3,9,8,15,11,10,10,10,30,30,30,10,10,10,10,30,10,10,30,10,10,7,21,10,13,21,10,10,5,15,5,10,20,10,10,3,9,6,13,13
B_RP_FR_U_U_FR_F_G35T_T07,7,10,10,5,15,7,12,18,10,10,8,24,5,7,29,10,10,6,18,3,7,25,10,10,2,6,4,12,12,10,10,4,12,6,12,16,10,10,9,27,10,11,27,10,10,6,18,3,7,25
B_RP_FR_FR_F_FR_F_G35T_T07,7,10,10,5,15,5,10,20,10,10,8,24,10,12,24,10,10,6,18,7,11,21,10,10,8,24,4,6,30,10,10,5,15,10,15,15,10,10,10,30,0,0,40,10,10,5,15,5,10,20
B_RP_FR_FR_M_FR_F_G35T_T07,7,10,10,5,15,5,10,20,10,10,2,6,6,14,10,10,10,5,15,6,11,19,10,10,5,15,3,8,22,10,10,0,0,0,10,10,10,10,1,3,6,15,7,10,10,7,21,10,13,21
B_RP_FR_US_F_FR_F_G35T_T07,7,10,10,5,15,5,10,20,10,10,6,18,7,11,21,10,10,8,24,10,12,24,10,10,8,24,6,8,28,10,10,5,15,10,15,15,10,10,8,24,4,6,30,10,10,2,6,6,14,10
B_RP_FR_U_U_U_U_G35T_T07,7,10,10,8,24,6,8,28,10,10,4,12,10,16,12,10,10,9,27,3,4,34,10,10,6,18,4,8,24,10,10,2,6,8,16,8,10,10,10,30,10,10,30,10,10,6,18,10,14,18
B_RP_FR_US_M_U_U_G35T_T07,7,10,10,8,24,4,6,30,10,10,3,9,5,12,14,10,10,7,21,7,10,24,10,10,2,6,1,9,15,10,10,1,3,6,15,7,10,10,7,21,0,3,31,10,10,2,6,6,14,10
B_RP_FR_ZH_F_U_U_G35T_T07,7,10,10,8,24,4,6,30,10,10,2,6,2,10,14,10,10,2,6,6,14,10,10,10,9,27,4,5,33,10,10,5,15,7,12,18,10,10,5,15,5,10,20,10,10,4,12,8,14,14
B_RP_FR_ZH_M_U_U_G35T_T07,7,10,10,8,24,5,7,29,10,10,3,9,2,9,17,10,10,0,0,5,15,5,10,10,6,18,8,12,20,10,10,8,24,10,12,24,10,10,9,27,7,8,30,10,10,4,12,2,8,20
B_RP_FR_FR_M_U_U_G35T_T07,7,10,10,8,24,4,6,30,10,10,2,6,4,12,12,10,10,2,6,8,16,8,10,10,6,18,5,9,23,10,10,6,18,8,12,20,10,10,8,24,10,12,24,10,10,6,18,0,4,28
B_RP_FR_US_F_U_U_G35T_T07,7,10,10,8,24,6,8,28,10,10,7,21,10,13,21,10,10,7,21,15,18,16,10,10,10,30,20,20,20,10,10,9,27,6,7,31,10,10,3,9,0,7,19,10,10,1,3,7,16,6
B_RP_FR_U_U_ZH_M_G35T_T07,7,10,10,8,24,3,5,31,10,10,5,15,10,15,15,10,10,8,24,10,12,24,10,10,9,27,10,11,27,10,10,9,27,7,8,30,10,10,6,18,5,9,23,10,10,5,15,5,10,20
B_RP_FR_FR_F_U_U_G35T_T07,7,10,10,8,24,6,8,28,10,10,5,15,10,15,15,10,10,8,24,4,6,30,10,10,5,15,15,20,10,10,10,10,30,10,10,30,10,10,4,12,8,14,14,10,10,8,24,10,12,24
B_RP_FR_ZH_F_ZH_M_G35T_T07,7,10,10,8,24,6,8,28,10,10,4,12,8,14,14,10,10,8,24,4,6,30,10,10,6,18,10,14,18,10,10,8,24,6,8,28,10,10,8,24,6,8,28,10,10,3,9,10,17,9
B_RP_FR_ZH_M_ZH_M_G35T_T07,7,10,10,8,24,6,8,28,10,10,6,18,8,12,20,10,10,9,27,10,11,27,10,10,10,30,20,20,20,10,10,10,30,0,0,40,10,10,5,15,5,10,20,10,10,7,21,3,6,28
B_RP_FR_US_F_ZH_M_G35T_T07,7,10,10,8,24,4,6,30,10,10,7,21,14,17,17,10,10,10,30,20,20,20,10,10,10,30,20,20,20,10,10,10,30,20,20,20,10,10,10,30,10,10,30,10,10,5,15,15,20,10
B_RP_FR_FR_M_ZH_M_G35T_T07,7,10,10,8,24,6,8,28,10,10,7,21,10,13,21,10,10,8,24,4,6,30,10,10,9,27,8,9,29,10,10,7,21,3,6,28,10,10,4,12,2,8,20,10,10,2,6,6,14,10
B_RP_FR_ZH_M_ZH_F_G35T_T07,7,10,10,8,24,4,6,30,10,10,5,15,10,15,15,10,10,9,27,14,15,23,10,10,6,18,10,14,18,10,10,9,27,0,1,37,10,10,1,3,7,16,6,10,10,10,30,0,0,40
B_RP_FR_US_M_ZH_M_G35T_T07,7,10,10,8,24,4,6,30,10,10,4,12,0,6,22,10,10,1,3,3,12,10,10,10,4,12,6,12,16,10,10,6,18,2,6,26,10,10,4,12,5,11,17,10,10,8,24,10,12,24
B_RP_FR_FR_F_ZH_M_G35T_T07,7,10,10,8,24,4,6,30,10,10,5,15,12,17,13,10,10,10,30,2,2,38,10,10,7,21,5,8,26,10,10,7,21,6,9,25,10,10,7,21,10,13,21,10,10,6,18,10,14,18
B_RP_FR_U_U_ZH_F_G35T_T07,7,10,10,8,24,4,6,30,10,10,5,15,5,10,20,10,10,5,15,5,10,20,10,10,4,12,6,12,16,10,10,10,30,15,15,25,10,10,7,21,3,6,28,10,10,3,9,6,13,13
B_RP_FR_US_M_ZH_F_G35T_T07,7,10,10,8,24,4,6,30,10,10,3,9,5,12,14,10,10,4,12,6,12,16,10,10,8,24,10,12,24,10,10,10,30,20,20,20,10,10,10,30,10,10,30,10,10,4,12,2,8,20
B_RP_FR_ZH_F_ZH_F_G35T_T07,7,10,10,8,24,2,4,32,10,10,5,15,5,10,20,10,10,5,15,10,15,15,10,10,10,30,20,20,20,10,10,10,30,20,20,20,10,10,10,30,20,20,20,10,10,9,27,7,8,30
B_RP_FR_US_F_ZH_F_G35T_T07,7,10,10,8,24,4,6,30,10,10,5,15,8,13,17,10,10,5,15,7,12,18,10,10,5,15,8,13,17,10,10,7,21,5,8,26,10,10,4,12,10,16,12,10,10,4,12,0,6,22
B_RP_FR_FR_F_ZH_F_G35T_T07,7,10,10,8,24,4,6,30,10,10,6,18,8,12,20,10,10,8,24,15,17,19,10,10,10,30,5,5,35,10,10,5,15,10,15,15,10,10,10,30,20,20,20,10,10,10,30,20,20,20
B_RP_FR_FR_M_ZH_F_G35T_T07,7,10,10,8,24,12,14,22,10,10,6,18,7,11,21,10,10,5,15,0,5,25,10,10,5,15,10,15,15,10,10,9,27,5,6,32,10,10,3,9,7,14,12,10,10,7,21,4,7,27
B_RP_FR_U_U_US_M_G35T_T07,7,10,10,8,24,4,6,30,10,10,7,21,6,9,25,10,10,6,18,6,10,22,10,10,5,15,7,12,18,10,10,6,18,10,14,18,10,10,7,21,10,13,21,10,10,5,15,10,15,15
B_RP_FR_ZH_F_US_M_G35T_T07,7,10,10,8,24,4,6,30,10,10,9,27,6,7,31,10,10,7,21,7,10,24,10,10,9,27,10,11,27,10,10,10,30,5,5,35,10,10,4,12,0,6,22,10,10,2,6,6,14,10
B_RP_FR_FR_M_US_M_G35T_T07,7,10,10,8,24,10,12,24,10,10,9,27,7,8,30,10,10,8,24,17,19,17,10,10,9,27,10,11,27,10,10,10,30,20,20,20,10,10,10,30,5,5,35,10,10,2,6,6,14,10
B_RP_FR_ZH_M_US_M_G35T_T07,7,10,10,8,24,5,7,29,10,10,5,15,10,15,15,10,10,9,27,2,3,35,10,10,7,21,11,14,20,10,10,10,30,0,0,40,10,10,4,12,9,15,13,10,10,10,30,30,30,10
B_RP_FR_US_M_US_M_G35T_T07,7,10,10,8,24,4,6,30,10,10,6,18,8,12,20,10,10,9,27,10,11,27,10,10,10,30,20,20,20,10,10,10,30,0,0,40,10,10,0,0,0,10,10,10,10,1,3,3,12,10
B_RP_FR_US_F_US_M_G35T_T07,7,10,10,8,24,4,6,30,10,10,4,12,6,12,16,10,10,7,21,10,13,21,10,10,9,27,10,11,27,10,10,10,30,10,10,30,10,10,8,24,8,10,26,10,10,5,15,10,15,15
B_RP_FR_ZH_M_US_F_G35T_T07,7,10,10,8,24,4,6,30,10,10,7,21,0,3,31,10,10,4,12,6,12,16,10,10,10,30,10,10,30,10,10,10,30,20,20,20,10,10,10,30,15,15,25,10,10,8,24,6,8,28
B_RP_FR_FR_F_US_M_G35T_T07,7,10,10,8,24,4,6,30,10,10,6,18,2,6,26,10,10,5,15,10,15,15,10,10,10,30,20,20,20,10,10,10,30,20,20,20,10,10,10,30,0,0,40,10,10,2,6,0,8,16
B_RP_FR_U_U_US_F_G35T_T07,7,10,10,8,24,7,9,27,10,10,9,27,13,14,24,10,10,10,30,20,20,20,10,10,10,30,20,20,20,10,10,9,27,1,2,36,10,10,5,15,8,13,17,10,10,3,9,9,16,10
B_RP_FR_US_F_US_F_G35T_T07,7,10,10,8,24,6,8,28,10,10,8,24,4,6,30,10,10,9,27,3,4,34,10,10,4,12,6,12,16,10,10,10,30,20,20,20,10,10,10,30,20,20,20,10,10,9,27,5,6,32
B_RP_FR_ZH_F_US_F_G35T_T07,7,10,10,8,24,5,7,29,10,10,3,9,5,12,14,10,10,8,24,0,2,34,10,10,3,9,5,12,14,10,10,4,12,10,16,12,10,10,9,27,0,1,37,10,10,0,0,0,10,10
B_RP_FR_FR_F_US_F_G35T_T07,7,10,10,8,24,4,6,30,10,10,8,24,2,4,32,10,10,4,12,2,8,20,10,10,3,9,5,12,14,10,10,8,24,6,8,28,10,10,7,21,11,14,20,10,10,7,21,10,13,21
B_RP_FR_ZH_M_FR_M_G35T_T07,7,10,10,8,24,4,6,30,10,10,7,21,3,6,28,10,10,2,6,8,16,8,10,10,10,30,0,0,40,10,10,7,21,3,6,28,10,10,3,9,6,13,13,10,10,8,24,6,8,28
B_RP_FR_FR_M_US_F_G35T_T07,7,10,10,8,24,6,8,28,10,10,7,21,3,6,28,10,10,5,15,5,10,20,10,10,4,12,8,14,14,10,10,7,21,3,6,28,10,10,5,15,10,15,15,10,10,6,18,8,12,20
B_RP_FR_US_M_US_F_G35T_T07,7,10,10,8,24,6,8,28,10,10,8,24,4,6,30,10,10,7,21,7,10,24,10,10,10,30,10,10,30,10,10,6,18,4,8,24,10,10,7,21,6,9,25,10,10,3,9,0,7,19
B_RP_FR_U_U_FR_M_G35T_T07,7,10,10,8,24,3,5,31,10,10,2,6,4,12,12,10,10,3,9,1,8,18,10,10,0,0,6,16,4,10,10,10,30,20,20,20,10,10,10,30,20,20,20,10,10,10,30,0,0,40
B_RP_FR_FR_F_FR_M_G35T_T07,7,10,10,8,24,5,7,29,10,10,3,9,6,13,13,10,10,6,18,8,12,20,10,10,7,21,10,13,21,10,10,10,30,5,5,35,10,10,7,21,3,6,28,10,10,0,0,0,10,10
B_RP_FR_ZH_F_FR_M_G35T_T07,7,10,10,8,24,4,6,30,10,10,3,9,6,13,13,10,10,6,18,6,10,22,10,10,2,6,0,8,16,10,10,0,0,0,10,10,10,10,0,0,0,10,10,10,10,0,0,0,10,10
B_RP_FR_US_M_FR_M_G35T_T07,7,10,10,8,24,0,2,34,10,10,1,3,3,12,10,10,10,3,9,6,13,13,10,10,8,24,6,8,28,10,10,5,15,0,5,25,10,10,3,9,6,13,13,10,10,7,21,10,13,21
B_RP_FR_U_U_FR_F_G35T_T07,7,10,10,8,24,4,6,30,10,10,2,6,8,16,8,10,10,8,24,10,12,24,10,10,10,30,10,10,30,10,10,7,21,5,8,26,10,10,6,18,7,11,21,10,10,6,18,14,18,14
B_RP_FR_US_F_FR_M_G35T_T07,7,10,10,8,24,4,6,30,10,10,5,15,5,10,20,10,10,5,15,5,10,20,10,10,0,0,0,10,10,10,10,0,0,0,10,10,10,10,0,0,5,15,5,10,10,6,18,10,14,18
B_RP_FR_US_M_FR_F_G35T_T07,7,10,10,8,24,6,8,28,10,10,5,15,10,15,15,10,10,9,27,5,6,32,10,10,7,21,4,7,27,10,10,9,27,0,1,37,10,10,4,12,6,12,16,10,10,1,3,3,12,10
B_RP_FR_FR_M_FR_M_G35T_T07,7,10,10,8,24,4,6,30,10,10,6,18,10,14,18,10,10,10,30,20,20,20,10,10,10,30,5,5,35,10,10,5,15,0,5,25,10,10,0,0,0,10,10,10,10,0,0,0,10,10
B_RP_FR_ZH_M_FR_F_G35T_T07,7,10,10,8,24,4,6,30,10,10,5,15,15,20,10,10,10,10,30,5,5,35,10,10,4,12,6,12,16,10,10,9,27,7,8,30,10,10,5,15,5,10,20,10,10,3,9,9,16,10
B_RP_FR_ZH_F_FR_F_G35T_T07,7,10,10,8,24,4,6,30,10,10,6,18,8,12,20,10,10,6,18,0,4,28,10,10,4,12,8,14,14,10,10,6,18,8,12,20,10,10,10,30,20,20,20,10,10,9,27,12,13,25
B_RP_FR_FR_M_FR_F_G35T_T07,7,10,10,8,24,6,8,28,10,10,10,30,15,15,25,10,10,10,30,0,0,40,10,10,5,15,10,15,15,10,10,10,30,10,10,30,10,10,8,24,0,2,34,10,10,4,12,8,14,14
B_RP_FR_US_F_FR_F_G35T_T07,7,10,10,8,24,4,6,30,10,10,5,15,10,15,15,10,10,9,27,0,1,37,10,10,4,12,5,11,17,10,10,7,21,10,13,21,10,10,6,18,14,18,14,10,10,10,30,20,20,20
B_RP_FR_FR_F_FR_F_G35T_T07,7,10,10,8,24,7,9,27,10,10,6,18,8,12,20,10,10,6,18,8,12,20,10,10,8,24,6,8,28,10,10,4,12,6,12,16,10,10,5,15,0,5,25,10,10,0,0,5,15,5
B_RP_FR_U_U_U_U_G35T_T07,7,10,10,10,30,5,5,35,10,10,3,9,9,16,10,10,10,10,30,0,0,40,10,10,3,9,6,13,13,10,10,4,12,7,13,15,10,10,5,15,5,10,20,10,10,6,18,5,9,23
B_RP_FR_ZH_F_U_U_G35T_T07,7,10,10,10,30,0,0,40,10,10,2,6,2,10,14,10,10,2,6,4,12,12,10,10,6,18,8,12,20,10,10,6,18,8,12,20,10,10,10,30,5,5,35,10,10,2,6,4,12,12
B_RP_FR_US_F_U_U_G35T_T07,7,10,10,10,30,10,10,30,10,10,9,27,7,8,30,10,10,9,27,15,16,22,10,10,10,30,20,20,20,10,10,9,27,7,8,30,10,10,7,21,4,7,27,10,10,4,12,8,14,14
B_RP_FR_US_M_U_U_G35T_T07,7,10,10,10,30,0,0,40,10,10,5,15,0,5,25,10,10,4,12,3,9,19,10,10,6,18,5,9,23,10,10,1,3,6,15,7,10,10,10,30,20,20,20,10,10,10,30,10,10,30
B_RP_FR_ZH_M_U_U_G35T_T07,7,10,10,10,30,15,15,25,10,10,10,30,5,5,35,10,10,5,15,5,10,20,10,10,7,21,0,3,31,10,10,5,15,10,15,15,10,10,10,30,20,20,20,10,10,10,30,5,5,35
B_RP_FR_FR_M_U_U_G35T_T07,7,10,10,10,30,10,10,30,10,10,10,30,10,10,30,10,10,8,24,4,6,30,10,10,4,12,8,14,14,10,10,9,27,5,6,32,10,10,8,24,6,8,28,10,10,5,15,10,15,15
B_RP_FR_U_U_ZH_M_G35T_T07,7,10,10,10,30,20,20,20,10,10,10,30,0,0,40,10,10,2,6,6,14,10,10,10,8,24,10,12,24,10,10,8,24,6,8,28,10,10,8,24,6,8,28,10,10,3,9,0,7,19
B_RP_FR_FR_F_U_U_G35T_T07,7,10,10,10,30,5,5,35,10,10,10,30,5,5,35,10,10,4,12,8,14,14,10,10,10,30,10,10,30,10,10,8,24,6,8,28,10,10,8,24,6,8,28,10,10,6,18,2,6,26
B_RP_FR_ZH_F_ZH_M_G35T_T07,7,10,10,10,30,10,10,30,10,10,7,21,4,7,27,10,10,4,12,5,11,17,10,10,6,18,7,11,21,10,10,8,24,7,9,27,10,10,5,15,10,15,15,10,10,9,27,2,3,35
B_RP_FR_US_F_ZH_M_G35T_T07,7,10,10,10,30,5,5,35,10,10,3,9,6,13,13,10,10,5,15,8,13,17,10,10,9,27,2,3,35,10,10,3,9,5,12,14,10,10,5,15,15,20,10,10,10,10,30,20,20,20
B_RP_FR_FR_F_ZH_M_G35T_T07,7,10,10,10,30,5,5,35,10,10,8,24,4,6,30,10,10,9,27,15,16,22,10,10,10,30,20,20,20,10,10,10,30,15,15,25,10,10,10,30,15,15,25,10,10,10,30,20,20,20
B_RP_FR_ZH_M_ZH_M_G35T_T07,7,10,10,10,30,20,20,20,10,10,10,30,10,10,30,10,10,10,30,10,10,30,10,10,10,30,20,20,20,10,10,10,30,0,0,40,10,10,7,21,4,7,27,10,10,1,3,5,14,8
B_RP_FR_FR_M_ZH_M_G35T_T07,7,10,10,10,30,10,10,30,10,10,9,27,7,8,30,10,10,9,27,20,21,17,10,10,9,27,7,8,30,10,10,10,30,20,20,20,10,10,10,30,20,20,20,10,10,10,30,20,20,20
B_RP_FR_US_M_ZH_M_G35T_T07,7,10,10,10,30,20,20,20,10,10,10,30,10,10,30,10,10,8,24,4,6,30,10,10,6,18,8,12,20,10,10,7,21,3,6,28,10,10,5,15,5,10,20,10,10,8,24,4,6,30
B_RP_FR_U_U_ZH_F_G35T_T07,7,10,10,10,30,10,10,30,10,10,9,27,8,9,29,10,10,10,30,20,20,20,10,10,10,30,10,10,30,10,10,9,27,7,8,30,10,10,9,27,7,8,30,10,10,4,12,8,14,14
B_RP_FR_ZH_F_ZH_F_G35T_T07,7,10,10,10,30,10,10,30,10,10,6,18,8,12,20,10,10,8,24,6,8,28,10,10,5,15,7,12,18,10,10,7,21,10,13,21,10,10,10,30,0,0,40,10,10,2,6,4,12,12
B_RP_FR_ZH_M_ZH_F_G35T_T07,7,10,10,10,30,10,10,30,10,10,6,18,8,12,20,10,10,8,24,6,8,28,10,10,9,27,10,11,27,10,10,9,27,7,8,30,10,10,8,24,4,6,30,10,10,2,6,6,14,10
B_RP_FR_US_F_ZH_F_G35T_T07,7,10,10,10,30,5,5,35,10,10,3,9,8,15,11,10,10,10,30,20,20,20,10,10,10,30,5,5,35,10,10,5,15,10,15,15,10,10,10,30,20,20,20,10,10,10,30,20,20,20
B_RP_FR_US_M_ZH_F_G35T_T07,7,10,10,10,30,5,5,35,10,10,5,15,5,10,20,10,10,5,15,5,10,20,10,10,10,30,20,20,20,10,10,10,30,15,15,25,10,10,10,30,10,10,30,10,10,8,24,4,6,30
B_RP_FR_FR_M_ZH_F_G35T_T07,7,10,10,10,30,20,20,20,10,10,10,30,10,10,30,10,10,10,30,20,20,20,10,10,10,30,10,10,30,10,10,10,30,10,10,30,10,10,6,18,8,12,20,10,10,6,18,8,12,20
B_RP_FR_FR_F_ZH_F_G35T_T07,7,10,10,10,30,10,10,30,10,10,7,21,3,6,28,10,10,5,15,10,15,15,10,10,9,27,9,10,28,10,10,10,30,10,10,30,10,10,10,30,20,20,20,10,10,7,21,0,3,31
B_RP_FR_U_U_US_M_G35T_T07,7,10,10,10,30,10,10,30,10,10,9,27,5,6,32,10,10,3,9,6,13,13,10,10,7,21,3,6,28,10,10,4,12,6,12,16,10,10,1,3,7,16,6,10,10,9,27,8,9,29
B_RP_FR_ZH_M_US_M_G35T_T07,7,10,10,10,30,10,10,30,10,10,6,18,2,6,26,10,10,3,9,6,13,13,10,10,3,9,2,9,17,10,10,5,15,8,13,17,10,10,7,21,9,12,22,10,10,3,9,5,12,14
B_RP_FR_ZH_F_US_M_G35T_T07,7,10,10,10,30,5,5,35,10,10,4,12,7,13,15,10,10,9,27,7,8,30,10,10,6,18,7,11,21,10,10,5,15,8,13,17,10,10,5,15,10,15,15,10,10,6,18,8,12,20
B_RP_FR_US_M_US_M_G35T_T07,7,10,10,10,30,10,10,30,10,10,6,18,5,9,23,10,10,6,18,10,14,18,10,10,9,27,7,8,30,10,10,6,18,8,12,20,10,10,10,30,20,20,20,10,10,10,30,0,0,40
B_RP_FR_FR_M_US_M_G35T_T07,7,10,10,10,30,20,20,20,10,10,10,30,10,10,30,10,10,10,30,20,20,20,10,10,10,30,20,20,20,10,10,10,30,20,20,20,10,10,10,30,0,0,40,10,10,5,15,5,10,20
B_RP_FR_US_F_US_M_G35T_T07,7,10,10,10,30,10,10,30,10,10,7,21,5,8,26,10,10,6,18,9,13,19,10,10,8,24,8,10,26,10,10,8,24,6,8,28,10,10,7,21,6,9,25,10,10,5,15,15,20,10
B_RP_FR_U_U_US_F_G35T_T07,7,10,10,10,30,10,10,30,10,10,10,30,10,10,30,10,10,10,30,15,15,25,10,10,10,30,10,10,30,10,10,10,30,5,5,35,10,10,4,12,7,13,15,10,10,5,15,5,10,20
B_RP_FR_FR_F_US_M_G35T_T07,7,10,10,10,30,20,20,20,10,10,10,30,15,15,25,10,10,10,30,5,5,35,10,10,4,12,6,12,16,10,10,7,21,10,13,21,10,10,5,15,10,15,15,10,10,10,30,20,20,20
B_RP_FR_ZH_M_US_F_G35T_T07,7,10,10,10,30,15,15,25,10,10,10,30,10,10,30,10,10,10,30,20,20,20,10,10,10,30,5,5,35,10,10,2,6,4,12,12,10,10,6,18,8,12,20,10,10,8,24,12,14,22
B_RP_FR_US_F_US_F_G35T_T07,7,10,10,10,30,20,20,20,10,10,10,30,20,20,20,10,10,10,30,20,20,20,10,10,10,30,10,10,30,10,10,5,15,15,20,10,10,10,10,30,0,0,40,10,10,3,9,9,16,10
B_RP_FR_ZH_F_US_F_G35T_T07,7,10,10,10,30,10,10,30,10,10,6,18,5,9,23,10,10,3,9,5,12,14,10,10,6,18,8,12,20,10,10,10,30,10,10,30,10,10,7,21,6,9,25,10,10,6,18,8,12,20
B_RP_FR_US_M_US_F_G35T_T07,7,10,10,10,30,10,10,30,10,10,9,27,8,9,29,10,10,9,27,5,6,32,10,10,8,24,6,8,28,10,10,6,18,2,6,26,10,10,3,9,7,14,12,10,10,5,15,15,20,10
B_RP_FR_FR_F_US_F_G35T_T07,7,10,10,10,30,5,5,35,10,10,6,18,8,12,20,10,10,7,21,4,7,27,10,10,3,9,5,12,14,10,10,6,18,5,9,23,10,10,10,30,20,20,20,10,10,10,30,20,20,20
B_RP_FR_ZH_F_FR_M_G35T_T07,7,10,10,10,30,15,15,25,10,10,10,30,5,5,35,10,10,8,24,4,6,30,10,10,6,18,5,9,23,10,10,5,15,10,15,15,10,10,10,30,15,15,25,10,10,7,21,6,9,25
B_RP_FR_FR_M_US_F_G35T_T07,7,10,10,10,30,5,5,35,10,10,5,15,5,10,20,10,10,3,9,5,12,14,10,10,7,21,5,8,26,10,10,5,15,12,17,13,10,10,10,30,0,0,40,10,10,2,6,6,14,10
B_RP_FR_ZH_M_FR_M_G35T_T07,7,10,10,10,30,0,0,40,10,10,3,9,5,12,14,10,10,7,21,5,8,26,10,10,3,9,6,13,13,10,10,6,18,8,12,20,10,10,8,24,10,12,24,10,10,9,27,0,1,37
B_RP_FR_U_U_FR_M_G35T_T07,7,10,10,10,30,10,10,30,10,10,6,18,4,8,24,10,10,7,21,4,7,27,10,10,6,18,8,12,20,10,10,8,24,10,12,24,10,10,10,30,20,20,20,10,10,10,30,20,20,20
B_RP_FR_FR_M_FR_M_G35T_T07,7,10,10,10,30,20,20,20,10,10,10,30,20,20,20,10,10,10,30,20,20,20,10,10,9,27,7,8,30,10,10,7,21,3,6,28,10,10,4,12,10,16,12,10,10,4,12,5,11,17
B_RP_FR_U_U_FR_F_G35T_T07,7,10,10,10,30,5,5,35,10,10,8,24,4,6,30,10,10,6,18,3,7,25,10,10,3,9,4,11,15,10,10,8,24,1,3,33,10,10,3,9,4,11,15,10,10,0,0,0,10,10
B_RP_FR_US_M_FR_M_G35T_T07,7,10,10,10,30,20,20,20,10,10,9,27,7,8,30,10,10,10,30,7,7,33,10,10,7,21,10,13,21,10,10,10,30,20,20,20,10,10,10,30,15,15,25,10,10,10,30,10,10,30
B_RP_FR_US_F_FR_M_G35T_T07,7,10,10,10,30,20,20,20,10,10,10,30,0,0,40,10,10,1,3,3,12,10,10,10,3,9,6,13,13,10,10,6,18,8,12,20,10,10,8,24,10,12,24,10,10,7,21,10,13,21
B_RP_FR_FR_F_FR_M_G35T_T07,7,10,10,10,30,5,5,35,10,10,8,24,4,6,30,10,10,7,21,0,3,31,10,10,3,9,6,13,13,10,10,4,12,2,8,20,10,10,2,6,8,16,8,10,10,10,30,15,15,25
B_RP_FR_ZH_M_FR_F_G35T_T07,7,10,10,10,30,10,10,30,10,10,6,18,8,12,20,10,10,8,24,4,6,30,10,10,5,15,7,12,18,10,10,8,24,12,14,22,10,10,8,24,4,6,30,10,10,3,9,5,12,14
B_RP_FR_US_F_FR_F_G35T_T07,7,10,10,10,30,10,10,30,10,10,8,24,4,6,30,10,10,7,21,3,6,28,10,10,2,6,8,16,8,10,10,9,27,0,1,37,10,10,6,18,10,14,18,10,10,10,30,10,10,30
B_RP_FR_ZH_F_FR_F_G35T_T07,7,10,10,10,30,15,15,25,10,10,10,30,5,5,35,10,10,7,21,6,9,25,10,10,10,30,5,5,35,10,10,4,12,6,12,16,10,10,6,18,6,10,22,10,10,5,15,10,15,15
B_RP_FR_US_M_FR_F_G35T_T07,7,10,10,10,30,5,5,35,10,10,6,18,8,12,20,10,10,9,27,2,3,35,10,10,7,21,4,7,27,10,10,8,24,6,8,28,10,10,8,24,4,6,30,10,10,1,3,3,12,10
B_RP_FR_FR_M_FR_F_G35T_T07,7,10,10,10,30,10,10,30,10,10,10,30,10,10,30,10,10,7,21,6,9,25,10,10,7,21,3,6,28,10,10,5,15,15,20,10,10,10,9,27,10,11,27,10,10,6,18,2,6,26
B_RP_FR_FR_F_FR_F_G35T_T07,7,10,10,10,30,10,10,30,10,10,9,27,5,6,32,10,10,4,12,8,14,14,10,10,9,27,7,8,30,10,10,7,21,4,7,27,10,10,5,15,10,15,15,10,10,6,18,7,11,21
